id,name,current_party,current_district,current_chamber,given_name,family_name,gender,email,biography,birth_date,death_date,image,links,sources,capitol_address,capitol_voice,capitol_fax,district_address,district_voice,district_fax,twitter,youtube,instagram,facebook,wikidata
ocd-person/fd14f876-4b18-4101-8ad4-d45d8586683a,Adam C. Gray,Democratic,21,lower,Adam,Gray,Male,,,,,https://www.assembly.ca.gov/sites/assembly.ca.gov/files/memberphotos/gray.png,https://a21.asmdc.org;https://lcmspubcontact.lc.ca.gov/PublicLCMS/ContactPopup.php?district=AD21&inframe=N,http://assembly.ca.gov/assemblymembers;https://www.assembly.ca.gov/assemblymembers,,,,"1010 Tenth Street, Suite 5800, Modesto, CA 95354",209-521-2111,,,,,,
ocd-person/19c64d24-6578-4a4c-bf71-3f3ea51ce505,Adrin Nazarian,Democratic,46,lower,Adrin,Nazarian,Male,,,,,https://www.assembly.ca.gov/sites/assembly.ca.gov/files/memberphotos/AD46-Nazarian.jpg,https://a46.asmdc.org/;https://lcmspubcontact.lc.ca.gov/PublicLCMS/ContactPopup.php?district=AD46&inframe=N,http://assembly.ca.gov/assemblymembers;https://www.assembly.ca.gov/assemblymembers,,,,"6150 Van Nuys Boulevard, Suite 300, Van Nuys, CA 91401",818-376-4246,,,,,,
ocd-person/6c2a35d5-c04c-44d0-8bd9-92a625e2b525,"Akilah Weber, M.D.",Democratic,79,lower,Akilah,Weber,,na,,,,https://www.assembly.ca.gov/sites/assembly.ca.gov/files/memberphotos/ad79-weber.jpg,https://a79.asmdc.org/,https://a79.asmdc.org/;https://www.assembly.ca.gov/assemblymembers,,,,"1350 Front Street, Suite 6046, San Diego, CA 92101",619-531-7913,,,,,,
ocd-person/78610d0e-c790-4fc9-ab8e-0887adbbe063,Al Muratsuchi,Democratic,66,lower,Al,Muratsuchi,Male,,,,,https://www.assembly.ca.gov/sites/assembly.ca.gov/files/memberphotos/ad66.jpg,https://a66.asmdc.org/;https://lcmspubcontact.lc.ca.gov/PublicLCMS/ContactPopup.php?district=AD66&inframe=N,http://assembly.ca.gov/assemblymembers;https://www.assembly.ca.gov/assemblymembers,,,,"3424 West Carson Street, Suite 450, Torrance, CA 90503",310-375-0691,,,,,,
ocd-person/5d0057a2-e04d-44ca-b1d5-fc55e113351a,Alex Lee,Democratic,25,lower,Alex,Lee,,,,,,https://www.assembly.ca.gov/sites/assembly.ca.gov/files/memberphotos/lee-025.jpg,https://a25.asmdc.org/;https://lcmspubcontact.lc.ca.gov/PublicLCMS/ContactPopup.php?district=AD25&inframe=N,http://assembly.ca.gov/assemblymembers;https://www.assembly.ca.gov/assemblymembers,,,,"1313 North Milpitas Boulevard, Suite 255, Milpitas, CA 95035",408-262-2501,,,,,,
ocd-person/50ff89eb-0e1c-4ca4-90e5-e21c51cb7d94,Andreas Borgeas,Republican,8,upper,Andreas,Borgeas,Male,,,,,https://www.senate.ca.gov/sites/senate.ca.gov/files/senator_photos/official_portrait_cropped_borgeas_4623_llsed1_2.jpg,https://senate.ca.gov/sd08;https://lcmspubcontact.lc.ca.gov/PublicLCMS/ContactPopup.php?district=SD08&inframe=N,http://senate.ca.gov/senators;https://www.senate.ca.gov/senators,,,,"460 Sutter Hill Road, Suite C, Sutter Creek, CA 95685",209-267-5033,,,,,,
ocd-person/fe462917-df55-4a43-9fd8-970541544ca6,Anna M. Caballero,Democratic,12,upper,Anna,Caballero,Female,,,,,https://www.senate.ca.gov/sites/senate.ca.gov/files/senator_photos/2016-ad30_annacaballero.jpg,https://senate.ca.gov/sd12;https://lcmspubcontact.lc.ca.gov/PublicLCMS/ContactPopup.php?district=SD12&inframe=N,http://senate.ca.gov/senators;https://www.senate.ca.gov/senators,,,,"132 W. Gabilan Street, Suite 101, Salinas, CA 93901",831-769-8040,,,,,,
ocd-person/84f0dbbd-99dd-4ef2-9772-eb06047d847b,Anthony J. Portantino,Democratic,25,upper,Anthony,Portantino,Male,,,,,https://www.senate.ca.gov/sites/senate.ca.gov/files/senator_photos/portantino_0331_lscr.jpg,https://senate.ca.gov/sd25;https://lcmspubcontact.lc.ca.gov/PublicLCMS/ContactPopup.php?district=SD25&inframe=N,http://senate.ca.gov/senators;https://www.senate.ca.gov/senators,,,,"201 E. Bonita Avenue, San Dimas, CA 91773",909-599-7351,,,,,,
ocd-person/27c957dd-86a1-4bbe-9007-f4ebf931a795,Anthony Rendon,Democratic,63,lower,Anthony,Rendon,Male,,,,,https://www.assembly.ca.gov/sites/assembly.ca.gov/files/memberphotos/ad63-rendon_0.jpg,https://speaker.asmdc.org/;https://lcmspubcontact.lc.ca.gov/PublicLCMS/ContactPopup.php?district=AD63&inframe=N,http://assembly.ca.gov/assemblymembers;https://www.assembly.ca.gov/assemblymembers,,,,"4909 Lakewood Boulevard, Suite 400, Lakewood, CA 90712",562-529-3250,,,,,,
ocd-person/820619fd-d053-4915-b099-1d134a880228,Ash Kalra,Democratic,27,lower,Ash,Kalra,Male,,,,,https://www.assembly.ca.gov/sites/assembly.ca.gov/files/memberphotos/ad27_karla_roster150_20161205.jpg,https://a27.asmdc.org/;https://lcmspubcontact.lc.ca.gov/PublicLCMS/ContactPopup.php?district=AD27&inframe=N,http://assembly.ca.gov/assemblymembers;https://www.assembly.ca.gov/assemblymembers,,,,"100 Paseo De San Antonio, Suite 319, San Jose, CA 95113",408-277-1220,,,,,,
ocd-person/041e3c31-f9c0-4add-ae2e-f5c0a281fc27,Ben Hueso,Democratic,40,upper,Ben,Hueso,Male,,,,,https://www.senate.ca.gov/sites/senate.ca.gov/files/senator_photos/hueso-ben.jpg,https://senate.ca.gov/sd40;https://lcmspubcontact.lc.ca.gov/PublicLCMS/ContactPopup.php?district=SD40&inframe=N,http://senate.ca.gov/senators;https://www.senate.ca.gov/senators,,,,"1224 State Street, Suite D, El Centro, CA 92243",760-335-3442,,,,,,
ocd-person/e725b91e-1f7f-4510-a9cc-0b9a39d283c3,Benjamin Allen,Democratic,26,upper,Benjamin,Allen,Male,,,,,https://www.senate.ca.gov/sites/senate.ca.gov/files/senator_photos/allen_ben_d-26.jpg,https://senate.ca.gov/sd26;https://lcmspubcontact.lc.ca.gov/PublicLCMS/ContactPopup.php?district=SD26&inframe=N,http://senate.ca.gov/senators;https://www.senate.ca.gov/senators,,,,"2512 Artesia Blvd., Suite 320, Redondo Beach, CA 90278",310-318-6994,,,,,,
ocd-person/7ecd4221-a627-42dc-9029-bbc543ef3735,Bill Dodd,Democratic,3,upper,Bill,Dodd,Male,,,,,https://www.senate.ca.gov/sites/senate.ca.gov/files/senator_photos/sen_bill_dodd.jpg,https://senate.ca.gov/sd03;https://lcmspubcontact.lc.ca.gov/PublicLCMS/ContactPopup.php?district=SD03&inframe=N,http://senate.ca.gov/senators;https://www.senate.ca.gov/senators,,,,"50 D Street, Suite 300, Santa Rosa, CA 95404",707-576-2093,,,,,,
ocd-person/9ef08f26-f81d-433e-b055-841432a7d52c,Bill Quirk,Democratic,20,lower,Bill,Quirk,Male,,,,,https://www.assembly.ca.gov/sites/assembly.ca.gov/files/memberphotos/ad20.jpg,https://a20.asmdc.org;https://lcmspubcontact.lc.ca.gov/PublicLCMS/ContactPopup.php?district=AD20&inframe=N,http://assembly.ca.gov/assemblymembers;https://www.assembly.ca.gov/assemblymembers,,,,"22320 Foothill Boulevard, Suite 540, Hayward, CA 94541",510-583-8818,,,,,,
ocd-person/82cbb6e9-8486-44ec-8450-86d1e700f828,Blanca E. Rubio,Democratic,48,lower,Blanca,Rubio,Female,,,,,https://www.assembly.ca.gov/sites/assembly.ca.gov/files/memberphotos/rubio.jpg,https://a48.asmdc.org;https://lcmspubcontact.lc.ca.gov/PublicLCMS/ContactPopup.php?district=AD48&inframe=N,http://assembly.ca.gov/assemblymembers;https://www.assembly.ca.gov/assemblymembers,,,,"100 North Barranca Street, Suite 895, West Covina, CA 91791",626-960-4457,,,,,,
ocd-person/a76028df-5730-47b0-b617-1565621def41,Bob Archuleta,Democratic,32,upper,Bob,Archuleta,Male,,,,,https://www.senate.ca.gov/sites/senate.ca.gov/files/senator_photos/archuleta_bob.jpg,https://senate.ca.gov/sd32;https://lcmspubcontact.lc.ca.gov/PublicLCMS/ContactPopup.php?district=SD32&inframe=N,http://senate.ca.gov/senators;https://www.senate.ca.gov/senators,,,,"12501 Imperial Highway, Suite 110, Norwalk, CA 90650",562-406-1001,,,,,,
ocd-person/c4167cdb-2f4b-4fce-a106-e4d033b83651,Bob Wieckowski,Democratic,10,upper,Bob,Wieckowski,Male,,,,,https://www.senate.ca.gov/sites/senate.ca.gov/files/senator_photos/wieckowski_9781_lls.jpg,https://senate.ca.gov/sd10;https://lcmspubcontact.lc.ca.gov/PublicLCMS/ContactPopup.php?district=SD10&inframe=N,http://senate.ca.gov/senators;https://www.senate.ca.gov/senators,,,,"39510 Paseo Padre Parkway, Suite 280, Fremont, CA 94538",510-794-3900,,,,,,
ocd-person/91915f3b-c93f-4f55-a164-58b8c1587d6d,Brian Dahle,Republican,1,upper,Brian,Dahle,Male,,,,,https://www.senate.ca.gov/sites/senate.ca.gov/files/senator_photos/senator-dahle.jpg,https://senate.ca.gov/sd01;https://lcmspubcontact.lc.ca.gov/PublicLCMS/ContactPopup.php?district=SD01&inframe=N,http://senate.ca.gov/senators;https://www.senate.ca.gov/senators,,,,"11310 McCourtney Road, Unit E2/E3, Grass Valley, CA 95949",530-271-1022,,,,,,
ocd-person/4c0ad3f7-b949-4206-a550-99633351236c,Brian Maienschein,Democratic,77,lower,Brian,Maienschein,Male,,,,,https://www.assembly.ca.gov/sites/assembly.ca.gov/files/memberphotos/ad77-brian_maienschein_120x150.jpg,https://a77.asmdc.org/;https://lcmspubcontact.lc.ca.gov/PublicLCMS/ContactPopup.php?district=AD77&inframe=N,http://assembly.ca.gov/assemblymembers;https://www.assembly.ca.gov/assemblymembers,,,,"12396 World Trade Drive, Suite 118, San Diego, CA 92128",858-675-0077,,,,,,
ocd-person/ea5c3b3d-bbad-41f6-a912-69f60f1553a4,Brian W. Jones,Republican,38,upper,Brian,Jones,Male,,,,,https://www.senate.ca.gov/sites/senate.ca.gov/files/senator_photos/brian_jones_headshot_blue.jpg,https://senate.ca.gov/sd38;https://lcmspubcontact.lc.ca.gov/PublicLCMS/ContactPopup.php?district=SD38&inframe=N,http://senate.ca.gov/senators;https://www.senate.ca.gov/senators,,,,"720 N. Broadway, Suite 110, Escondido, CA 92025",760-796-4655,,,,,,
ocd-person/8230907e-9ae3-4ae9-b52a-c8464a157f64,Buffy Wicks,Democratic,15,lower,Buffy,Wicks,Female,,,,,https://www.assembly.ca.gov/sites/assembly.ca.gov/files/memberphotos/a15_b_wicks.jpg,https://a15.asmdc.org;https://lcmspubcontact.lc.ca.gov/PublicLCMS/ContactPopup.php?district=AD15&inframe=N,http://assembly.ca.gov/assemblymembers;https://www.assembly.ca.gov/assemblymembers,,,,"1515 Clay Street, Suite 2201, Oakland, CA 94612",510-286-1400,,,,,,
ocd-person/2ebacc3c-fd77-4289-b106-789f4e2c2f87,Carlos Villapudua,Democratic,13,lower,Carlos,Villapudua,,,,,,https://www.assembly.ca.gov/sites/assembly.ca.gov/files/memberphotos/villapudua-012-_1.jpg,https://a13.asmdc.org;https://lcmspubcontact.lc.ca.gov/PublicLCMS/ContactPopup.php?district=AD13&inframe=N,http://assembly.ca.gov/assemblymembers;https://www.assembly.ca.gov/assemblymembers,,,,"31 East Channel Street, Suite 306, Stockton, CA 95202",209-948-7479,,,,,,
ocd-person/434bcfb4-1279-40cc-916b-f89af5805a9c,Cecilia M. Aguiar-Curry,Democratic,4,lower,Cecilia,Aguiar-Curry,Female,,,,,https://www.assembly.ca.gov/sites/assembly.ca.gov/files/memberphotos/ad04_aguiar-curry_roster150_20161205.jpg,https://a04.asmdc.org/;https://lcmspubcontact.lc.ca.gov/PublicLCMS/ContactPopup.php?district=AD04&inframe=N,http://assembly.ca.gov/assemblymembers;https://www.assembly.ca.gov/assemblymembers,,,,"885 Lakeport Boulevard, Lakeport, CA 95453",,,,,,,
ocd-person/29f9b8cf-ac19-49d8-93c5-299f402532f9,Chad Mayes,Independent,42,lower,Chad,Mayes,Male,,,,,https://www.assembly.ca.gov/sites/assembly.ca.gov/files/memberphotos/Mayes_LDC_headshot.jpg,https://www.assembly.ca.gov/assemblymemberchadmayes;https://lcmspubcontact.lc.ca.gov/PublicLCMS/ContactPopup.php?district=AD42&inframe=N,http://assembly.ca.gov/assemblymembers;https://www.assembly.ca.gov/assemblymembers,,,,"41608 Indian Trail Road, Suite D-1, Rancho Mirage, CA 92270",760-346-6342,,,,,,
ocd-person/154c4712-4a1f-4a57-bd37-b75ee5bfbab5,Chris R. Holden,Democratic,41,lower,Chris,Holden,Male,,,,,https://www.assembly.ca.gov/sites/assembly.ca.gov/files/memberphotos/AD41-Holden.jpg,https://a41.asmdc.org/;https://lcmspubcontact.lc.ca.gov/PublicLCMS/ContactPopup.php?district=AD41&inframe=N,http://assembly.ca.gov/assemblymembers;https://www.assembly.ca.gov/assemblymembers,,,,"415 West Foothill Boulevard, Suite 124, Claremont, CA 91711",909-624-7876,,,,,,
ocd-person/71590420-10d6-4deb-8d59-453256d625b6,Christopher M. Ward,Democratic,78,lower,Christopher,Ward,,,,,,https://www.assembly.ca.gov/sites/assembly.ca.gov/files/memberphotos/ward-006.jpg,https://a78.asmdc.org/;https://lcmspubcontact.lc.ca.gov/PublicLCMS/ContactPopup.php?district=AD78&inframe=N,http://assembly.ca.gov/assemblymembers;https://www.assembly.ca.gov/assemblymembers,,,,"1350 Front Street, Suite 6054, San Diego, CA 92101",619-645-3090,,,,,,
ocd-person/c95294d8-1c22-4121-939d-f0f4c7c437f0,Connie M. Leyva,Democratic,20,upper,Connie,Leyva,Female,,,,,https://www.senate.ca.gov/sites/senate.ca.gov/files/senator_photos/senator-leyva.jpg,https://senate.ca.gov/sd20;https://lcmspubcontact.lc.ca.gov/PublicLCMS/ContactPopup.php?district=SD20&inframe=N,http://senate.ca.gov/senators;https://www.senate.ca.gov/senators,,,,"101 W. Mission Blvd., Suite 111, Pomona, CA 91766",909-469-1110,,,,,,
ocd-person/c766abf8-06ca-4a98-9665-82b87149ca96,Cottie Petrie-Norris,Democratic,74,lower,Cottie,Petrie-Norris,Female,,,,,https://www.assembly.ca.gov/sites/assembly.ca.gov/files/memberphotos/a74_c_p_norris.jpg,https://a74.asmdc.org/;https://lcmspubcontact.lc.ca.gov/PublicLCMS/ContactPopup.php?district=AD74&inframe=N,http://assembly.ca.gov/assemblymembers;https://www.assembly.ca.gov/assemblymembers,,,,"19712 MacArthur Boulevard, Suite 150, Irvine, CA 92612",949-251-0074,,,,,,
ocd-person/024ce6f2-cbc1-4331-9466-7b57e52cdb8c,Cristina Garcia,Democratic,58,lower,Cristina,Garcia,Female,,,,,https://www.assembly.ca.gov/sites/assembly.ca.gov/files/memberphotos/asm-c-garcia.jpg,https://a58.asmdc.org/;https://lcmspubcontact.lc.ca.gov/PublicLCMS/ContactPopup.php?district=AD58&inframe=N,http://assembly.ca.gov/assemblymembers;https://www.assembly.ca.gov/assemblymembers,,,,"8255 Firestone Boulevard, Suite 203, Downey, CA 90241",562-861-5803,,,,,,
ocd-person/0fa65d2c-6020-4586-a6f1-5dfd41db38ff,Dave Cortese,Democratic,15,upper,Dave,Cortese,,,,,,https://www.senate.ca.gov/sites/senate.ca.gov/files/senator_photos/sd15_cortese_0.jpg,https://senate.ca.gov/sd15;https://lcmspubcontact.lc.ca.gov/PublicLCMS/ContactPopup.php?district=SD15&inframe=N,http://senate.ca.gov/senators;https://www.senate.ca.gov/senators,,,,"100 Paseo de San Antonio, Suite 209, San Jose, CA 95113",408-286-8318,,,,,,
ocd-person/393d31b9-3336-4e2a-b397-fe12898052c2,Dave Min,Democratic,37,upper,Dave,Min,,,,,,https://www.senate.ca.gov/sites/senate.ca.gov/files/senator_photos/sd37_min.jpg,https://senate.ca.gov/sd37;https://lcmspubcontact.lc.ca.gov/PublicLCMS/ContactPopup.php?district=SD37&inframe=N,http://senate.ca.gov/senators;https://www.senate.ca.gov/senators,,,,"2151 Michelson Drive, Suite 258, Irvine, CA 92612",949-223-5472,,,,,,
ocd-person/52f6ccc1-eb4a-4c09-8614-5e4022395605,David Alvarez,Democratic,80,lower,David,Alvarez,,,,,,https://www.assembly.ca.gov/sites/assembly.ca.gov/files/memberphotos/ad80_alvarez.jpg,https://a80.asmdc.org/,https://www.assembly.ca.gov/assemblymembers,,,,"1350 Front Street, Suite 6022, San Diego, CA 92101",619-338-8090,,,,,,
ocd-person/3ffead8c-6856-4592-8594-182e295b8e87,Devon J. Mathis,Republican,26,lower,Devon,Mathis,Male,,,,,https://www.assembly.ca.gov/sites/assembly.ca.gov/files/memberphotos/mathis.jpg,https://ad26.asmrc.org/;https://lcmspubcontact.lc.ca.gov/PublicLCMS/ContactPopup.php?district=AD26&inframe=N,http://assembly.ca.gov/assemblymembers;https://www.assembly.ca.gov/assemblymembers,,,,"100 West Willow Plaza, Suite 405, Visalia, CA 93291",559-636-3440,,,,,,
ocd-person/e2da0f08-1bd8-4ac2-95f1-002870238527,Dr. Joaquin Arambula,Democratic,31,lower,Joaquin,Arambula,Male,,,,,https://www.assembly.ca.gov/sites/assembly.ca.gov/files/memberphotos/asm-arambula.jpg,https://a31.asmdc.org/;https://lcmspubcontact.lc.ca.gov/PublicLCMS/ContactPopup.php?district=AD31&inframe=N,http://assembly.ca.gov/assemblymembers;https://www.assembly.ca.gov/assemblymembers,,,,"2550 Mariposa Mall, Room 5031, Fresno, CA 93721",559-445-5532,,,,,,
ocd-person/c4f4c9c1-1f1b-4cb6-854b-434c53495006,Eduardo Garcia,Democratic,56,lower,Eduardo,Garcia,Male,,,,,https://www.assembly.ca.gov/sites/assembly.ca.gov/files/memberphotos/AD56_Garcia_Portrait150_20141201.jpg,https://a56.asmdc.org/;https://lcmspubcontact.lc.ca.gov/PublicLCMS/ContactPopup.php?district=AD56&inframe=N,http://assembly.ca.gov/assemblymembers;https://www.assembly.ca.gov/assemblymembers,,,,"1101 Airport Road, Suite D, Imperial, CA 92251",760-355-8656,,,,,,
ocd-person/19f694d8-b409-40e5-9f87-d8e3e84afc7f,Eloise Gómez Reyes,Democratic,47,lower,Eloise,Reyes,Female,,,,,https://www.assembly.ca.gov/sites/assembly.ca.gov/files/memberphotos/ad47_reyes_roster150_20161205.jpg,https://a47.asmdc.org;https://lcmspubcontact.lc.ca.gov/PublicLCMS/ContactPopup.php?district=AD47&inframe=N,http://assembly.ca.gov/assemblymembers;https://www.assembly.ca.gov/assemblymembers,,,,"290 North D Street, Suite 903, San Bernardino, CA 92401",909-381-3238,,,,,,
ocd-person/b6e6e287-12e9-4067-a607-28bf5c481935,Evan Low,Democratic,28,lower,Evan,Low,Male,,,,,https://www.assembly.ca.gov/sites/assembly.ca.gov/files/memberphotos/ad28-low.jpg,https://a28.asmdc.org/;https://lcmspubcontact.lc.ca.gov/PublicLCMS/ContactPopup.php?district=AD28&inframe=N,http://assembly.ca.gov/assemblymembers;https://www.assembly.ca.gov/assemblymembers,,,,"20111 Stevens Creek Boulevard, Suite 220, Cupertino, CA 95014",408-446-2810,,,,,,
ocd-person/b8ba6ec8-fecd-4fc9-b98f-74f2888f7fdb,Frank Bigelow,Republican,5,lower,Frank,Bigelow,Male,,,,,https://www.assembly.ca.gov/sites/assembly.ca.gov/files/memberphotos/AD05-Frank_Bigelow.jpg,https://ad05.asmrc.org;https://lcmspubcontact.lc.ca.gov/PublicLCMS/ContactPopup.php?district=AD05&inframe=N,http://assembly.ca.gov/assemblymembers;https://www.assembly.ca.gov/assemblymembers,,,,"460 Sutter Hill Road, Suite C, Sutter Creek, CA 95685",209-267-0500,,,,,,
ocd-person/b1d10c0c-3d3d-4ae1-8c7e-02227cd18aa0,Freddie Rodriguez,Democratic,52,lower,Freddie,Rodriguez,Male,,,,,https://www.assembly.ca.gov/sites/assembly.ca.gov/files/memberphotos/AD52_Rodriguez_0.jpg,https://a52.asmdc.org/;https://lcmspubcontact.lc.ca.gov/PublicLCMS/ContactPopup.php?district=AD52&inframe=N,http://assembly.ca.gov/assemblymembers;https://www.assembly.ca.gov/assemblymembers,,,,"13160 7th Street, Chino, CA 91710",909-902-9606,,,,,,
ocd-person/c830a90c-8964-4c0f-b31b-729cab1144fd,Heath Flora,Republican,12,lower,Heath,Flora,Male,,,,,https://www.assembly.ca.gov/sites/assembly.ca.gov/files/memberphotos/flora.jpg,https://ad12.asmrc.org;https://lcmspubcontact.lc.ca.gov/PublicLCMS/ContactPopup.php?district=AD12&inframe=N,http://assembly.ca.gov/assemblymembers;https://www.assembly.ca.gov/assemblymembers,,,,"578 North Wilma Avenue, Suite B, Ripon, CA 95366",209-599-2112,,,,,,
ocd-person/66bd4b32-5536-4bae-ab55-08c0b70ca5fd,Henry I. Stern,Democratic,27,upper,Henry,Stern,Male,,,,,https://www.senate.ca.gov/sites/senate.ca.gov/files/senator_photos/stern.jpg,https://senate.ca.gov/sd27;https://lcmspubcontact.lc.ca.gov/PublicLCMS/ContactPopup.php?district=SD27&inframe=N,http://senate.ca.gov/senators;https://www.senate.ca.gov/senators,,,,"5016 N. Parkway Calabasas, Suite 222, Calabasas, CA 91302",818-876-3352,,,,,,
ocd-person/e9e56c3e-1c7d-4eab-a3ac-35cfc7c6a651,Isaac G. Bryan,Democratic,54,lower,Isaac,Bryan,,,,,,https://www.assembly.ca.gov/sites/assembly.ca.gov/files/memberphotos/isaacbryan.jpg,https://a54.asmdc.org/;https://a54.asmdc.org,https://a54.asmdc.org/;https://www.assembly.ca.gov/assemblymembers,,,,"5601 West Slauson Avenue, Suite 200, Culver City, CA 90230",310-641-5410,,,,,,
ocd-person/e7ad99fd-fda5-4114-af3e-320f5be9be3c,Jacqui Irwin,Democratic,44,lower,Jacqui,Irwin,Female,,,,,https://www.assembly.ca.gov/sites/assembly.ca.gov/files/memberphotos/AD44_Irwin_Portrait150_20141201.jpg,https://a44.asmdc.org/;https://lcmspubcontact.lc.ca.gov/PublicLCMS/ContactPopup.php?district=AD44&inframe=N,http://assembly.ca.gov/assemblymembers;https://www.assembly.ca.gov/assemblymembers,,,,"230 West 7th Street, Oxnard, CA 93030",805-483-4488,,,,,,
ocd-person/156660b1-4c3f-45e3-8384-53cda60d7ea5,James C. Ramos,Democratic,40,lower,James,Ramos,Male,,,,,https://www.assembly.ca.gov/sites/assembly.ca.gov/files/memberphotos/a40_jc_ramos.jpg,https://a40.asmdc.org/;https://lcmspubcontact.lc.ca.gov/PublicLCMS/ContactPopup.php?district=AD40&inframe=N,http://assembly.ca.gov/assemblymembers;https://www.assembly.ca.gov/assemblymembers,,,,"10350 Commerce Center Drive, Suite A-200, Rancho Cucamonga, CA 91730",909-476-5023,,,,,,
ocd-person/5d93a1cb-7a01-43ab-a26c-a2abecdee135,James Gallagher,Republican,3,lower,James,Gallagher,Male,,,,,https://www.assembly.ca.gov/sites/assembly.ca.gov/files/memberphotos/Gallagher_LDC_headshot.jpg,http://ad03.asmrc.org/;https://lcmspubcontact.lc.ca.gov/PublicLCMS/ContactPopup.php?district=AD03&inframe=N,http://assembly.ca.gov/assemblymembers;https://www.assembly.ca.gov/assemblymembers,,,,"1130 Civic Center Boulevard, Suite F, Yuba City, CA 95993",530-671-0303,,,,,,
ocd-person/c6471995-41db-497c-8953-dd3ea5871870,Janet Nguyen,Republican,72,lower,Janet,Nguyen,,,,,,https://www.assembly.ca.gov/sites/assembly.ca.gov/files/memberphotos/ad72_janet_nguyen.jpg,https://ad72.asmrc.org/;https://lcmspubcontact.lc.ca.gov/PublicLCMS/ContactPopup.php?district=AD72&inframe=N,http://assembly.ca.gov/assemblymembers;https://www.assembly.ca.gov/assemblymembers,,,,"17011 Beach Boulevard, Suite 1120, Huntington Beach, CA 92647",714-843-4966,,,,,,
ocd-person/407f6fda-8638-4cca-9704-7aa8df7de26e,Jesse Gabriel,Democratic,45,lower,Jesse,Gabriel,Male,,,,,https://www.assembly.ca.gov/sites/assembly.ca.gov/files/memberphotos/gabriel_101.jpg,https://a45.asmdc.org/;https://lcmspubcontact.lc.ca.gov/PublicLCMS/ContactPopup.php?district=AD45&inframe=N,http://assembly.ca.gov/assemblymembers;https://www.assembly.ca.gov/assemblymembers,,,,"20750 Ventura Boulevard, Suite 101, Woodland Hills, CA 91364",818-346-4521,,,,,,
ocd-person/9629be48-b082-4880-85a8-d2e14a4ad1a8,Jim Cooper,Democratic,9,lower,Jim,Cooper,Male,,,,,https://www.assembly.ca.gov/sites/assembly.ca.gov/files/memberphotos/AD09_Cooper_Portrait150_20141201.jpg,https://a09.asmdc.org;https://lcmspubcontact.lc.ca.gov/PublicLCMS/ContactPopup.php?district=AD09&inframe=N,http://assembly.ca.gov/assemblymembers;https://www.assembly.ca.gov/assemblymembers,,,,"9250 Laguna Springs Drive, Suite 220, Elk Grove, CA 95758",916-670-7888,,,,,,
ocd-person/de59f459-9b3d-410a-ab49-49bc47efcf1f,Jim Nielsen,Republican,4,upper,Jim,Nielsen,Male,,,,,https://www.senate.ca.gov/sites/senate.ca.gov/files/senator_photos/nielsen-jim.jpg,http://senate.ca.gov/sd04;https://lcmspubcontact.lc.ca.gov/PublicLCMS/ContactPopup.php?district=SD04&inframe=N,http://senate.ca.gov/senators;https://www.senate.ca.gov/senators,,,,"2635 Forest Ave, Suite 110, Chico, CA 95928",530-879-7424,,,,,,
ocd-person/2cb9d19b-360d-4568-a781-b54a483b081e,Jim Patterson,Republican,23,lower,Jim,Patterson,Male,,,,,https://www.assembly.ca.gov/sites/assembly.ca.gov/files/memberphotos/AD23-Jim_Patterson.jpg,https://ad23.asmrc.org/;https://lcmspubcontact.lc.ca.gov/PublicLCMS/ContactPopup.php?district=AD23&inframe=N,http://assembly.ca.gov/assemblymembers;https://www.assembly.ca.gov/assemblymembers,,,,"6245 North Fresno Street, Suite 106, Fresno, CA 93710",559-446-2029,,,,,,
ocd-person/798893c7-4969-4b39-b9d3-f920806424f3,Jim Wood,Democratic,2,lower,Jim,Wood,Male,,,,,https://www.assembly.ca.gov/sites/assembly.ca.gov/files/memberphotos/asm_wood_120_x_170.jpg,https://a02.asmdc.org;https://lcmspubcontact.lc.ca.gov/PublicLCMS/ContactPopup.php?district=AD02&inframe=N,http://assembly.ca.gov/assemblymembers;https://www.assembly.ca.gov/assemblymembers,,,,"200 South School Street, Suite D, Ukiah, CA 95482",707-463-5770,,,,,,
ocd-person/7476789f-49a4-491a-b294-9d1486f24193,John Laird,Democratic,17,upper,John,Laird,,,,,,https://www.senate.ca.gov/sites/senate.ca.gov/files/senator_photos/sd17_laird_0.jpg,https://senate.ca.gov/sd17;https://lcmspubcontact.lc.ca.gov/PublicLCMS/ContactPopup.php?district=SD17&inframe=N,http://senate.ca.gov/senators;https://www.senate.ca.gov/senators,,,,"701 Ocean Street, Suite 318A, Santa Cruz, CA 95060",831-425-0401,,,,,,
ocd-person/16d16f4a-1551-4546-bec2-e7f336a3e90f,Jordan Cunningham,Republican,35,lower,Jordan,Cunningham,Male,,,,,https://www.assembly.ca.gov/sites/assembly.ca.gov/files/memberphotos/cunningham.jpg,https://ad35.asmrc.org/;https://lcmspubcontact.lc.ca.gov/PublicLCMS/ContactPopup.php?district=AD35&inframe=N,http://assembly.ca.gov/assemblymembers;https://www.assembly.ca.gov/assemblymembers,,,,"1304 Broad Street, San Luis Obispo, CA 93401",805-549-3381,,,,,,
ocd-person/3b14d4a7-73fa-4c85-b6fd-d84a9dd60a47,Jose Medina,Democratic,61,lower,Jose,Medina,Male,,,,,https://www.assembly.ca.gov/sites/assembly.ca.gov/files/memberphotos/AD61-Medina_0.jpg,https://a61.asmdc.org/;https://lcmspubcontact.lc.ca.gov/PublicLCMS/ContactPopup.php?district=AD61&inframe=N,http://assembly.ca.gov/assemblymembers;https://www.assembly.ca.gov/assemblymembers,,,,"1223 University Avenue, Suite 230, Riverside, CA 92507",951-369-6644,,,,,,
ocd-person/c71137b2-3fc3-48bf-b0ad-6c29aff98268,Josh Becker,Democratic,13,upper,Josh,Becker,,,,,,https://www.senate.ca.gov/sites/senate.ca.gov/files/senator_photos/sd13_becker_0.jpg,https://senate.ca.gov/sd13;https://lcmspubcontact.lc.ca.gov/PublicLCMS/ContactPopup.php?district=SD13&inframe=N,http://senate.ca.gov/senators;https://www.senate.ca.gov/senators,,,,"1528 South El Camino Real, Suite 303, San Mateo, CA 94402",650-212-3313,,,,,,
ocd-person/ed40c798-40c1-4fe6-9fb8-c3fee65b48e0,Josh Newman,Democratic,29,upper,Josh,Newman,,,,,,https://www.senate.ca.gov/sites/senate.ca.gov/files/senator_photos/sd29_newman.jpg,http://senate.ca.gov/sd29;https://lcmspubcontact.lc.ca.gov/PublicLCMS/ContactPopup.php?district=SD29&inframe=N,http://senate.ca.gov/senators;https://www.senate.ca.gov/senators,,,,"203 N. Harbor Blvd., Fullerton, CA 92832",714-525-2342,,,,,,
ocd-person/d9462f08-2b27-4969-8436-9a1c21534a40,Kelly Seyarto,Republican,67,lower,Kelly,Seyarto,,,,,,https://www.assembly.ca.gov/sites/assembly.ca.gov/files/memberphotos/offical-state-headshot.jpg,https://ad67.asmrc.org/;https://lcmspubcontact.lc.ca.gov/PublicLCMS/ContactPopup.php?district=AD67&inframe=N,http://assembly.ca.gov/assemblymembers;https://www.assembly.ca.gov/assemblymembers,,,,"41391 Kalmia Street, Suite 220, Murrieta, CA 92562",951-894-1232,,,,,,
ocd-person/96fcafb9-0183-46b0-aaa3-dbb21d8d6135,Ken Cooley,Democratic,8,lower,Ken,Cooley,Male,,,,,https://www.assembly.ca.gov/sites/assembly.ca.gov/files/memberphotos/AD08-Cooley_0.jpg,https://a08.asmdc.org;https://lcmspubcontact.lc.ca.gov/PublicLCMS/ContactPopup.php?district=AD08&inframe=N,http://assembly.ca.gov/assemblymembers;https://www.assembly.ca.gov/assemblymembers,,,,"2729 Prospect Park Drive, Suite 130, Rancho Cordova, CA 95670",916-464-1910,,,,,,
ocd-person/35eec890-026c-412f-8bcf-27e24206a608,Kevin Kiley,Republican,6,lower,Kevin,Kiley,Male,,,,,https://www.assembly.ca.gov/sites/assembly.ca.gov/files/memberphotos/kiley.jpg,https://ad06.asmrc.org/;https://lcmspubcontact.lc.ca.gov/PublicLCMS/ContactPopup.php?district=AD06&inframe=N,http://assembly.ca.gov/assemblymembers;https://www.assembly.ca.gov/assemblymembers,,,,"8799-A Auburn Folsom Road, Granite Bay, CA 95746",916-774-4430,,,,,,
ocd-person/723bd312-e1c3-490c-9a8c-65388f834092,Kevin McCarty,Democratic,7,lower,Kevin,McCarty,Male,,,,,https://www.assembly.ca.gov/sites/assembly.ca.gov/files/memberphotos/AD07_McCarty_Portrait150_20141201.jpg,https://a07.asmdc.org;https://lcmspubcontact.lc.ca.gov/PublicLCMS/ContactPopup.php?district=AD07&inframe=N,http://assembly.ca.gov/assemblymembers;https://www.assembly.ca.gov/assemblymembers,,,,"915 L Street, Suite 110, Sacramento, CA 95814",916-324-4676,,,,,,
ocd-person/a9171d37-d00b-4d46-98ca-a066bce640e5,Kevin Mullin,Democratic,22,lower,Kevin,Mullin,Male,,,,,https://www.assembly.ca.gov/sites/assembly.ca.gov/files/memberphotos/AD22-Mullin.jpg,https://a22.asmdc.org/;https://lcmspubcontact.lc.ca.gov/PublicLCMS/ContactPopup.php?district=AD22&inframe=N,http://assembly.ca.gov/assemblymembers;https://www.assembly.ca.gov/assemblymembers,,,,"1528 South El Camino Real, Suite 302, San Mateo, CA 94402",650-349-2200,,,,,,
ocd-person/e4fdea57-14a2-4fa7-a40c-92cf06c07edd,Laura Friedman,Democratic,43,lower,Laura,Friedman,Female,,,,,https://www.assembly.ca.gov/sites/assembly.ca.gov/files/memberphotos/ad43_friedman.jpg,https://a43.asmdc.org;https://lcmspubcontact.lc.ca.gov/PublicLCMS/ContactPopup.php?district=AD43&inframe=N,http://assembly.ca.gov/assemblymembers;https://www.assembly.ca.gov/assemblymembers,,,,"300 East Magnolia Boulevard, Suite 504, Burbank, CA 91502",818-558-3043,,,,,,
ocd-person/1b3ac39e-7b50-4263-bd1d-add1e91d71b9,Laurie Davies,Republican,73,lower,Laurie,Davies,,,,,,https://www.assembly.ca.gov/sites/assembly.ca.gov/files/memberphotos/arc_new_member_headshots_asm.ca_.gov_120x150px_davies.jpg,https://ad73.asmrc.org/;https://lcmspubcontact.lc.ca.gov/PublicLCMS/ContactPopup.php?district=AD73&inframe=N,http://assembly.ca.gov/assemblymembers;https://www.assembly.ca.gov/assemblymembers,,,,"31473 Rancho Viejo Road, Suite 104, San Juan Capistrano, CA 92675",949-240-7300,,,,,,
ocd-person/cb6cc457-59f8-4dd8-aeb5-691c3795ffb7,Lena A. Gonzalez,Democratic,33,upper,Lena,Gonzalez,Female,,,,,https://www.senate.ca.gov/sites/senate.ca.gov/files/senator_photos/senator-lena-gonzalez.jpg,https://senate.ca.gov/sd33;https://lcmspubcontact.lc.ca.gov/PublicLCMS/ContactPopup.php?district=SD33&inframe=N,http://senate.ca.gov/senators;https://www.senate.ca.gov/senators,,,,"3355 East Gage Avenue, Huntington Park, CA 90255",323-277-4560,,,,,,
ocd-person/ed58ae30-ffe5-4395-9353-141e4018cbe3,Lisa Calderon,Democratic,57,lower,Lisa,Calderon,,,,,,https://www.assembly.ca.gov/sites/assembly.ca.gov/files/memberphotos/calderon-057.jpg,https://a57.asmdc.org/;https://lcmspubcontact.lc.ca.gov/PublicLCMS/ContactPopup.php?district=AD57&inframe=N,http://assembly.ca.gov/assemblymembers;https://www.assembly.ca.gov/assemblymembers,,,,"13181 Crossroads Parkway North, Suite 160, City of Industry, CA 91746-3497",562-692-5858,,,,,,
ocd-person/926d1337-0318-4c12-a291-178f10199b23,Lori D. Wilson,Democratic,11,lower,Lori,Wilson,,,,,,https://www.assembly.ca.gov/sites/assembly.ca.gov/files/memberphotos/ad11_wilson.jpg,https://a11.asmdc.org,https://www.assembly.ca.gov/assemblymembers,,,,"1261 Travis Boulevard, Suite 110, Fairfield, CA 94533",707-399-3011,,,,,,
ocd-person/db75b62c-0713-4075-89cb-1437a9648b00,Luz M. Rivas,Democratic,39,lower,Luz,Rivas,Female,,,,,https://www.assembly.ca.gov/sites/assembly.ca.gov/files/memberphotos/a39_l_rivas.jpg,https://a39.asmdc.org/;https://lcmspubcontact.lc.ca.gov/PublicLCMS/ContactPopup.php?district=AD39&inframe=N,http://assembly.ca.gov/assemblymembers;https://www.assembly.ca.gov/assemblymembers,,,,"9300 Laurel Canyon Boulevard, First Floor, Arleta, CA 91331",818-504-3911,,,,,,
ocd-person/24facf9e-7fb1-4475-9120-05cd0145c7c1,Marc Berman,Democratic,24,lower,Marc,Berman,Male,,,,,https://www.assembly.ca.gov/sites/assembly.ca.gov/files/memberphotos/ad24_berman_roster150_20161205.jpg,https://a24.asmdc.org/;https://lcmspubcontact.lc.ca.gov/PublicLCMS/ContactPopup.php?district=AD24&inframe=N,http://assembly.ca.gov/assemblymembers;https://www.assembly.ca.gov/assemblymembers,,,,"721 Colorado Ave, Suite 101, Palo Alto, CA 94303",650-324-0224,,,,,,
ocd-person/a3645286-b3a4-4065-af84-a84a6cf0091d,Marc Levine,Democratic,10,lower,Marc,Levine,Male,,,,,https://www.assembly.ca.gov/sites/assembly.ca.gov/files/memberphotos/AD10-Levine_0.jpg,https://a10.asmdc.org;https://lcmspubcontact.lc.ca.gov/PublicLCMS/ContactPopup.php?district=AD10&inframe=N,http://assembly.ca.gov/assemblymembers;https://www.assembly.ca.gov/assemblymembers,,,,"50 D Street, Suite 301, Santa Rosa, CA 95404",,,,,,,
ocd-person/b3f55460-f87b-4db4-b6a5-35a735f34076,María Elena Durazo,Democratic,24,upper,María Elena,Durazo,Female,,,,,https://www.senate.ca.gov/sites/senate.ca.gov/files/senator_photos/senator_durazo.jpg,https://senate.ca.gov/sd24;https://lcmspubcontact.lc.ca.gov/PublicLCMS/ContactPopup.php?district=SD24&inframe=N,http://senate.ca.gov/senators;https://www.senate.ca.gov/senators,,,,"1808 W. Sunset Blvd., Los Angeles, CA 90026",213-483-9300,,,,,,
ocd-person/9df241a1-0f02-456a-9dbf-8706e0b6c15c,Marie Waldron,Republican,75,lower,Marie,Waldron,Female,,,,,https://www.assembly.ca.gov/sites/assembly.ca.gov/files/memberphotos/AD75-Marie_Waldron.jpg,https://ad75.asmrc.org/;https://lcmspubcontact.lc.ca.gov/PublicLCMS/ContactPopup.php?district=AD75&inframe=N,http://assembly.ca.gov/assemblymembers;https://www.assembly.ca.gov/assemblymembers,,,,"350 West 5th Avenue, Suite 110, Escondido, CA 92025",760-480-7570,,,,,,
ocd-person/af97aad8-2e95-4648-8cd4-6b710df6b3ce,Mark Stone,Democratic,29,lower,Mark,Stone,Male,,,,,https://www.assembly.ca.gov/sites/assembly.ca.gov/files/memberphotos/ad29.jpg,https://a29.asmdc.org/;https://lcmspubcontact.lc.ca.gov/PublicLCMS/ContactPopup.php?district=AD29&inframe=N,http://assembly.ca.gov/assemblymembers;https://www.assembly.ca.gov/assemblymembers,,,,"99 Pacific Street, Suite 575G, Monterey, CA 93940",831-649-2832,,,,,,
ocd-person/cc6eb833-e16b-472a-83ec-31e7df1b1cd9,Matt Haney,Democratic,17,lower,Matt,Haney,,,,,,https://www.assembly.ca.gov/sites/assembly.ca.gov/files/memberphotos/ad17_haney.jpg,https://a17.asmdc.org/,https://www.assembly.ca.gov/assemblymembers,,,,"455 Golden Gate Avenue, Suite 14300, San Francisco, CA 94102",415-557-3013,,,,,,
ocd-person/1509d608-4d2b-4ebc-be73-b4cd6c06b7c6,Megan Dahle,Republican,1,lower,Megan,Dahle,,,,,,https://www.assembly.ca.gov/sites/assembly.ca.gov/files/memberphotos/mdahle-ad01.gif,https://ad01.asmrc.org/;https://lcmspubcontact.lc.ca.gov/PublicLCMS/ContactPopup.php?district=AD01&inframe=N,http://assembly.ca.gov/assemblymembers;https://www.assembly.ca.gov/assemblymembers,,,,"356 Providence Mine Road, Office 6, Nevada City, CA 95959",530-265-0601,,,,,,
ocd-person/d7cb8647-1324-42e9-b2a6-a26d05863806,Melissa A. Melendez,Republican,28,upper,Melissa,Melendez,Female,,,,,https://www.senate.ca.gov/sites/senate.ca.gov/files/senator_photos/sen_melendez.jpg,https://senate.ca.gov/sd28;https://lcmspubcontact.lc.ca.gov/PublicLCMS/ContactPopup.php?district=SD28&inframe=N,http://senate.ca.gov/senators;https://www.senate.ca.gov/senators,,,,"45-125 Smurr Street, Suite B, Indio, CA 92201",760-398-6442,,,,,,
ocd-person/ee9910a2-0b27-46e0-be87-43c800596b41,Melissa Hurtado,Democratic,14,upper,Melissa,Hurtado,Female,,,,,https://www.senate.ca.gov/sites/senate.ca.gov/files/senator_photos/senator_hurtado_0.jpg,https://senate.ca.gov/sd14;https://lcmspubcontact.lc.ca.gov/PublicLCMS/ContactPopup.php?district=SD14&inframe=N,http://senate.ca.gov/senators;https://www.senate.ca.gov/senators,,,,"2550 Mariposa Mall, Suite 2016, Fresno, CA 93721",559-264-3070,,,,,,
ocd-person/a467d09d-289d-4e5a-a2af-a0ce20af14e1,Mia Bonta,Democratic,18,lower,Mia,Bonta,,,,,,https://www.assembly.ca.gov/sites/assembly.ca.gov/files/memberphotos/ad18_bonta_mia_roster150.jpg,https://a18.asmdc.org,https://www.assembly.ca.gov/assemblymembers,,,,"1515 Clay Street, Suite 2204, Oakland, CA 94612",510-286-1670,,,,,,
ocd-person/2e27cd32-daea-4a11-987b-bef3c4068e02,Miguel Santiago,Democratic,53,lower,Miguel,Santiago,Male,,,,,https://www.assembly.ca.gov/sites/assembly.ca.gov/files/memberphotos/AD53_Santiago_Portrait150_20141201.jpg,https://a53.asmdc.org/;https://lcmspubcontact.lc.ca.gov/PublicLCMS/ContactPopup.php?district=AD53&inframe=N,http://assembly.ca.gov/assemblymembers;https://www.assembly.ca.gov/assemblymembers,,,,"320 West Fourth Street, Room 1050, Los Angeles, CA 90013",213-620-4646,,,,,,
ocd-person/404dbee4-6b74-4249-ab26-9644cab7c7d5,Mike A. Gipson,Democratic,64,lower,Mike,Gipson,Male,,,,,https://www.assembly.ca.gov/sites/assembly.ca.gov/files/memberphotos/AD64_Gipson_Portrait150_20141201.jpg,https://a64.asmdc.org/;https://lcmspubcontact.lc.ca.gov/PublicLCMS/ContactPopup.php?district=AD64&inframe=N,http://assembly.ca.gov/assemblymembers;https://www.assembly.ca.gov/assemblymembers,,,,"205 South Willowbrook Avenue, Compton, CA 90220",310-605-5557,,,,,,
ocd-person/3a7bde9c-8709-49c7-89e4-0835ea1f9eb6,Mike Fong,Democratic,49,lower,Mike,Fong,,,,,,https://www.assembly.ca.gov/sites/assembly.ca.gov/files/memberphotos/ad49_fong.jpg,https://a49.asmdc.org/,https://www.assembly.ca.gov/assemblymembers,,,,"1255 Corporate Center Drive, Suite 216, Monterey Park, CA 91754",323-264-4949,,,,,,
ocd-person/a1394aeb-094a-4fc0-b4d5-005104ceddc0,Mike McGuire,Democratic,2,upper,Mike,McGuire,Male,,,,,https://www.senate.ca.gov/sites/senate.ca.gov/files/senator_photos/mcguire-mike.jpg,https://senate.ca.gov/sd02;https://lcmspubcontact.lc.ca.gov/PublicLCMS/ContactPopup.php?district=SD02&inframe=N,http://senate.ca.gov/senators;https://www.senate.ca.gov/senators,,,,"885 Lakeport Blvd., Lakeport, CA 95453",,,,,,,
ocd-person/e924a3ec-c7c0-4094-8504-7611bcf8979f,Monique Limón,Democratic,19,upper,Monique,Limón,Female,,,,,https://www.senate.ca.gov/sites/senate.ca.gov/files/senator_photos/limon_monique_d-19_2.jpg,https://senate.ca.gov/sd19;https://lcmspubcontact.lc.ca.gov/PublicLCMS/ContactPopup.php?district=SD19&inframe=N,http://senate.ca.gov/senators;https://www.senate.ca.gov/senators,,,,"300 E. Esplanade Drive, Suite 430, Oxnard, CA 93036",805-988-1940,,,,,,
ocd-person/da008178-5da9-4adb-a690-1360a9bce2db,Nancy Skinner,Democratic,9,upper,Nancy,Skinner,Female,,,,,https://www.senate.ca.gov/sites/senate.ca.gov/files/senator_photos/skinner.jpg,https://senate.ca.gov/sd09;https://lcmspubcontact.lc.ca.gov/PublicLCMS/ContactPopup.php?district=SD09&inframe=N,http://senate.ca.gov/senators;https://www.senate.ca.gov/senators,,,,"1515 Clay Street, Suite 2202, Oakland, CA 94612",510-286-1333,,,,,,
ocd-person/9ed8fe52-b020-47d3-92d5-621e32f42e94,Patricia C. Bates,Republican,36,upper,Patricia,Bates,Female,,,,,https://www.senate.ca.gov/sites/senate.ca.gov/files/senator_photos/bates-patricia.jpg,http://senate.ca.gov/sd36;https://lcmspubcontact.lc.ca.gov/PublicLCMS/ContactPopup.php?district=SD36&inframe=N;https://senate.ca.gov/sd36,http://senate.ca.gov/senators;https://www.senate.ca.gov/senators,,,,"169 Saxony Road, Suite 103, Encinitas, CA 92024",760-642-0809,,,,,,
ocd-person/e3c486d0-3173-4d1e-a106-9c28c32e7429,Patrick O'Donnell,Democratic,70,lower,Patrick,O'Donnell,Male,,,,,https://www.assembly.ca.gov/sites/assembly.ca.gov/files/memberphotos/AD70_ODonnell_Portrait150_20141201.jpg,https://a70.asmdc.org/;https://lcmspubcontact.lc.ca.gov/PublicLCMS/ContactPopup.php?district=AD70&inframe=N,http://assembly.ca.gov/assemblymembers;https://www.assembly.ca.gov/assemblymembers,,,,"461 West 6th Street, Suite 209, San Pedro, CA 90731",310-548-6420,,,,,,
ocd-person/bf88659d-b2dd-462e-84b3-82ead47ff360,Philip Y. Ting,Democratic,19,lower,Philip,Ting,Male,,,,,https://www.assembly.ca.gov/sites/assembly.ca.gov/files/memberphotos/ad19-ting_0.jpg,https://a19.asmdc.org;https://lcmspubcontact.lc.ca.gov/PublicLCMS/ContactPopup.php?district=AD19&inframe=N,http://assembly.ca.gov/assemblymembers;https://www.assembly.ca.gov/assemblymembers,,,,"455 Golden Gate Avenue, Suite 14600, San Francisco, CA 94102",415-557-2312,,,,,,
ocd-person/6ba768a4-2756-42b5-a5c5-f6b8b5db0491,Phillip Chen,Republican,55,lower,Phillip,Chen,Male,,,,,https://www.assembly.ca.gov/sites/assembly.ca.gov/files/memberphotos/chen.jpg,https://ad55.asmrc.org;https://lcmspubcontact.lc.ca.gov/PublicLCMS/ContactPopup.php?district=AD55&inframe=N,http://assembly.ca.gov/assemblymembers;https://www.assembly.ca.gov/assemblymembers,,,,"3 Pointe Drive, Suite 313, Brea, CA 92821",714-529-5502,,,,,,
ocd-person/63a9e3aa-9baf-444e-820e-1d1caaf2aa3e,Randy Voepel,Republican,71,lower,Randy,Voepel,Male,,,,,https://www.assembly.ca.gov/sites/assembly.ca.gov/files/memberphotos/voepel.jpg,https://ad71.asmrc.org/;https://lcmspubcontact.lc.ca.gov/PublicLCMS/ContactPopup.php?district=AD71&inframe=N,http://assembly.ca.gov/assemblymembers;https://www.assembly.ca.gov/assemblymembers,,,,"8760 Cuyamaca Street, Suite 201, Santee, CA 92071",619-258-7737,,,,,,
ocd-person/2918acca-40a2-4819-a79a-b2873c7895bc,Rebecca Bauer-Kahan,Democratic,16,lower,Rebecca,Bauer-Kahan,Female,,,,,https://www.assembly.ca.gov/sites/assembly.ca.gov/files/memberphotos/a16_r_b_kahan.jpg,https://a16.asmdc.org/;https://lcmspubcontact.lc.ca.gov/PublicLCMS/ContactPopup.php?district=AD16&inframe=N,http://assembly.ca.gov/assemblymembers;https://www.assembly.ca.gov/assemblymembers,,,,"12677 Alcosta Boulevard, Suite 395, San Ramon, CA 94583",925-244-1600,,,,,,
ocd-person/9f520ee9-8314-4029-8752-e6107f2e734e,"Reginald Byron Jones-Sawyer, Sr.",Democratic,59,lower,Reginald,Jones-Sawyer,Male,,,,,https://www.assembly.ca.gov/sites/assembly.ca.gov/files/memberphotos/jones-sawyer-014-02-06-19.jpg,https://a59.asmdc.org/;https://lcmspubcontact.lc.ca.gov/PublicLCMS/ContactPopup.php?district=AD59&inframe=N,http://assembly.ca.gov/assemblymembers;https://www.assembly.ca.gov/assemblymembers,,,,"700 Exposition Park Drive, Los Angeles, CA 90037",213-744-2111,,,,,,
ocd-person/550a055e-b1d5-406d-9ecb-0f02818baa74,Richard Bloom,Democratic,50,lower,Richard,Bloom,Male,,,,,https://www.assembly.ca.gov/sites/assembly.ca.gov/files/memberphotos/AD50-Bloom.jpg,https://a50.asmdc.org/;https://lcmspubcontact.lc.ca.gov/PublicLCMS/ContactPopup.php?district=AD50&inframe=N,http://assembly.ca.gov/assemblymembers;https://www.assembly.ca.gov/assemblymembers,,,,"2800 28th Street, Suite 105, Santa Monica, CA 90405",310-450-0041,,,,,,
ocd-person/26cbb5a7-e485-41f6-9cb6-be82cbef73db,Richard D. Roth,Democratic,31,upper,Richard,Roth,Male,,,,,https://www.senate.ca.gov/sites/senate.ca.gov/files/senator_photos/roth-richard.jpg,https://senate.ca.gov/sd31;https://lcmspubcontact.lc.ca.gov/PublicLCMS/ContactPopup.php?district=SD31&inframe=N,http://senate.ca.gov/senators;https://www.senate.ca.gov/senators,,,,"3737 Main Street, Suite 104, Riverside, CA 92501",951-680-6750,,,,,,
ocd-person/96c9e551-f768-41c7-ab17-0f204c6be259,Richard Pan,Democratic,6,upper,Richard,Pan,Male,,,,,https://www.senate.ca.gov/sites/senate.ca.gov/files/senator_photos/pan-richard.jpg,http://senate.ca.gov/sd06;https://lcmspubcontact.lc.ca.gov/PublicLCMS/ContactPopup.php?district=SD06&inframe=N,http://senate.ca.gov/senators;https://www.senate.ca.gov/senators,,,,"2251 Florin Road, Suite 156, Sacramento, CA 95822",916-262-2904,,,,,,
ocd-person/d7e883c1-2011-45a1-b5bd-00e2046fa0fd,Robert M. Hertzberg,Democratic,18,upper,Robert,Hertzberg,Male,,,,,https://www.senate.ca.gov/sites/senate.ca.gov/files/senator_photos/hertzberg_0705_lls_hsedcr.jpg,https://senate.ca.gov/sd18;https://lcmspubcontact.lc.ca.gov/PublicLCMS/ContactPopup.php?district=SD18&inframe=N,http://senate.ca.gov/senators;https://www.senate.ca.gov/senators,,,,"6150 Van Nuys Blvd., Suite 400, Van Nuys, CA 91401",818-901-5588,,,,,,
ocd-person/68f5ee30-aa70-489b-84b7-6501e6188751,Robert Rivas,Democratic,30,lower,Robert,Rivas,Male,,,,,https://www.assembly.ca.gov/sites/assembly.ca.gov/files/memberphotos/a30_r_rivas.jpg,https://a30.asmdc.org/;https://lcmspubcontact.lc.ca.gov/PublicLCMS/ContactPopup.php?district=AD30&inframe=N,http://assembly.ca.gov/assemblymembers;https://www.assembly.ca.gov/assemblymembers,,,,"17555 Peak Avenue, Morgan Hill, CA 95037",831-256-1272,,,,,,
ocd-person/cb5b9356-6798-44d2-8dc2-caf5651ac4e3,Rosilicie Ochoa Bogh,Republican,23,upper,Rosilicie,Ochoa Bogh,,,,,,https://www.senate.ca.gov/sites/senate.ca.gov/files/senator_photos/sd23_ochoa_bogh.jpg,http://senate.ca.gov/sd23;https://lcmspubcontact.lc.ca.gov/PublicLCMS/ContactPopup.php?district=SD23&inframe=N,http://senate.ca.gov/senators;https://www.senate.ca.gov/senators,,,,"1758 Orange Tree Lane, Suite B, Redlands, CA 92374",909-335-0271,,,,,,
ocd-person/7e9b4527-8dc0-4525-9394-23909909e953,"Rudy Salas, Jr.",Democratic,32,lower,Rudy,Salas,Male,,,,,https://www.assembly.ca.gov/sites/assembly.ca.gov/files/memberphotos/AD32-Salas_0.jpg,https://a32.asmdc.org/;https://lcmspubcontact.lc.ca.gov/PublicLCMS/ContactPopup.php?district=AD32&inframe=N,http://assembly.ca.gov/assemblymembers;https://www.assembly.ca.gov/assemblymembers,,,,"113 Court Street, Suite 201, Hanford, CA 93230",559-585-7170,,,,,,
ocd-person/61cc77e3-551f-40e6-bb6f-16edd89b04db,Sabrina Cervantes,Democratic,60,lower,Sabrina,Cervantes,Female,,,,,https://www.assembly.ca.gov/sites/assembly.ca.gov/files/memberphotos/ad60_cervantes_roster150_20161205.jpg,https://a60.asmdc.org/;https://lcmspubcontact.lc.ca.gov/PublicLCMS/ContactPopup.php?district=AD60&inframe=N,http://assembly.ca.gov/assemblymembers;https://www.assembly.ca.gov/assemblymembers,,,,"391 North Main Street, Suite 210, Corona, CA 92878",951-371-6860,,,,,,
ocd-person/de84277e-1c23-4036-bd64-b27c310a1c0e,Scott D. Wiener,Democratic,11,upper,Scott,Wiener,Male,,,,,https://www.senate.ca.gov/sites/senate.ca.gov/files/senator_photos/wiener.jpg,https://senate.ca.gov/sd11;https://lcmspubcontact.lc.ca.gov/PublicLCMS/ContactPopup.php?district=SD11&inframe=N,http://senate.ca.gov/senators;https://www.senate.ca.gov/senators,,,,"455 Golden Gate Avenue, Suite 14800, San Francisco, CA 94102",415-557-1300,,,,,,
ocd-person/f82658a8-e4e5-4f12-807b-b1eec79782d1,Scott Wilk,Republican,21,upper,Scott,Wilk,Male,,,,,https://www.senate.ca.gov/sites/senate.ca.gov/files/senator_photos/wilk.jpg,http://senate.ca.gov/sd21;https://lcmspubcontact.lc.ca.gov/PublicLCMS/ContactPopup.php?district=SD21&inframe=N,http://senate.ca.gov/senators;https://www.senate.ca.gov/senators,,,,"14343 Civic Drive, First Floor, Victorville, CA 92392",760-843-8414,,,,,,
ocd-person/b4b8e8fb-831b-4cae-9081-b8f75477fcd0,Shannon Grove,Republican,16,upper,Shannon,Grove,Female,,,,,https://www.senate.ca.gov/sites/senate.ca.gov/files/senator_photos/grove_hs_0625_lls.jpg,https://senate.ca.gov/sd16;https://lcmspubcontact.lc.ca.gov/PublicLCMS/ContactPopup.php?district=SD16&inframe=N,http://senate.ca.gov/senators;https://www.senate.ca.gov/senators,,,,"7248 Joshua Lane, Suite B, Yucca Valley, CA 92284",760-228-3136,,,,,,
ocd-person/840aa009-3ae4-4484-b9f0-5c5f5060e7db,Sharon Quirk-Silva,Democratic,65,lower,Sharon,Quirk-Silva,Female,,,,,https://www.assembly.ca.gov/sites/assembly.ca.gov/files/memberphotos/ad65_quirk-silva_siteportrait.jpg,https://a65.asmdc.org/;https://lcmspubcontact.lc.ca.gov/PublicLCMS/ContactPopup.php?district=AD65&inframe=N,http://assembly.ca.gov/assemblymembers;https://www.assembly.ca.gov/assemblymembers,,,,"1440 North Harbor Boulevard, Suite 270, Fullerton, CA 92835",714-525-6515,,,,,,
ocd-person/1e0ccfc0-2d57-4e57-8d16-589d07c1bc72,Steve Bennett,Democratic,37,lower,Steve,Bennett,,,,,,https://www.assembly.ca.gov/sites/assembly.ca.gov/files/memberphotos/official_portrait_0.jpg,https://a37.asmdc.org/;https://lcmspubcontact.lc.ca.gov/PublicLCMS/ContactPopup.php?district=AD37&inframe=N,http://assembly.ca.gov/assemblymembers;https://www.assembly.ca.gov/assemblymembers,,,,"89 South California Street, Suite F, Ventura, CA 93001",805-641-3700,,,,,,
ocd-person/99fd8cce-55ba-493a-b787-e339a57de7df,Steven Bradford,Democratic,35,upper,Steven,Bradford,Male,,,,,https://www.senate.ca.gov/sites/senate.ca.gov/files/senator_photos/bradford.jpg,https://senate.ca.gov/sd35;https://lcmspubcontact.lc.ca.gov/PublicLCMS/ContactPopup.php?district=SD35&inframe=N,http://senate.ca.gov/senators;https://www.senate.ca.gov/senators,,,,"302 W. 5th Street, Suite 203, San Pedro, CA 90731",310-514-8573,,,,,,
ocd-person/9521850c-594d-415b-becf-002add076e86,Steven M. Glazer,Democratic,7,upper,Steven,Glazer,Male,,,,,https://www.senate.ca.gov/sites/senate.ca.gov/files/senator_photos/glazer-steven.jpg,https://senate.ca.gov/sd07;https://lcmspubcontact.lc.ca.gov/PublicLCMS/ContactPopup.php?district=SD07&inframe=N,http://senate.ca.gov/senators;https://www.senate.ca.gov/senators,,,,"420 W. 3rd Street, Antioch, CA 94509",925-754-1461,,,,,,
ocd-person/8b61aa87-d573-47e2-b17b-bd0edd3c8cf2,"Steven S. Choi, Ph.D.",Republican,68,lower,Steven,Choi,Male,,,,,https://www.assembly.ca.gov/sites/assembly.ca.gov/files/memberphotos/choi.jpg,https://ad68.asmrc.org/;https://lcmspubcontact.lc.ca.gov/PublicLCMS/ContactPopup.php?district=AD68&inframe=N,http://assembly.ca.gov/assemblymembers;https://www.assembly.ca.gov/assemblymembers,,,,"3240 El Camino Real, Suite 110, Irvine, CA 92602",714-665-6868,,,,,,
ocd-person/cb0f6477-568f-49db-aba3-f88e7bccbefc,Susan Rubio,Democratic,22,upper,Susan,Rubio,Female,,,,,https://www.senate.ca.gov/sites/senate.ca.gov/files/senator_photos/senator_rubio.jpg,https://senate.ca.gov/sd22;https://lcmspubcontact.lc.ca.gov/PublicLCMS/ContactPopup.php?district=SD22&inframe=N,http://senate.ca.gov/senators;https://www.senate.ca.gov/senators,,,,"100 S. Vincent Avenue, Suite 401, West Covina, CA 91790",626-430-2499,,,,,,
ocd-person/796593d1-498e-4980-bd5e-2db033754c62,Susan Talamantes Eggman,Democratic,5,upper,Susan,Eggman,Female,,,,,https://www.senate.ca.gov/sites/senate.ca.gov/files/senator_photos/eggman-susan.jpg,https://senate.ca.gov/sd05;https://lcmspubcontact.lc.ca.gov/PublicLCMS/ContactPopup.php?district=SD05&inframe=N,http://senate.ca.gov/senators;https://www.senate.ca.gov/senators,,,,"31 E. Channel Street, Suite 440, Stockton, CA 95202",209-948-7930,,,,,,
ocd-person/fb1c2c06-108c-41bf-9f08-44a9f8e0cb08,Suzette Martinez Valladares,Republican,38,lower,Suzette,Valladares,,,,,,https://www.assembly.ca.gov/sites/assembly.ca.gov/files/memberphotos/arc_new_member_headshots_asm.ca_.gov_120x150px_valladares.jpg,https://a38.asmdc.org/;https://lcmspubcontact.lc.ca.gov/PublicLCMS/ContactPopup.php?district=AD38&inframe=N,http://assembly.ca.gov/assemblymembers;https://www.assembly.ca.gov/assemblymembers,,,,"27441 Tourney Road, Suite 160, Santa Clarita, CA 91355",661-286-1565,,,,,,
ocd-person/93b85e3f-af14-4792-ae2e-06bcdaf04aa1,Sydney Kamlager,Democratic,30,upper,Sydney,Kamlager,Female,,,,,https://www.senate.ca.gov/sites/senate.ca.gov/files/senator_photos/kamlager-sydney-sd30.jpg,https://sd30.senate.ca.gov;https://senate.ca.gov/sd30,http://assembly.ca.gov/assemblymembers;https://www.senate.ca.gov/senators,,,,"700 Exposition Park Drive, Los Angeles, CA 90037",213-745-6656,,,,,,
ocd-person/9e69729e-4383-410b-840e-ad4ea0f1ab4a,Tasha Boerner Horvath,Democratic,76,lower,Tasha,Boerner Horvath,Female,,,,,https://www.assembly.ca.gov/sites/assembly.ca.gov/files/memberphotos/a76_t_b_horvath.jpg,https://a76.asmdc.org/;https://lcmspubcontact.lc.ca.gov/PublicLCMS/ContactPopup.php?district=AD76&inframe=N,http://assembly.ca.gov/assemblymembers;https://www.assembly.ca.gov/assemblymembers,,,,"325 Carlsbad Village Drive, Suite A-2, Carlsbad, CA 92008",760-434-7605,,,,,,
ocd-person/cecabb81-51ab-46f5-9815-cc3486da0632,Thomas J. Umberg,Democratic,34,upper,Thomas,Umberg,Male,,,,,https://www.senate.ca.gov/sites/senate.ca.gov/files/senator_photos/senator_umberg.jpg,https://senate.ca.gov/sd34;https://lcmspubcontact.lc.ca.gov/PublicLCMS/ContactPopup.php?district=SD34&inframe=N,http://senate.ca.gov/senators;https://www.senate.ca.gov/senators,,,,"1000 East Santa Ana Blvd., Suite 220B, Santa Ana, CA 92701",714-558-3785,,,,,,
ocd-person/0ac8bd1c-0b72-4406-9b13-bb741e42d132,"Thurston ""Smitty"" Smith",Republican,33,lower,Thurston,Smith,,,,,,https://www.assembly.ca.gov/sites/assembly.ca.gov/files/memberphotos/arc_new_member_headshots_asm.ca_.gov_120x150px_smith.jpg,https://ad33.asmrc.org/;https://lcmspubcontact.lc.ca.gov/PublicLCMS/ContactPopup.php?district=AD33&inframe=N,http://assembly.ca.gov/assemblymembers;https://www.assembly.ca.gov/assemblymembers,,,,"9700 Seventh Avenue, Suite 227, Hesperia, CA 92345",760-244-5277,,,,,,
ocd-person/972cffb0-32a6-4cef-8a0f-a8cd901395b0,Timothy S. Grayson,Democratic,14,lower,Timothy,Grayson,Male,,,,,https://www.assembly.ca.gov/sites/assembly.ca.gov/files/memberphotos/ad14_header.jpg,https://a14.asmdc.org;https://lcmspubcontact.lc.ca.gov/PublicLCMS/ContactPopup.php?district=AD14&inframe=N,http://assembly.ca.gov/assemblymembers;https://www.assembly.ca.gov/assemblymembers,,,,"420 Virginia Street, Suite C-1, Vallejo, CA 94590",707-642-0314,,,,,,
ocd-person/1aa5dff4-3d71-4642-a5e6-e3d00a5b99f9,Tina McKinnor,Democratic,62,lower,Tina,McKinnor,,,,,,https://www.assembly.ca.gov/sites/assembly.ca.gov/files/memberphotos/mckinnon_portrait_web.jpg,https://a62.asmdc.org/,https://www.assembly.ca.gov/assemblymembers,,,,"One Manchester Boulevard, Suite 601, Inglewood, CA 90301",310-412-6400,,,,,,
ocd-person/6e15bad0-0813-443e-bc20-83d70860b9b9,Tom Daly,Democratic,69,lower,Tom,Daly,Male,,,,,https://www.assembly.ca.gov/sites/assembly.ca.gov/files/memberphotos/AD69-Daly.jpg,https://a69.asmdc.org/;https://lcmspubcontact.lc.ca.gov/PublicLCMS/ContactPopup.php?district=AD69&inframe=N,http://assembly.ca.gov/assemblymembers;https://www.assembly.ca.gov/assemblymembers,,,,"2400 East Katella Avenue, Suite 640, Anaheim, CA 92806",714-939-8469,,,,,,
ocd-person/a8879d70-713c-4d0c-b723-77d0e96c18df,Tom Lackey,Republican,36,lower,Tom,Lackey,Male,,,,,https://www.assembly.ca.gov/sites/assembly.ca.gov/files/memberphotos/lackey.png,https://ad36.asmrc.org/;https://lcmspubcontact.lc.ca.gov/PublicLCMS/ContactPopup.php?district=AD36&inframe=N,http://assembly.ca.gov/assemblymembers;https://www.assembly.ca.gov/assemblymembers,,,,"41301 12th Street West, Suite F, Palmdale, CA 93551",661-267-7636,,,,,,
ocd-person/426d94ce-e49c-4d56-a185-9eb9c628c006,Toni G. Atkins,Democratic,39,upper,Toni,Atkins,Female,,,,,https://www.senate.ca.gov/sites/senate.ca.gov/files/senator_photos/atkins_018_after_09-28-20.jpg,https://senate.ca.gov/sd39;https://lcmspubcontact.lc.ca.gov/PublicLCMS/ContactPopup.php?district=SD39&inframe=N,http://senate.ca.gov/senators;https://www.senate.ca.gov/senators,,,,"1350 Front Street, Suite 4061, San Diego, CA 92101",619-645-3133,,,,,,
ocd-person/3dc86015-2733-405e-ba6b-715006f4ab19,Vince Fong,Republican,34,lower,Vince,Fong,Male,,,,,https://www.assembly.ca.gov/sites/assembly.ca.gov/files/memberphotos/fong.jpg,https://ad34.asmrc.org/;https://lcmspubcontact.lc.ca.gov/PublicLCMS/ContactPopup.php?district=AD34&inframe=N,http://assembly.ca.gov/assemblymembers;https://www.assembly.ca.gov/assemblymembers,,,,"4550 California Avenue, Suite 740, Bakersfield, CA 93309",661-395-2995,,,,,,
ocd-person/70b66c63-35f1-416d-9816-79d5752481a6,Wendy Carrillo,Democratic,51,lower,Wendy,Carrillo,Female,,,,,https://www.assembly.ca.gov/sites/assembly.ca.gov/files/memberphotos/ad51_carrillo_1.jpg,https://a51.asmdc.org/;https://lcmspubcontact.lc.ca.gov/PublicLCMS/ContactPopup.php?district=AD51&inframe=N,http://assembly.ca.gov/assemblymembers;https://www.assembly.ca.gov/assemblymembers,,,,"1910 West Sunset Boulevard, Suite 810, Los Angeles, CA 90026",213-483-5151,,,,,,
