name,name_first,name_middle,name_last,nickname,name_prefix,name_suffix,image,party,office,title,state,status,district,ethnicity,race,gender,date_of_birth,date_of_death,education,occupation,bio,email_official,email_other,email_campaign,website_official,website_personal,website_campaign,twitter_official,twitter_personal,twitter_campaign,youtube_official,youtube_personal,youtube_campaign,instagram_official,instagram_personal,instagram_campaign,facebook_official,facebook_personal,facebook_campaign,linkedin,rumble,gab,rss,address_campaign,address_capitol,address_district,phone_campaign,phone_capitol,phone_district,fax_capitol,fax_district,contact_form_url,date_assumed_office,appointed_by,appointed_data,confirmed_date,term_end_date,congress_year,thomas ID,lis_id,cspan_id,govtrack_id,votesmart_id,ballotpedia_id,washington_post_id,icpsr_id,wikipedia_id,google_entity_id,Ballotpedia URL,propublica URL,ballotpedia Office ID,govpackpub_id,govpack_id,fec_id,usio_id,opensecrets_id,district_ocd_id,openstates_id,committee_id
Yesli I. Vega,Yesli,I.,Vega,,,,,Republican Party,U.S. House Virginia District 7,U.S. Representative,VA,Challenger,Virginia Congressional District 7,,,,,,,,,,,yesli@yeslivega.com,,,http://yeslivega.com/,,,https://www.twitter.com/yestoyesli,,,https://www.youtube.com/channel/UCU0UJhLd-U0MwzVtFn43acw,,,https://www.instagram.com/yestoyesli/,,,https://www.facebook.com/yestoyesli,,,,,"PO Box #1676 Woodbridge, VA 22195",,,,,,,,,,,,,,,,,,,,,,,,,,,,,,,,,ocd-division/country:us/state:va/cd:7,,
Gina R. Ciarcia,Gina,R.,Ciarcia,,,,https://ginaciarcia.com/wp-content/uploads/2022/01/0024_Gina-Ciarcia-scaled-e1643994416682.jpg,Republican Party,U.S. House Virginia District 7,U.S. Representative,VA,Challenger,Virginia Congressional District 7,,,,,,,,,,,gina@ginaciarcia.com,,,http://ginaciarcia.com/,,,https://www.twitter.com/GinaCiarcia,,,,,,https://www.instagram.com/ginaforvirginia/,,,https://www.facebook.com/Gina4Virginia,,,,,"P.O. Box 669 Dumfries, VA 22026",,,(757) 808-5236,,,,,,,,,,,,,,,,,,,,,,,,,,,,,,ocd-division/country:us/state:va/cd:7,,
Derrick M. Anderson,Derrick,M.,Anderson,,,,https://derrickandersonforva.com/wp-content/uploads/2021/10/Copy-of-3882425E-9447-4C1B-9665-4E936985DE97_1_105_c.jpeg,Republican Party,U.S. House Virginia District 7,U.S. Representative,VA,Challenger,Virginia Congressional District 7,,,,,,,,,,,info@derrickandersonforva.com,,,http://derrickandersonforva.com/,,,https://www.twitter.com/DerrickforVA,,,https://www.youtube.com/channel/UCMXoEIF9W-qKuiJ5r5ViU7g,,,,,,https://www.facebook.com/DerrickAndersonforVA/,,,,,"PO Box 29940 Henrico, VA 23242",,,,,,,,,,,,,,,,,,,,,,,,,,,,,,,,,ocd-division/country:us/state:va/cd:7,,
David Ross,David,,Ross,,,,https://secureservercdn.net/198.71.233.27/3j2.8a6.myftpupload.com/wp-content/uploads/2022/03/cropped-dave-headshot-1.jpg,Republican Party,U.S. House Virginia District 7,U.S. Representative,VA,Challenger,Virginia Congressional District 7,,,,,,,,,,,contact@daveross4liberty.com,,,http://daveross4liberty.com/,,,https://www.twitter.com/Ross4Liberty,,,,,,https://www.instagram.com/daveross4liberty/,,,https://www.facebook.com/DaveRoss4Liberty,,,,,"PO BOX 254, Fredericksburg, VA 22401",,,(571) 594-0814,,,,,,,,,,,,,,,,,,,,,,,,,,,,,,ocd-division/country:us/state:va/cd:7,,
Crystal L. Vanuch,Crystal,L.,Vanuch,,,,,Republican Party,U.S. House Virginia District 7,U.S. Representative,VA,Challenger,Virginia Congressional District 7,,,,,,,,,,,TeamVanuch@CrystalVanuch.com,,,http://crystalvanuch.com/,,,https://www.twitter.com/VoteVanuch,,,https://www.youtube.com/channel/UCOYwMKTTUTLz7R_BCxITTiQ/,,,https://www.instagram.com/votevanuch/,https://www.facebook.com/CrystalVanuchRockHillSupervisor,,https://www.facebook.com/votevanuch,,,,,PO BOX 549 Stafford VA 22554,,,(919) 538-1347,,,,,,,,,,,,,,,,,,,,,,,,,,,,,,ocd-division/country:us/state:va/cd:7,,
Bryce E. Reeves,Bryce,E.,Reeves,,,,https://www.brycereeves.com/wp-content/themes/brycereeves/images/photo-bryce.jpg,Republican Party,U.S. House Virginia District 7,U.S. Representative,VA,Challenger,Virginia Congressional District 7,,,Male,,,,,,district17@senate.virginia.gov,,TeamReeves@BryceReeves.com,,,http://brycereeves.com/,,,https://www.twitter.com/ReevesVA,,,,,,https://www.instagram.com/reevesva/,,,https://www.facebook.com/BryceReevesVA/,,,,,"PO Box 7022 Fredericksburg, VA 22404",,"P.O. Box 7021;Fredericksburg, Virginia 22404",(540) 645-8440,,540-645-8440,,,,,,,,,,,,,,,,,,https://en.wikipedia.org/wiki/Bryce_Reeves,,,,,,,,,,ocd-division/country:us/state:va/cd:7,ocd-person/adb58f21-f2fd-4830-85b6-f490b0867d14,
Victoria I. Virasingh,Victoria,I.,Virasingh,,,,,Democratic Party,U.S. House Virginia District 8,U.S. Representative,VA,Challenger,Virginia Congressional District 8,,,,,,,,,,,info@victoriaforcongress.com,,,http://www.victoriaforcongress.com/,,,https://www.twitter.com/Victoria4VA,,,https://www.youtube.com/channel/UCBLql4yA2mXMJZS-7TSA9Zw,,,https://www.instagram.com/victoria4va/,,,https://www.facebook.com/Victoria4VA,,,,,"P.O. Box 7476 Arlington, VA 22207",,,(703) 677-1875,,,,,,,,,,,,,,,,,,,,,,,,,,,,,,ocd-division/country:us/state:va/cd:8,,
"Donald S. Beyer, Jr.",Donald,S.,Beyer,,,Jr.,https://friendsofdonbeyer.com/wp-content/uploads/2021/11/w6hf2bIJ_400x400.jpeg,Democratic Party,U.S. House Virginia District 8,U.S. Representative,VA,Incumbent,Virginia Congressional District 8,,,Male,1950-06-20,,,,,,,don@friendsofdonbeyer.com,https://beyer.house.gov,,http://friendsofdonbeyer.com/,https://www.twitter.com/RepDonBeyer,,https://www.twitter.com/DonBeyerVA,https://www.youtube.com/channel/UCPJGVbOVcAVGiBwq8qr_T9w,,https://www.youtube.com/channel/UCofteRAicAfU8FSfvUZnjnQ,https://www.instagram.com/repdonbeyer/,,https://www.instagram.com/donbeyerva/,https://www.facebook.com/RepDonBeyer/,,https://www.facebook.com/FriendsofDonBeyer,,,,,"2503-D N. Harrison St., Box #310, Arlington, VA 22207",1119 Longworth House Office Building,,(703) 434-9904,202-225-4376,,,,,,,,,,,,,21141,412657,1707,,,21554,https://en.wikipedia.org/wiki/Don_Beyer,/m/053g16,,https://api.propublica.org/congress/v1/members/B001292.json,,,,H4VA08224,,,ocd-division/country:us/state:va/cd:8,,
L. Tommy Altman III,L.,Tommy,Altman,,,III,,Republican Party,U.S. House Virginia District 2,U.S. Representative,VA,Challenger,Virginia Congressional District 2,,,,,,,,,,,tommy@tommy4va.com,,,https://www.tommy4va.com/,,,https://www.twitter.com/TommyAltman,,,https://www.youtube.com/channel/UCNpPC96dy1TQtnPNCFNCSyA,,,https://www.instagram.com/tommyaltman/,,,https://www.facebook.com/Tommy4VA,,,,,,,,(757) 771-6535,,,,,,,,,,,,,,,,,,,,,,,,,,,,,,ocd-division/country:us/state:va/cd:2,,
Jen A. Kiggans,Jen,A.,Kiggans,,,,https://jenforcongress.com/wp-content/uploads/2021/04/500x500_jen_kiggans.png,Republican Party,U.S. House Virginia District 2,U.S. Representative,VA,Challenger,Virginia Congressional District 2,,,,,,,,,,,info@jenforcongress.com,,,http://jenforcongress.com/,,,https://www.twitter.com/JenKiggans,,,https://www.youtube.com/channel/UCW3bW8IMz1s3QK2f5o9hI4w,,,https://www.instagram.com/jenkiggans/,,,https://www.facebook.com/Jen4VA,,,,,"P.O. Box 5042 Virginia Beach, VA 23471",,,(757) 204-5832,,,,,,,,,,,,,,,,,,,,https://en.wikipedia.org/wiki/Jen_Kiggans,,,,,,,,,,ocd-division/country:us/state:va/cd:2,,
Jarome Bell,Jarome,,Bell,,,,https://jaromebellforcongress.com/wp-content/uploads/2021/11/2021_08_07_Jarome_Bell_0926_V1-min-1536x1025.jpg,Republican Party,U.S. House Virginia District 2,U.S. Representative,VA,Challenger,Virginia Congressional District 2,,,,,,,,,,,Team@JaromeBellforCongress.com,,,http://jaromebellforcongress.com/,,,,,,,,,https://www.instagram.com/jaromebellforcongress/,,,https://www.facebook.com/JaromeBellVA,,,,,"PO Box 6775 Virginia Beach, VA 23456",,,(202) 230-9774,,,,,,,,,,,,,,,,,,,,,,,,,,,,,,ocd-division/country:us/state:va/cd:2,,
"Andrew G. ""Andy"" Baan",Andrew,"G. ""Andy""",Baan,,,,https://andybaan.com/wp-content/uploads/2022/02/IMG_5027-scaled.jpg,Republican Party,U.S. House Virginia District 2,U.S. Representative,VA,Challenger,Virginia Congressional District 2,,,,,,,,,,,info@andybaan.com,,,http://andybaan.com/,,,https://www.twitter.com/andybaan,,,,,,,,,https://www.facebook.com/andybaancongress,,,,,,,,(757) 561-0873,,,,,,,,,,,,,,,,,,,,,,,,,,,,,,ocd-division/country:us/state:va/cd:2,,
Terry T. Namkung,Terry,T.,Namkung,,,,https://namkungforvirginia.com/wp-content/uploads/2021/12/0109_Terry-Namkung-Nov2021-2.jpg,Republican Party,U.S. House Virginia District 3,U.S. Representative,VA,Challenger,Virginia Congressional District 3,,,,,,,,,,,info@namkungforvirginia.com,,,http://namkungforvirginia.com/,,,https://www.twitter.com/TerryNamkung,,,https://www.youtube.com/channel/UCJn83Watgh3azVfVEqiFK7Q,,,,,,https://www.facebook.com/TerryNamkungForCongress,,,,,"P.O. Box 15441 Newport News, VA 23608",,,(757) 509-5253,,,,,,,,,,,,,,,,,,,,,,,,,,,,,,ocd-division/country:us/state:va/cd:3,,
Ted W. Engquist,Ted,W.,Engquist,,,,https://tedforcongress2022.com/wp-content/uploads/2021/04/2021_Engquist_Ted_300x300.jpg,Republican Party,U.S. House Virginia District 3,U.S. Representative,VA,Challenger,Virginia Congressional District 3,,,,,,,,,,,tede@tedforcongress2022.com,,,http://tedforcongress2022.com/,,,https://www.twitter.com/TedEngquist,,,https://www.youtube.com/channel/UCqegb5_X4NJxfBgX00N0JRA,,,https://www.instagram.com/tedengquist/,,,https://www.facebook.com/TedEngquistforCongress/,,,,,,,,(571) 334-6067,,,,,,,,,,,,,,,,,,,,,,,,,,,,,,ocd-division/country:us/state:va/cd:3,,
Merritt D. Hale,Merritt,D.,Hale,,,,https://kajabi-storefronts-production.kajabi-cdn.com/kajabi-storefronts-production/themes/2149419201/settings_images/oRniyimgS2emqvNKZINj_file.jpg,Republican Party,U.S. House Virginia District 6,U.S. Representative,VA,Challenger,Virginia Congressional District 6,,,,,,,,,,,teamhale@merritthaleforcongress.com,,,http://merritthaleforcongress.com/,,,https://www.twitter.com/MerrittHale,,,,,,https://www.instagram.com/merritthale/,,,https://www.facebook.com/merritthaleforcongress,,,,,"PO BOX 302 Clear Brook, VA 22624",,,(540) 554-1671,,,,,,,,,,,,,,,,,,,,,,,,,,,,,,ocd-division/country:us/state:va/cd:6,,
Ben L. Cline,Ben,L.,Cline,,,,https://bencline.com/wp-content/uploads/2021/11/hero_cropped-scaled.jpg,Republican Party,U.S. House Virginia District 6,U.S. Representative,VA,Incumbent,Virginia Congressional District 6,,,Male,1972-02-29,,,,,,,info@benclineforcongress.com,https://cline.house.gov,,https://bencline.com/,https://www.twitter.com/RepBenCline,,https://www.twitter.com/Cline4Virginia,https://www.youtube.com/channel/UCQYI19aNR1xdhX2BCkDQSGg/,,,https://www.instagram.com/repbencline/,,https://www.instagram.com/benclineforcongress/,https://www.facebook.com/RepBenCline,,https://www.facebook.com/BenCline4Congress,,,,,"P.O. Box 1790 Harrisonburg, VA 22803",2443 Rayburn House Office Building,,(540) 744-2606,202-225-5431,,,,,,,,,,,,,,412832,50959,,,,https://en.wikipedia.org/wiki/Ben_Cline,/m/04yf6mk,,https://api.propublica.org/congress/v1/members/C001118.json,,,,H8VA06104,,,ocd-division/country:us/state:va/cd:6,,
A.C. Cordoza,A.C.,,Cordoza,,,,http://memdata.virginiageneralassembly.gov/images/display_image/H0337,Republican,Virginia State House District 91,Virginia State Representative,VA,Incumbent,Virginia State House District 91,,,,,,,,,delaccordoza@house.virginia.gov,,,,,,,,,,,,,,,,,,,,,,,,"; ,",,,804-698-1091,,,,,,,,,,,,,,,,,,,,,,,,,,,,,ocd-person/893606ce-e251-4dad-8a0f-f101acde8a7f,
Adam P. Ebbin,Adam,P.,Ebbin,,,,https://apps.lis.virginia.gov/senatepics/newbiopics/Ebbin30.jpg,Democratic,Virginia State Senate District 30,Virginia State Senator,VA,Incumbent,Virginia State Senate District 30,,,Male,,,,,,district30@senate.virginia.gov,,,,,,,,https://www.twitter.com/AdamEbbin,,,,,,,,,https://www.facebook.com/EbbinCampaign,,,,,,,"P.O. Box 26415;Alexandria, Virginia 22313",,,571-384-8957,,,,,,,,,,,,,,,,,,,,,,,,,,,,,ocd-person/2a48661b-97f1-4b4c-a131-26290542f1ec,
Alfonso H. Lopez,Alfonso,H.,Lopez,,,,http://memdata.virginiageneralassembly.gov/images/display_image/H0239,Democratic,Virginia State House District 49,Virginia State Representative,VA,Incumbent,Virginia State House District 49,,,Male,,,,,,DelALopez@house.virginia.gov,,,,,,,,https://www.twitter.com/Lopez4VA,,,,,,,,,https://www.facebook.com/Lopez4VA,,,,,,,"P.O. Box 40366;Arlington, Virginia 22204",,,571-336-2147,,,,,,,,,,,,,,,,,,,,,,,,,,,,,ocd-person/ed935430-db59-4962-91f7-c0eeca2ef8e2,
Amanda E. Batten,Amanda,E.,Batten,,,,http://memdata.virginiageneralassembly.gov/images/display_image/H0313,Republican,Virginia State House District 96,Virginia State Representative,VA,Incumbent,Virginia State House District 96,,,,,,,,,DelABatten@house.virginia.gov,,,,,,,,,,,,,,,,,https://www.facebook.com/AmandaBatten4Delegate,,,,,,,"P.O. Box 194;Norge, Virginia 23127",,,804-698-1096,,,,,,,,,,,,,,,,,,,,,,,,,,,,,ocd-person/3978e9b7-e219-4863-9788-1bf7991d32fb,
Amanda F. Chase,Amanda,F.,Chase,,,,https://apps.lis.virginia.gov/senatepics/newbiopics/Chase11.jpg,Republican,Virginia State Senate District 11,Virginia State Senator,VA,Incumbent,Virginia State Senate District 11,,,Female,,,,,,district11@senate.virginia.gov,,,,,,,,https://www.twitter.com/AmandaChaseVA,,,,,,,,,https://www.facebook.com/Chase4Senate,,,,,,,"P.O. Box 5811;Midlothian, Virginia 23112",,,804-698-7511,,,,,,,,,,,,,,,,,,,,,,,,,,,,,ocd-person/259aaf2e-5bf0-4a51-914b-f31de22e6264,
Angelia Williams Graves,Angelia,Williams,Graves,,,,http://memdata.virginiageneralassembly.gov/images/display_image/H0331,Democratic,Virginia State House District 90,Virginia State Representative,VA,Incumbent,Virginia State House District 90,,,Female,,,,,,DelAGraves@house.virginia.gov,,,,,,,,https://www.twitter.com/AWGNorfolk,,,,,,,,,https://www.facebook.com/awgnorfolk,,,,,,,"Pocahontas Building; 900 East Main Street; Richmond, Virginia 23219",,,804-698-1090,,,,,,,,,,,,,,,,,,,,,,,,,,,,,ocd-person/f747c790-f609-4da1-b125-73f1807e1430,
Anne Ferrell Tata,Anne,Ferrell,Tata,,,,http://memdata.virginiageneralassembly.gov/images/display_image/H0345,Republican,Virginia State House District 82,Virginia State Representative,VA,Incumbent,Virginia State House District 82,,,,,,,,,delaftata@house.virginia.gov,,,,,,,,,,,,,,,,,,,,,,,,"P.O. Box 1442; Virginia Beach, Virginia 23451",,,804-698-1082,,,,,,,,,,,,,,,,,,,,,,,,,,,,,ocd-person/9fd6fbd7-5e4e-4426-9d5a-43173ab01489,
Barbara A. Favola,Barbara,A.,Favola,,,,https://apps.lis.virginia.gov/senatepics/newbiopics/FavolaBW2014.png,Democratic,Virginia State Senate District 31,Virginia State Senator,VA,Incumbent,Virginia State Senate District 31,,,Female,,,,,,district31@senate.virginia.gov,,,,,,,,https://www.twitter.com/BarbaraFavola,,,,,,,,,https://www.facebook.com/BarbaraFavola,,,,,,,"2319 18th Street North;Arlington, Virginia 22201-3506",,,703-835-4845,,,,,,,,,,,,,,,,,,,,,,,,,,,,,ocd-person/72ecc30c-7175-4aef-9762-fda3ba5b451e,
Barry D. Knight,Barry,D.,Knight,,,,http://memdata.virginiageneralassembly.gov/images/display_image/H0206,Republican,Virginia State House District 81,Virginia State Representative,VA,Incumbent,Virginia State House District 81,,,Male,,,,,,DelBKnight@house.virginia.gov,,,,,,,,https://www.twitter.com/BarryKnight81,,,,,,,,,https://www.facebook.com/BarryKnight81,,,,,,,"1852 Mill Landing Road;Virginia Beach, Virginia 23457",,,757-426-6387,,,,,,,,,,,,,,,,,,,,,,,,,,,,,ocd-person/ad635a25-a109-47ab-97dc-9b7042d65da1,
Betsy B. Carr,Betsy,B.,Carr,,,,http://memdata.virginiageneralassembly.gov/images/display_image/H0212,Democratic,Virginia State House District 69,Virginia State Representative,VA,Incumbent,Virginia State House District 69,,,Female,,,,,,DelBCarr@house.virginia.gov,,,,,,,,,,,,,,,,,https://www.facebook.com/delegatebetsycarr,,,,,,,"P.O. Box 406;Richmond, Virginia 23218",,,804-698-1069,,,,,,,,,,,,,,,,,,,,,,,,,,,,,ocd-person/a6f78488-1c78-4409-8c4a-bf0d0920e852,
Bill DeSteph,Bill,,DeSteph,,,,https://apps.lis.virginia.gov/senatepics/newbiopics/DeSteph08.jpg,Republican,Virginia State Senate District 8,Virginia State Senator,VA,Incumbent,Virginia State Senate District 8,,,Male,,,,,,district08@senate.virginia.gov,,,,,,,,https://www.twitter.com/BillDeSteph,,,,,,,,,https://www.facebook.com/destephforva,,,,,,,"588 Central Drive;Virginia Beach, Virginia 23454",,,757-321-8180,,,,,,,,,,,,,,,,,,,,,,,,,,,,,ocd-person/ec14a514-ce1c-4fba-b053-fcf133793445,
Briana D. Sewell,Briana,D.,Sewell,,,,http://memdata.virginiageneralassembly.gov/images/display_image/H0343,Democratic,Virginia State House District 51,Virginia State Representative,VA,Incumbent,Virginia State House District 51,,,,,,,,,delbsewell@house.virginia.gov,,,,,,,,,,,,,,,,,,,,,,,,"P.O. Box 1849; Woodbridge, Virginia 22195",,,804-698-1051,,,,,,,,,,,,,,,,,,,,,,,,,,,,,ocd-person/23775904-887c-4a2c-9424-0683608193ba,
C. Matthew Fariss,C.,Matthew,Fariss,,,,http://memdata.virginiageneralassembly.gov/images/display_image/H0235,Republican,Virginia State House District 59,Virginia State Representative,VA,Incumbent,Virginia State House District 59,,,Male,,,,,,DelMFariss@house.virginia.gov,,,,,,,,,,,,,,,,,https://www.facebook.com/DelegateMattFariss,,,,,,,"243-C Livestock Road;Rustburg, Virginia 24588",,,434-821-5929,,,,,,,,,,,,,,,,,,,,,,,,,,,,,ocd-person/4891aa8b-b435-41a6-b17e-fdf59f88aa4a,
C. Todd Gilbert,C.,Todd,Gilbert,,,,http://memdata.virginiageneralassembly.gov/images/display_image/H0181,Republican,Virginia State House District 15,Virginia State Representative,VA,Incumbent,Virginia State House District 15,,,Male,,,,,,DelTGilbert@house.virginia.gov,,,,,,,,https://www.twitter.com/ctoddgilbert,,,,,,,,,https://www.facebook.com/DelegateToddGilbert,,,,,,,"P.O. Box 309;Woodstock, Virginia 22664",,,540-459-7550,,,,,,,,,,,,,,,,,,,,,,,,,,,,,ocd-person/a399b7a4-a0d9-4cf3-9f0b-39f57d9f7c90,
"C.E. Cliff Hayes, Jr.",C.E.,Cliff,Hayes,,,Jr.,http://memdata.virginiageneralassembly.gov/images/display_image/H0285,Democratic,Virginia State House District 77,Virginia State Representative,VA,Incumbent,Virginia State House District 77,,,Male,,,,,,DelCHayes@house.virginia.gov,,,,,,,,https://www.twitter.com/CliffHayesJr,,,,,,,,,https://www.facebook.com/CliffHayesJr,,,,,,,"P.O. Box 5142;Chesapeake, Virginia 23324",,,757-364-0272,,,,,,,,,,,,,,,,,,,,,,,,,,,,,ocd-person/77b071e3-b8fa-4455-b2e6-3d487a8145c8,
Candi Mundon King,Candi,Mundon,King,,,,http://memdata.virginiageneralassembly.gov/images/display_image/H0330,Democratic,Virginia State House District 2,Virginia State Representative,VA,Incumbent,Virginia State House District 2,,,,,,,,,DelCMundonKing@house.virginia.gov,,,,,,,,https://www.twitter.com/CandiKingForHD2,,,,,,,,,https://www.facebook.com/candikingforvahd2,,,,,,,,,,,,,,,,,,,,,,,,,,,,,,,,,,,,,,,ocd-person/b04d518c-c077-4f41-82d7-8cd55ac1a54b,
Carrie E. Coyner,Carrie,E.,Coyner,,,,http://memdata.virginiageneralassembly.gov/images/display_image/H0315,Republican,Virginia State House District 62,Virginia State Representative,VA,Incumbent,Virginia State House District 62,,,,,,,,,DelCCoyner@house.virginia.gov,,,,,,,,https://www.twitter.com/CarrieCoyner,,,,,,,,,https://www.facebook.com/CarrieCoyner,,,,,,,";,",,,804-698-1062,,,,,,,,,,,,,,,,,,,,,,,,,,,,,ocd-person/924fd509-0a9c-45c2-a51b-68ed24bd11fe,
Charniele L. Herring,Charniele,L.,Herring,,,,http://memdata.virginiageneralassembly.gov/images/display_image/H0208,Democratic,Virginia State House District 46,Virginia State Representative,VA,Incumbent,Virginia State House District 46,,,Female,,,,,,DelCHerring@house.virginia.gov,,,,,,,,https://www.twitter.com/c_herring,,,,,,,,,https://www.facebook.com/charnieleherring,,,,,,,"P.O. Box 11779;Alexandria, Virginia 22312",,,703-606-9705,,,,,,,,,,,,,,,,,,,,,,,,,,,,,ocd-person/a0b9b444-ee25-48a1-ab61-cf0be462e89d,
Chris S. Runion,Chris,S.,Runion,,,,http://memdata.virginiageneralassembly.gov/images/display_image/H0321,Republican,Virginia State House District 25,Virginia State Representative,VA,Incumbent,Virginia State House District 25,,,,,,,,,DelCRunion@house.virginia.gov,,,,,,,,https://www.twitter.com/chrisrunionva,,,,,,,,,https://www.facebook.com/chrisrunionforva,,,,,,,"P.O. Box 202;Bridgewater, Virginia 22812",,,804-698-1025,,,,,,,,,,,,,,,,,,,,,,,,,,,,,ocd-person/bbb38d6c-3b3d-4ce8-bb2f-3d9346ff86f7,
Christopher T. Head,Christopher,T.,Head,,,,http://memdata.virginiageneralassembly.gov/images/display_image/H0237,Republican,Virginia State House District 17,Virginia State Representative,VA,Incumbent,Virginia State House District 17,,,Male,,,,,,DelCHead@house.virginia.gov,,,,,,,,https://www.twitter.com/DelChrisHead,,,,,,,,,https://www.facebook.com/DelChrisHead,,,,,,,"P.O. Box 19130;Roanoke, Virginia 24019",,,540-283-2839,,,,,,,,,,,,,,,,,,,,,,,,,,,,,ocd-person/3a8cbf64-e1b7-43b6-ade9-57808519405a,
Clinton L. Jenkins,Clinton,L.,Jenkins,,,,http://memdata.virginiageneralassembly.gov/images/display_image/H0319,Democratic,Virginia State House District 76,Virginia State Representative,VA,Incumbent,Virginia State House District 76,,,,,,,,,DelCJenkins@house.virginia.gov,,,,,,,,https://www.twitter.com/ClintonHD76,,,,,,,,,https://www.facebook.com/ClintLJenkins,,,,,,,"P.O. Box 4305;Suffolk, Virginia 23434",,,804-698-1076,,,,,,,,,,,,,,,,,,,,,,,,,,,,,ocd-person/611b17de-8fd9-402a-bade-e21f9bd3e762,
Dan I. Helmer,Dan,I.,Helmer,,,,http://memdata.virginiageneralassembly.gov/images/display_image/H0317,Democratic,Virginia State House District 40,Virginia State Representative,VA,Incumbent,Virginia State House District 40,,,,,,,,,DelDHelmer@house.virginia.gov,,,,,,,,https://www.twitter.com/helmerVA,,,,,,,,,https://www.facebook.com/HelmerVA,,,,,,,"P.O. Box 7267;Fairfax, Virginia 22039",,,804-698-1040,,,,,,,,,,,,,,,,,,,,,,,,,,,,,ocd-person/5e5e025d-7e50-4c2f-ba81-720f19aa0d81,
Danica A. Roem,Danica,A.,Roem,,,,http://memdata.virginiageneralassembly.gov/images/display_image/H0303,Democratic,Virginia State House District 13,Virginia State Representative,VA,Incumbent,Virginia State House District 13,,,Female,,,,,,DelDRoem@house.virginia.gov,,,,,,,,https://www.twitter.com/pwcdanica,,,,,,,,,https://www.facebook.com/danicafordelegate,,,,,,,"P.O. Box 726;Manassas, Virginia 20113",,,571-393-0242,,,,,,,,,,,,,,,,,,,,,,,,,,,,,ocd-person/3a2855f7-5ff7-4c5e-9d28-803d99f19d3f,
"Daniel W. Marshall, III",Daniel,W.,Marshall,,,III,http://memdata.virginiageneralassembly.gov/images/display_image/H0150,Republican,Virginia State House District 14,Virginia State Representative,VA,Incumbent,Virginia State House District 14,,,Male,,,,,,DelDMarshall@house.virginia.gov,,,,,,,,https://www.twitter.com/dwmarshall3,,,,,,,,,https://www.facebook.com/Danny-Marshall-80885677477,,,,,,,"P.O. Box 439;Danville, Virginia 24543",,,434-797-5861,,,,,,,,,,,,,,,,,,,,,,,,,,,,,ocd-person/edd2e848-f30a-48fc-811a-35f6591f0a34,
Dave A. LaRock,Dave,A.,LaRock,,,,http://memdata.virginiageneralassembly.gov/images/display_image/H0261,Republican,Virginia State House District 33,Virginia State Representative,VA,Incumbent,Virginia State House District 33,,,Male,,,,,,DelDLaRock@house.virginia.gov,,,,,,,,https://www.twitter.com/LaRock4Delegate,,,,,,,,,https://www.facebook.com/DelegateDaveLaRock,,,,,,,"P.O. Box 6;Hamilton, Virginia 20159",,,540-751-8364,,,,,,,,,,,,,,,,,,,,,,,,,,,,,ocd-person/1fb9515b-440c-45f4-92e9-6276ffd4a9dd,
David A. Reid,David,A.,Reid,,,,http://memdata.virginiageneralassembly.gov/images/display_image/H0301,Democratic,Virginia State House District 32,Virginia State Representative,VA,Incumbent,Virginia State House District 32,,,Male,,,,,,DelDReid@house.virginia.gov,,,,,,,,https://www.twitter.com/davidreidva,,,,,,,,,https://www.facebook.com/delegatedavid,,,,,,,"P.O. Box 4132;Ashburn, Virginia 20148",,,703-662-1395,,,,,,,,,,,,,,,,,,,,,,,,,,,,,ocd-person/0258144f-e8e8-4710-a80c-362f2077f57b,
David L. Bulova,David,L.,Bulova,,,,http://memdata.virginiageneralassembly.gov/images/display_image/H0177,Democratic,Virginia State House District 37,Virginia State Representative,VA,Incumbent,Virginia State House District 37,,,Male,,,,,,DelDBulova@house.virginia.gov,,,,,,,,https://www.twitter.com/davidbulova,,,,,,,,,https://www.facebook.com/DelegateDavidBulova,,,,,,,"P.O. Box 106;Fairfax Station, Virginia 22039",,,703-310-6752,,,,,,,,,,,,,,,,,,,,,,,,,,,,,ocd-person/07903462-a2a0-4dd2-9b67-1dc42eec240a,
David R. Suetterlein,David,R.,Suetterlein,,,,https://apps.lis.virginia.gov/senatepics/newbiopics/Sutterlein19.jpg,Republican,Virginia State Senate District 19,Virginia State Senator,VA,Incumbent,Virginia State Senate District 19,,,Male,,,,,,district19@senate.virginia.gov,,,,,,,,https://www.twitter.com/DRSuetterlein,,,,,,,,,https://www.facebook.com/suetterlein,,,,,,,"P.O. Box 20237;Roanoke, Virginia 24018",,,540-302-8486,,,,,,,,,,,,,,,,,,,,,,,,,,,,,ocd-person/73e0de29-93b1-4c5c-af72-6c4a3d3950bd,
David W. Marsden,David,W.,Marsden,,,,https://apps.lis.virginia.gov/senatepics/newbiopics/Marsden37.jpg,Democratic,Virginia State Senate District 37,Virginia State Senator,VA,Incumbent,Virginia State Senate District 37,,,Male,,,,,,district37@senate.virginia.gov,,,,,,,,https://www.twitter.com/SenDaveMarsden,,,,,,,,,https://www.facebook.com/Dave-Marsden-for-Senate-193359812373,,,,,,,"P.O. Box 10889;Burke, Virginia 22009",,,571-249-3037,,,,,,,,,,,,,,,,,,,,,,,,,,,,,ocd-person/22817a2c-911a-458a-b2a6-b7f237ef68f0,
Dawn M. Adams,Dawn,M.,Adams,,,,http://memdata.virginiageneralassembly.gov/images/display_image/H0289,Democratic,Virginia State House District 68,Virginia State Representative,VA,Incumbent,Virginia State House District 68,,,Female,,,,,,DelDAdams@house.virginia.gov,,,,,,,,,,,,,,,,,https://www.facebook.com/DelegateDMAdams,,,,,,,"P.O. Box 25331;Richmond, Virginia 23260",,,804-698-1068,,,,,,,,,,,,,,,,,,,,,,,,,,,,,ocd-person/2d316e99-1957-4f6a-91fa-132319dba7b8,
Delores L. McQuinn,Delores,L.,McQuinn,,,,http://memdata.virginiageneralassembly.gov/images/display_image/H0207,Democratic,Virginia State House District 70,Virginia State Representative,VA,Incumbent,Virginia State House District 70,,,Female,,,,,,DelDMcQuinn@house.virginia.gov,,,,,,,,,,,,,,,,,https://www.facebook.com/mcquinncampaign,,,,,,,"P.O. Box 406;Richmond, Virginia 23218",,,804-698-1070,,,,,,,,,,,,,,,,,,,,,,,,,,,,,ocd-person/4ae07d5d-1da3-4370-b796-7698013ca994,
Don L. Scott,Don,L.,Scott,,,,http://memdata.virginiageneralassembly.gov/images/display_image/H0322,Democratic,Virginia State House District 80,Virginia State Representative,VA,Incumbent,Virginia State House District 80,,,,,,,,,DelDScott@house.virginia.gov,,,,,,,,https://www.twitter.com/donscott757,,,,,,,,,https://www.facebook.com/friendsofdonscott,,,,,,,";,",,,804-698-1080,,,,,,,,,,,,,,,,,,,,,,,,,,,,,ocd-person/f8cafb3b-ed12-40e9-b062-318790434179,
Eileen Filler-Corn,Eileen,,Filler-Corn,,,,http://memdata.virginiageneralassembly.gov/images/display_image/H0229,Democratic,Virginia State House District 41,Virginia State Representative,VA,Incumbent,Virginia State House District 41,,,Female,,,,,,DelEFiller-Corn@house.virginia.gov,,,,,,,,https://www.twitter.com/EFillerCorn,,,,,,,,,https://www.facebook.com/DelegateEileenFillerCorn,,,,,,,"P.O. Box 523082;Springfield, Virginia 22152",,,571-249-3453,,,,,,,,,,,,,,,,,,,,,,,,,,,,,ocd-person/dde1867a-629a-4cb8-aa88-0d4d9f03020d,
Elizabeth B. Bennett-Parker,Elizabeth,B.,Bennett-Parker,,,,http://memdata.virginiageneralassembly.gov/images/display_image/H0334,Democratic,Virginia State House District 45,Virginia State Representative,VA,Incumbent,Virginia State House District 45,,,,,,,,,DelEBennett-Parker@house.virginia.gov,,,,,,,,,,,,,,,,,,,,,,,,"107 South West Street; #152; Alexandria, Virginia 22314",,,804-698-1045,,,,,,,,,,,,,,,,,,,,,,,,,,,,,ocd-person/c3b0c2fc-c7bf-45f8-8ee3-50d5a57bad08,
Elizabeth R. Guzman,Elizabeth,R.,Guzman,,,,http://memdata.virginiageneralassembly.gov/images/display_image/H0297,Democratic,Virginia State House District 31,Virginia State Representative,VA,Incumbent,Virginia State House District 31,,,Female,,,,,,DelEGuzman@house.virginia.gov,,,,,,,,https://www.twitter.com/delegateguzman,,,,,,,,,https://www.facebook.com/elizabethguzmanva,,,,,,,"P.O. Box 1818;Woodbridge, Virginia 22195",,,571-403-1213,,,,,,,,,,,,,,,,,,,,,,,,,,,,,ocd-person/34c31079-0077-4ce5-9985-d0f2a95a12a7,
Emily M. Brewer,Emily,M.,Brewer,,,,http://memdata.virginiageneralassembly.gov/images/display_image/H0291,Republican,Virginia State House District 64,Virginia State Representative,VA,Incumbent,Virginia State House District 64,,,Female,,,,,,DelEBrewer@house.virginia.gov,,,,,,,,https://www.twitter.com/BrewerForVA,,,,,,,,,https://www.facebook.com/BrewerForVA,,,,,,,"P.O. Box 5;Smithfield, Virginia 23431",,,757-239-1213,,,,,,,,,,,,,,,,,,,,,,,,,,,,,ocd-person/f1a906cd-6602-492c-88dc-61887401c346,
"Emmett W. Hanger, Jr.",Emmett,W.,Hanger,,,Jr.,https://apps.lis.virginia.gov/senatepics/newbiopics/Hanger24.jpg,Republican,Virginia State Senate District 24,Virginia State Senator,VA,Incumbent,Virginia State Senate District 24,,,Male,,,,,,district24@senate.virginia.gov,,,,,,,,https://www.twitter.com/Emmett_Hanger,,,,,,,,,https://www.facebook.com/EmmettHanger,,,,,,,"P.O. Box 2;Mount Solon, Virginia 22843-0002",,,540-885-6898,,,,,,,,,,,,,,,,,,,,,,,,,,,,,ocd-person/788c74c0-a559-486c-aeb6-538665095f60,
"Frank M. Ruff, Jr.",Frank,M.,Ruff,,,Jr.,https://apps.lis.virginia.gov/senatepics/newbiopics/Ruff15.jpg,Republican,Virginia State Senate District 15,Virginia State Senator,VA,Incumbent,Virginia State Senate District 15,,,Male,,,,,,district15@senate.virginia.gov,,,,,,,,,,,,,,,,,https://www.facebook.com/frank.ruffjr,,,,,,,"P.O. Box 332;Clarksville, Virginia 23927",,,434-374-5129,,,,,,,,,,,,,,,,,,,,,,,,,,,,,ocd-person/7adbc89e-807a-476b-abb2-59f538389e2a,
"G. ""John"" Avoli",G.,,Avoli,"""John""",,,http://memdata.virginiageneralassembly.gov/images/display_image/H0312,Republican,Virginia State House District 20,Virginia State Representative,VA,Incumbent,Virginia State House District 20,,,,,,,,,DelJAvoli@house.virginia.gov,,,,,,,,,,,,,,,,,https://www.facebook.com/johnavolifordelegate,,,,,,,"P.O. Box 1942;Staunton, Virginia 24402",,,804-698-1020,,,,,,,,,,,,,,,,,,,,,,,,,,,,,ocd-person/e0ad74fb-b754-4bf0-a0a0-493a74988800,
George L. Barker,George,L.,Barker,,,,https://apps.lis.virginia.gov/senatepics/newbiopics/Barker39.jpg,Democratic,Virginia State Senate District 39,Virginia State Senator,VA,Incumbent,Virginia State Senate District 39,,,Male,,,,,,district39@senate.virginia.gov,,,,,,,,https://www.twitter.com/GeorgeLBarker,,,,,,,,,https://www.facebook.com/SenatorBarker,,,,,,,"P.O. Box 10527;Alexandria, Virginia 22310",,,703-303-1426,,,,,,,,,,,,,,,,,,,,,,,,,,,,,ocd-person/ce421372-8e2a-43ec-8203-87ec166a23dd,
Ghazala F. Hashmi,Ghazala,F.,Hashmi,,,,https://apps.lis.virginia.gov/senatepics/newbiopics/Hashmi10.jpg,Democratic,Virginia State Senate District 10,Virginia State Senator,VA,Incumbent,Virginia State Senate District 10,,,,,,,,,district10@senate.virginia.gov,,,,,,,,https://www.twitter.com/Hashmi4Va,,,,,,,,,https://www.facebook.com/SenatorGhazalaHashmi,,,,,,,"P.O. Box 396; Richmond, Virginia 23218",,,804-698-7510,,,,,,,,,,,,,,,,,,,,,,,,,,,,,ocd-person/2ae6c10e-e6d0-4033-927f-0b067b2ba0fc,
Glenn R. Davis,Glenn,R.,Davis,,,,http://memdata.virginiageneralassembly.gov/images/display_image/H0257,Republican,Virginia State House District 84,Virginia State Representative,VA,Incumbent,Virginia State House District 84,,,Male,,,,,,DelGDavis@house.virginia.gov,,,,,,,,https://www.twitter.com/delglenndavis,,,,,,,,,https://www.facebook.com/delgdavis,,,,,,,"One Columbus Center;#695;Virginia Beach, Virginia 23462",,,757-802-4982,,,,,,,,,,,,,,,,,,,,,,,,,,,,,ocd-person/fc4a49e2-acc8-410d-b80f-b291b0885446,
"H. Otto Wachsmann, Jr.",H.,Otto,Wachsmann,,,Jr.,http://memdata.virginiageneralassembly.gov/images/display_image/H0347,Republican,Virginia State House District 75,Virginia State Representative,VA,Incumbent,Virginia State House District 75,,,,,,,,,delowachsmann@house.virginia.gov,,,,,,,,,,,,,,,,,,,,,,,,"P.O. Box 268; Stony Creek, Virginia 23882",,,804-698-1075,,,,,,,,,,,,,,,,,,,,,,,,,,,,,ocd-person/496f9aa1-91ba-4386-9530-f52ea56e17bf,
"Hyland F. ""Buddy"" Fowler, Jr.",,,,,,,http://memdata.virginiageneralassembly.gov/images/display_image/H0259,Republican,Virginia State House District 55,Virginia State Representative,VA,Incumbent,Virginia State House District 55,,,Male,,,,,,DelBFowler@house.virginia.gov,,,,,,,,,,,,,,,,,https://www.facebook.com/H-Buddy-Fowler-55th-District-of-VA-House-of-Delegates-580739761936432,,,,,,,"10321 Washington Highway;Glen Allen, Virginia 23059",,,804-305-8867,,,,,,,,,,,,,,,,,,,,,,,,,,,,,ocd-person/e2ce02ec-6a92-435d-8ae2-bead5abe5ace,
Irene Shin,Irene,,Shin,,,,http://memdata.virginiageneralassembly.gov/images/display_image/H0344,Democratic,Virginia State House District 86,Virginia State Representative,VA,Incumbent,Virginia State House District 86,,,,,,,,,delishin@house.virginia.gov,,,,,,,,,,,,,,,,,,,,,,,,"P.O. Box 5501; Herndon, Virginia 20172",,,804-698-1086,,,,,,,,,,,,,,,,,,,,,,,,,,,,,ocd-person/3f02dc5d-5107-4620-add7-c32a2ea8bf44,
Israel D. O'Quinn,Israel,D.,O'Quinn,,,,http://memdata.virginiageneralassembly.gov/images/display_image/H0242,Republican,Virginia State House District 5,Virginia State Representative,VA,Incumbent,Virginia State House District 5,,,Male,,,,,,DelIOQuinn@house.virginia.gov,,,,,,,,https://www.twitter.com/IsraelOQuinn,,,,,,,,,https://www.facebook.com/israeloquinn,,,,,,,"101 Martin Luther King Jr. Blvd.;P.O. Box 16325;Bristol, Virginia 24201",,,276-525-1311,,,,,,,,,,,,,,,,,,,,,,,,,,,,,ocd-person/4524f0db-f682-4b90-9cd5-628eb1d16ca7,
J. Chapman Petersen,J.,Chapman,Petersen,,,,https://apps.lis.virginia.gov/senatepics/newbiopics/Petersen34.jpg,Democratic,Virginia State Senate District 34,Virginia State Senator,VA,Incumbent,Virginia State Senate District 34,,,Male,,,,,,district34@senate.virginia.gov,,,,,,,,https://www.twitter.com/chappetersen,,,,,,,,,https://www.facebook.com/ChapPetersenVASenator,,,,,,,"P.O. Box 1066;Fairfax, Virginia 22038",,,703-349-3361,,,,,,,,,,,,,,,,,,,,,,,,,,,,,ocd-person/34dcba2f-aef9-42fe-8ab9-266e5d5e98e9,
Jackie H. Glass,Jackie,H.,Glass,,,,http://memdata.virginiageneralassembly.gov/images/display_image/H0349,Democratic,Virginia State House District 89,Virginia State Representative,VA,Incumbent,Virginia State House District 89,,,,,,,,,deljglass@house.virginia.gov,,,,,,,,,,,,,,,,,,,,,,,,"P.O. Box 99071; Norfolk, VA 23509",,,804-698-1014,,,,,,,,,,,,,,,,,,,,,,,,,,,,,ocd-person/dae8ce89-647a-407a-9550-60c404a89e29,
"James A. ""Jay"" Leftwich",James,"A. ""Jay""",Leftwich,,,,http://memdata.virginiageneralassembly.gov/images/display_image/H0262,Republican,Virginia State House District 78,Virginia State Representative,VA,Incumbent,Virginia State House District 78,,,Male,,,,,,DelJLeftwich@house.virginia.gov,,,,,,,,,,,,,,,,,https://www.facebook.com/Delegate-Jay-Leftwich-237237813089964,,,,,,,"308 Cedar Lakes Drive;2nd Floor;Chesapeake, Virginia 23322",,,757-382-4156,,,,,,,,,,,,,,,,,,,,,,,,,,,,,ocd-person/a551cb4b-014c-4423-a9d7-7a35cc0c7bdd,
"James E. Edmunds, II",James,E.,Edmunds,,,II,http://memdata.virginiageneralassembly.gov/images/display_image/H0216,Republican,Virginia State House District 60,Virginia State Representative,VA,Incumbent,Virginia State House District 60,,,Male,,,,,,DelJEdmunds@house.virginia.gov,,,,,,,,,,,,,,,,,https://www.facebook.com/Delegate-James-Edmunds-134698373260272,,,,,,,"P.O. Box 1115;Halifax, Virginia 24558",,,434-476-0077,,,,,,,,,,,,,,,,,,,,,,,,,,,,,ocd-person/38330ee2-a6bd-4037-b3a4-069f15b32d8d,
James W. Morefield,James,W.,Morefield,,,,http://memdata.virginiageneralassembly.gov/images/display_image/H0224,Republican,Virginia State House District 3,Virginia State Representative,VA,Incumbent,Virginia State House District 3,,,Male,,,,,,DelJMorefield@house.virginia.gov,,,,,,,,,,,,,,,,,https://www.facebook.com/DelegateMorefield,,,,,,,"P.O. Box 828;North Tazewell, Virginia 24630",,,276-345-4300,,,,,,,,,,,,,,,,,,,,,,,,,,,,,ocd-person/0f77b7d1-a89e-41cd-ae83-28d267dab0e2,
Janet D. Howell,Janet,D.,Howell,,,,https://apps.lis.virginia.gov/senatepics/newbiopics/Howell32.jpg,Democratic,Virginia State Senate District 32,Virginia State Senator,VA,Incumbent,Virginia State Senate District 32,,,Female,,,,,,district32@senate.virginia.gov,,,,,,,,,,,,,,,,,https://www.facebook.com/senatorhowell,,,,,,,"P.O. Box 2608;Reston, Virginia 20195-0608",,,703-709-8283,,,,,,,,,,,,,,,,,,,,,,,,,,,,,ocd-person/38e52229-9e12-4d77-b73a-7bfcda555b38,
Jason S. Ballard,Jason,S.,Ballard,,,,http://memdata.virginiageneralassembly.gov/images/display_image/H0333,Republican,Virginia State House District 12,Virginia State Representative,VA,Incumbent,Virginia State House District 12,,,,,,,,,deljballard@house.virginia.gov,,,,,,,,,,,,,,,,,,,,,,,,"P.O. Box 341; Pearisburg, Virginia 24134",,,804-698-1012,,,,,,,,,,,,,,,,,,,,,,,,,,,,,ocd-person/80c98569-2ce0-44e9-8cf4-632f2dce684c,
Jeffrey L. Campbell,Jeffrey,L.,Campbell,,,,http://memdata.virginiageneralassembly.gov/images/display_image/H0255,Republican,Virginia State House District 6,Virginia State Representative,VA,Incumbent,Virginia State House District 6,,,Male,,,,,,DelJCampbell@house.virginia.gov,,,,,,,,https://www.twitter.com/votejcampbell,,,,,,,,,https://www.facebook.com/votejeffcampbell,,,,,,,"P.O. Box 986;Marion, Virginia 24354",,,276-227-0247,,,,,,,,,,,,,,,,,,,,,,,,,,,,,ocd-person/4196f814-742f-4f2c-9514-5d8f8448e530,
Jeffrey M. Bourne,Jeffrey,M.,Bourne,,,,http://memdata.virginiageneralassembly.gov/images/display_image/H0288,Democratic,Virginia State House District 71,Virginia State Representative,VA,Incumbent,Virginia State House District 71,,,Male,,,,,,DelJBourne@house.virginia.gov,,,,,,,,https://www.twitter.com/jeffmbourne,,,,,,,,,https://www.facebook.com/JeffMBourneVA,,,,,,,"P.O. Box 406;Richmond, Virginia 23218",,,804-698-1071,,,,,,,,,,,,,,,,,,,,,,,,,,,,,ocd-person/61ce47b8-d93b-4685-8ca8-0221ef0329bd,
Jeion A. Ward,Jeion,A.,Ward,,,,http://memdata.virginiageneralassembly.gov/images/display_image/H0173,Democratic,Virginia State House District 92,Virginia State Representative,VA,Incumbent,Virginia State House District 92,,,Female,,,,,,DelJWard@house.virginia.gov,,,,,,,,https://www.twitter.com/jeionward,,,,,,,,,https://www.facebook.com/delegatejeionward,,,,,,,"P.O. Box 7310;Hampton, Virginia 23666",,,757-827-5921,,,,,,,,,,,,,,,,,,,,,,,,,,,,,ocd-person/f3e15ab0-8419-43c2-ab7a-f3984419d1eb,
Jennifer A. Kiggans,Jennifer,A.,Kiggans,,,,https://apps.lis.virginia.gov/senatepics/newbiopics/Kiggans7.jpg,Republican,Virginia State Senate District 7,Virginia State Senator,VA,Incumbent,Virginia State Senate District 7,,,,,,,,,district07@senate.virginia.gov,,,,,,,,https://www.twitter.com/JenKiggans,,,,,,,,,https://www.facebook.com/Jen4VA,,,,,,,"P.O. Box 5453; Virginia Beach, Virginia 23471",,,757-990-3080,,,,,,,,,,,,,,,,,,,,,,,,,,,,,ocd-person/0aea6a95-df57-407e-a70d-b809a24401a2,
Jennifer B. Boysko,Jennifer,B.,Boysko,,,,https://apps.lis.virginia.gov/senatepics/newbiopics/Boysko33.jpg,Democratic,Virginia State Senate District 33,Virginia State Senator,VA,Incumbent,Virginia State Senate District 33,,,Female,,,,,,district33@senate.virginia.gov,,,,,,,,https://www.twitter.com/JenniferBoysko,,,,,,,,,https://www.facebook.com/BoyskoForSenate,,,,,,,"P.O. Box 247; Herndon, Virginia 20172",,,703-437-0086,,,,,,,,,,,,,,,,,,,,,,,,,,,,,ocd-person/27eeaa71-8938-412b-90ce-f83370824485,
Jennifer L. McClellan,Jennifer,L.,McClellan,,,,https://apps.lis.virginia.gov/senatepics/newbiopics/McClellan09.jpg,Democratic,Virginia State Senate District 9,Virginia State Senator,VA,Incumbent,Virginia State Senate District 9,,,Female,,,,,,district09@senate.virginia.gov,,,,,,,,https://www.twitter.com/JennMcClellanVA,,,,,,,,,https://www.facebook.com/Senjennifermcclellan,,,,,,,"P.O. Box 396;Richmond, Virginia 23218",,,804-698-7509,,,,,,,,,,,,,,,,,,,,,,,,,,,,,ocd-person/1368e4bc-2f21-4917-bac5-4da25e6c3d12,
Jeremy S. McPike,Jeremy,S.,McPike,,,,https://apps.lis.virginia.gov/senatepics/newbiopics/McPike29.jpg,Democratic,Virginia State Senate District 29,Virginia State Senator,VA,Incumbent,Virginia State Senate District 29,,,Male,,,,,,district29@senate.virginia.gov,,,,,,,,https://www.twitter.com/jeremymcpike,,,,,,,,,https://www.facebook.com/McPikeforSenate,,,,,,,"P.O. Box 2819;Woodbridge, Virginia 22195",,,571-316-0581,,,,,,,,,,,,,,,,,,,,,,,,,,,,,ocd-person/500ff29f-8ae7-4886-93ec-eec1ad91d299,
Jill Holtzman Vogel,Jill,Holtzman,Vogel,,,,https://apps.lis.virginia.gov/senatepics/newbiopics/Vogel27.jpg,Republican,Virginia State Senate District 27,Virginia State Senator,VA,Incumbent,Virginia State Senate District 27,,,Female,,,,,,district27@senate.virginia.gov,,,,,,,,https://www.twitter.com/JillHVogel,,,,,,,,,https://www.facebook.com/JillVogelVA,,,,,,,"332 West Lee Highway; PMB 312; Warrenton, Virginia 20186",,,540-662-4551,,,,,,,,,,,,,,,,,,,,,,,,,,,,,ocd-person/26879c1b-a2e3-4423-b6b5-297a616edc3f,
"John A. Cosgrove, Jr.",John,A.,Cosgrove,,,Jr.,https://apps.lis.virginia.gov/senatepics/newbiopics/cosgrove_john_bw.jpg,Republican,Virginia State Senate District 14,Virginia State Senator,VA,Incumbent,Virginia State Senate District 14,,,Male,,,,,,district14@senate.virginia.gov,,,,,,,,,,,,,,,,,https://www.facebook.com/SenatorCosgrove,,,,,,,"P.O. Box 15483;Chesapeake, Virginia 23328",,,757-547-3422,,,,,,,,,,,,,,,,,,,,,,,,,,,,,ocd-person/19de2a54-1202-42ea-8292-2ebace918fa3,
John J. Bell,John,J.,Bell,,,,https://apps.lis.virginia.gov/senatepics/newbiopics/Bell13.jpg,Democratic,Virginia State Senate District 13,Virginia State Senator,VA,Incumbent,Virginia State Senate District 13,,,Male,,,,,,district13@senate.virginia.gov,,,,,,,,https://www.twitter.com/SenatorJohnBell,,,,,,,,,https://www.facebook.com/johnbellforvirginia,,,,,,,"P.O. Box 4489; Broadlands, Virginia 20148",,,571-367-9080,,,,,,,,,,,,,,,,,,,,,,,,,,,,,ocd-person/0f319f26-2e53-45e0-a349-411d09634b5e,
"John J. McGuire, III",John,J.,McGuire,,,III,http://memdata.virginiageneralassembly.gov/images/display_image/H0300,Republican,Virginia State House District 56,Virginia State Representative,VA,Incumbent,Virginia State House District 56,,,Male,,,,,,DelJMcGuire@house.virginia.gov,,,,,,,,,,,,,,,,,,,,,,,,"11357 Nuckols Road;#156;Glen Allen, Virginia 23059",,,804-389-8601,,,,,,,,,,,,,,,,,,,,,,,,,,,,,ocd-person/0dd787e8-c62a-46a9-aa0e-915f574e75d2,
John S. Edwards,John,S.,Edwards,,,,https://apps.lis.virginia.gov/senatepics/newbiopics/Edwards21.jpg,Democratic,Virginia State Senate District 21,Virginia State Senator,VA,Incumbent,Virginia State Senate District 21,,,Male,,,,,,district21@senate.virginia.gov,,,,,,,,https://www.twitter.com/senedwardsva,,,,,,,,,https://www.facebook.com/JohnEdwardsforVirginiaSenate,,,,,,,"P.O. Box 1179;Roanoke, Virginia 24006-1179",,,540-985-8690,,,,,,,,,,,,,,,,,,,,,,,,,,,,,ocd-person/5e83d11c-2878-4589-a86e-046f81a86dff,
Joseph D. Morrissey,Joseph,D.,Morrissey,,,,https://apps.lis.virginia.gov/senatepics/newbiopics/Morrissey16.jpg,Democratic,Virginia State Senate District 16,Virginia State Senator,VA,Incumbent,Virginia State Senate District 16,,,,,,,,,district16@senate.virginia.gov,,,,,,,,,,,,,,,,,,,,,,,,"701 German School Road;Richmond, Virginia 23225",,,804-737-1626,,,,,,,,,,,,,,,,,,,,,,,,,,,,,ocd-person/1710258b-5ff4-4ee9-873b-7f2e43ca5ce9,
Joseph P. McNamara,Joseph,P.,McNamara,,,,http://memdata.virginiageneralassembly.gov/images/display_image/H0308,Republican,Virginia State House District 8,Virginia State Representative,VA,Incumbent,Virginia State House District 8,,,Male,,,,,,DelJMcNamara@house.virginia.gov,,,,,,,,https://www.twitter.com/JoeforVA,,,,,,,,,https://www.facebook.com/JoeForVA,,,,,,,"P.O. Box 21094;Roanoke, Virginia 24018",,,540-384-0276,,,,,,,,,,,,,,,,,,,,,,,,,,,,,ocd-person/a0178eeb-c6bb-4e20-9024-f859d4780be6,
Karen S. Greenhalgh,Karen,S.,Greenhalgh,,,,http://memdata.virginiageneralassembly.gov/images/display_image/H0339,Republican,Virginia State House District 85,Virginia State Representative,VA,Incumbent,Virginia State House District 85,,,,,,,,,delkgreenhalgh@house.virginia.gov,,,,,,,,,,,,,,,,,,,,,,,,"P.O. Box 62945; Virginia Beach, Virginia 23466",,,804-698-1085,,,,,,,,,,,,,,,,,,,,,,,,,,,,,ocd-person/2400427a-ccb1-48bb-bc70-3b99a8e502a9,
Karrie K. Delaney,Karrie,K.,Delaney,,,,http://memdata.virginiageneralassembly.gov/images/display_image/H0294,Democratic,Virginia State House District 67,Virginia State Representative,VA,Incumbent,Virginia State House District 67,,,Female,,,,,,DelKDelaney@house.virginia.gov,,,,,,,,https://www.twitter.com/karriekdelaney,,,,,,,,,https://www.facebook.com/DelegateKarrieDelaney,,,,,,,"P.O. Box 231023;Centreville, Virginia 20120",,,703-996-9415,,,,,,,,,,,,,,,,,,,,,,,,,,,,,ocd-person/7ec1cbe4-667d-4dbb-a840-459449ccd5df,
Kathleen Murphy,Kathleen,,Murphy,,,,http://memdata.virginiageneralassembly.gov/images/display_image/H0271,Democratic,Virginia State House District 34,Virginia State Representative,VA,Incumbent,Virginia State House District 34,,,Female,,,,,,DelKMurphy@house.virginia.gov,,,,,,,,https://www.twitter.com/kmurphyva,,,,,,,,,https://www.facebook.com/KathleenMurphyforDelegate,,,,,,,"P.O. Box 146;McLean, Virginia 22101",,,804-698-1034,,,,,,,,,,,,,,,,,,,,,,,,,,,,,ocd-person/4b9475ab-9d86-4e70-8dbc-720aef129410,
Kathy J. Byron,Kathy,J.,Byron,,,,http://memdata.virginiageneralassembly.gov/images/display_image/H0115,Republican,Virginia State House District 22,Virginia State Representative,VA,Incumbent,Virginia State House District 22,,,Female,,,,,,DelKByron@house.virginia.gov,,,,,,,,https://www.twitter.com/kathybyron,,,,,,,,,,,,,,,,"P.O. Box 900;Forest, Virginia 24551",,,434-582-1592,,,,,,,,,,,,,,,,,,,,,,,,,,,,,ocd-person/8fc1a2b5-2518-4063-841b-3a2142e6733b,
Kathy K.L. Tran,Kathy,K.L.,Tran,,,,http://memdata.virginiageneralassembly.gov/images/display_image/H0305,Democratic,Virginia State House District 42,Virginia State Representative,VA,Incumbent,Virginia State House District 42,,,Female,,,,,,DelKTran@house.virginia.gov,,,,,,,,https://www.twitter.com/kathykltran,,,,,,,,,https://www.facebook.com/KathyForDelegate,,,,,,,"P.O. Box 2731;Springfield, Virginia 22152",,,703-828-7173,,,,,,,,,,,,,,,,,,,,,,,,,,,,,ocd-person/ddba8b1b-8a1d-42c2-aba5-adc1331ee6f1,
Kaye Kory,Kaye,,Kory,,,,http://memdata.virginiageneralassembly.gov/images/display_image/H0222,Democratic,Virginia State House District 38,Virginia State Representative,VA,Incumbent,Virginia State House District 38,,,Female,,,,,,DelKKory@house.virginia.gov,,,,,,,,https://www.twitter.com/kayekory,,,,,,,,,https://www.facebook.com/DelKayeKory,,,,,,,"6505 Waterway Drive;Falls Church, Virginia 22044",,,703-354-6024,,,,,,,,,,,,,,,,,,,,,,,,,,,,,ocd-person/82457c86-7d34-4247-8939-32c58d75852c,
Kelly K. Convirs-Fowler,Kelly,K.,Convirs-Fowler,,,,http://memdata.virginiageneralassembly.gov/images/display_image/H0295,Democratic,Virginia State House District 21,Virginia State Representative,VA,Incumbent,Virginia State House District 21,,,Female,,,,,,DelKConvirs-Fowler@House.virginia.gov,,,,,,,,https://www.twitter.com/delegatefowler,,,,,,,,,https://www.facebook.com/DelegateFowler,,,,,,,"Pocahontas Building;900 East Main Street;Richmond, Virginia 23219",,,804-698-1021,,,,,,,,,,,,,,,,,,,,,,,,,,,,,ocd-person/bf558d98-23da-41c4-8ae2-4dc45631808c,
Kenneth R. Plum,Kenneth,R.,Plum,,,,http://memdata.virginiageneralassembly.gov/images/display_image/H0076,Democratic,Virginia State House District 36,Virginia State Representative,VA,Incumbent,Virginia State House District 36,,,Male,,,,,,DelKPlum@house.virginia.gov,,,,,,,,https://www.twitter.com/kenplum1,,,,,,,,,https://www.facebook.com/kenneth.plum,,,,,,,"2073 Cobblestone Lane;Reston, Virginia 20191",,,703-758-9733,,,,,,,,,,,,,,,,,,,,,,,,,,,,,ocd-person/7e08f0b0-3e8d-49d9-835c-b9e2247433d0,
Kim A. Taylor,Kim,A.,Taylor,,,,http://memdata.virginiageneralassembly.gov/images/display_image/H0346,Republican,Virginia State House District 63,Virginia State Representative,VA,Incumbent,Virginia State House District 63,,,,,,,,,delktaylor@house.virginia.gov,,,,,,,,,,,,,,,,,,,,,,,,"P.O. Box 2122; Petersburg, Virginia 23804",,,804-698-1063,,,,,,,,,,,,,,,,,,,,,,,,,,,,,ocd-person/66c4b409-9613-4d42-9d53-4adc065e3a91,
L. Louise Lucas,L.,Louise,Lucas,,,,https://apps.lis.virginia.gov/senatepics/newbiopics/Lucas2018.jpg,Democratic,Virginia State Senate District 18,Virginia State Senator,VA,Incumbent,Virginia State Senate District 18,,,Female,,,,,,district18@senate.virginia.gov,,,,,,,,https://www.twitter.com/SenLouiseLucas,,,,,,,,,https://www.facebook.com/SenLouiseLucas,,,,,,,"P.O. Box 700;Portsmouth, Virginia 23705-0700",,,757-397-8209,,,,,,,,,,,,,,,,,,,,,,,,,,,,,ocd-person/5be2e2f9-b644-4fb4-bfbf-d4c38e858ee2,
Lamont Bagby,Lamont,,Bagby,,,,http://memdata.virginiageneralassembly.gov/images/display_image/H0273,Democratic,Virginia State House District 74,Virginia State Representative,VA,Incumbent,Virginia State House District 74,,,Male,,,,,,DelLBagby@house.virginia.gov,,,,,,,,https://www.twitter.com/delegatebagby,,,,,,,,,https://www.facebook.com/lamont.bagby,,,,,,,"P.O. Box 406;Richmond, Virginia 23218",,,804-698-1074,,,,,,,,,,,,,,,,,,,,,,,,,,,,,ocd-person/fa49c701-d235-4f56-b9af-b772dec36d02,
Les R. Adams,Les,R.,Adams,,,,http://memdata.virginiageneralassembly.gov/images/display_image/H0252,Republican,Virginia State House District 16,Virginia State Representative,VA,Incumbent,Virginia State House District 16,,,Male,,,,,,DelLAdams@house.virginia.gov,,,,,,,,https://www.twitter.com/LesAdamsVA,,,,,,,,,https://www.facebook.com/LesAdamsVA,,,,,,,"P.O. Box K;Chatham, Virginia 24531",,,434-432-1600,,,,,,,,,,,,,,,,,,,,,,,,,,,,,ocd-person/5ab06b43-9b14-47fa-a67e-5e574cfd554e,
"Lionell Spruill, Sr.",Lionell,,Spruill,,,Sr.,https://apps.lis.virginia.gov/senatepics/newbiopics/Spruill05.jpg,Democratic,Virginia State Senate District 5,Virginia State Senator,VA,Incumbent,Virginia State Senate District 5,,,Male,,,,,,district05@senate.virginia.gov,,,,,,,,https://www.twitter.com/SenLSpruillSr,,,,,,,,,https://www.facebook.com/SenatorLionellSpruillSr,,,,,,,"P.O. Box 5403;Chesapeake, Virginia 23324",,,757-424-2178,,,,,,,,,,,,,,,,,,,,,,,,,,,,,ocd-person/3321a69e-2055-4673-bf1b-47feec15f9cc,
Luke E. Torian,Luke,E.,Torian,,,,http://memdata.virginiageneralassembly.gov/images/display_image/H0227,Democratic,Virginia State House District 52,Virginia State Representative,VA,Incumbent,Virginia State House District 52,,,Male,,,,,,DelLTorian@house.virginia.gov,,,,,,,,https://www.twitter.com/DelegateTorian,,,,,,,,,https://www.facebook.com/luke.torian,,,,,,,"4222 Fortuna Plaza;Suite 659;Dumfries, Virginia 22025",,,703-785-2224,,,,,,,,,,,,,,,,,,,,,,,,,,,,,ocd-person/44ebbeab-055c-402b-a56e-bb7487d0da62,
"Lynwood W. Lewis, Jr.",Lynwood,W.,Lewis,,,Jr.,https://apps.lis.virginia.gov/senatepics/newbiopics/Lewis.jpg,Democratic,Virginia State Senate District 6,Virginia State Senator,VA,Incumbent,Virginia State Senate District 6,,,Male,,,,,,district06@senate.virginia.gov,,,,,,,,https://www.twitter.com/lynwoodlewis,,,,,,,,,https://www.facebook.com/lynwoodlewisva,,,,,,,"P.O. Box 760;Accomac, Virginia 23301",,,757-787-1094,,,,,,,,,,,,,,,,,,,,,,,,,,,,,ocd-person/dd327b36-919f-4601-8802-faa8a1d5a306,
M. Keith Hodges,M.,Keith,Hodges,,,,http://memdata.virginiageneralassembly.gov/images/display_image/H0238,Republican,Virginia State House District 98,Virginia State Representative,VA,Incumbent,Virginia State House District 98,,,Male,,,,,,DelKHodges@house.virginia.gov,,,,,,,,,,,,,,,,,https://www.facebook.com/FriendsOfKeithHodges,,,,,,,"P.O. Box 928;Urbanna, Virginia 23175",,,804-277-9801,,,,,,,,,,,,,,,,,,,,,,,,,,,,,ocd-person/06c0d909-22c8-4d71-9b6c-cc363a0c9553,
Mamie E. Locke,Mamie,E.,Locke,,,,https://apps.lis.virginia.gov/senatepics/newbiopics/Locke2012sm.jpg,Democratic,Virginia State Senate District 2,Virginia State Senator,VA,Incumbent,Virginia State Senate District 2,,,Female,,,,,,district02@senate.virginia.gov,,,,,,,,https://www.twitter.com/SenatorLocke,,,,,,,,,https://www.facebook.com/SenatorLocke,,,,,,,"P.O. Box 9048;Hampton, Virginia 23670",,,757-825-5880,,,,,,,,,,,,,,,,,,,,,,,,,,,,,ocd-person/48911708-f8c9-4fa5-bf7c-7d035b08874e,
"Marcia S. ""Cia"" Price",Marcia,"S. ""Cia""",Price,,,,http://memdata.virginiageneralassembly.gov/images/display_image/H0284,Democratic,Virginia State House District 95,Virginia State Representative,VA,Incumbent,Virginia State House District 95,,,Female,,,,,,DelMPrice@house.virginia.gov,,,,,,,,https://www.twitter.com/PriceForDel95,,,,,,,,,https://www.facebook.com/PriceForDel95,,,,,,,"P.O. Box 196;Newport News, Virginia 23607",,,757-266-5935,,,,,,,,,,,,,,,,,,,,,,,,,,,,,ocd-person/58b46062-f618-4b27-b0ec-3bbb57db839b,
Marcus B. Simon,Marcus,B.,Simon,,,,http://memdata.virginiageneralassembly.gov/images/display_image/H0264,Democratic,Virginia State House District 53,Virginia State Representative,VA,Incumbent,Virginia State House District 53,,,Male,,,,,,DelMSimon@house.virginia.gov,,,,,,,,https://www.twitter.com/marcussimon,,,,,,,,,https://www.facebook.com/DelegateSimon,,,,,,,"P.O. Box 958;Falls Church, Virginia 22040",,,571-327-0053,,,,,,,,,,,,,,,,,,,,,,,,,,,,,ocd-person/ca122856-dfc5-4ba1-84bb-48fdcf7a36f5,
Margaret B. Ransone,Margaret,B.,Ransone,,,,http://memdata.virginiageneralassembly.gov/images/display_image/H0244,Republican,Virginia State House District 99,Virginia State Representative,VA,Incumbent,Virginia State House District 99,,,Female,,,,,,DelMRansone@house.virginia.gov,,,,,,,,https://www.twitter.com/margaretransone,,,,,,,,,https://www.facebook.com/MargaretBevansRansone,,,,,,,"P.O. Box 358;Kinsale, Virginia 22488",,,804-472-4181,,,,,,,,,,,,,,,,,,,,,,,,,,,,,ocd-person/3991dac2-216c-4bd1-8343-bbcf7f4b058b,
Marie E. March,Marie,E.,March,,,,http://memdata.virginiageneralassembly.gov/images/display_image/H0341,Republican,Virginia State House District 7,Virginia State Representative,VA,Incumbent,Virginia State House District 7,,,,,,,,,delmmarch@house.virginia.gov,,,,,,,,,,,,,,,,,,,,,,,,"4241 Lee Highway; Pulaski, Virginia 24301",,,804-698-1007,,,,,,,,,,,,,,,,,,,,,,,,,,,,,ocd-person/0806aec1-c8b9-44b1-b6c6-b45e27292c08,
Mark D. Obenshain,Mark,D.,Obenshain,,,,https://apps.lis.virginia.gov/senatepics/newbiopics/MDObenshainc.jpg,Republican,Virginia State Senate District 26,Virginia State Senator,VA,Incumbent,Virginia State Senate District 26,,,Male,,,,,,district26@senate.virginia.gov,,,,,,,,https://www.twitter.com/MarkObenshain,,,,,,,,,https://www.facebook.com/markobenshain,,,,,,,"P.O. Box 555;Harrisonburg, Virginia 22803",,,540-437-1451,,,,,,,,,,,,,,,,,,,,,,,,,,,,,ocd-person/b5ce9d0e-c76e-4424-bb84-57ceb335dc52,
Mark D. Sickles,Mark,D.,Sickles,,,,http://memdata.virginiageneralassembly.gov/images/display_image/H0172,Democratic,Virginia State House District 43,Virginia State Representative,VA,Incumbent,Virginia State House District 43,,,Male,,,,,,DelMSickles@house.virginia.gov,,,,,,,,https://www.twitter.com/MarkSicklesVA,,,,,,,,,https://www.facebook.com/MarkSicklesVA,,,,,,,"P.O. Box 10628;Franconia, Virginia 22310",,,703-922-6440,,,,,,,,,,,,,,,,,,,,,,,,,,,,,ocd-person/aa6ad05b-c593-4b81-abf4-299f8669839d,
Mark J. Peake,Mark,J.,Peake,,,,https://apps.lis.virginia.gov/senatepics/newbiopics/Peake22.jpg,Republican,Virginia State Senate District 22,Virginia State Senator,VA,Incumbent,Virginia State Senate District 22,,,Male,,,,,,district22@senate.virginia.gov,,,,,,,,,,,,,,,,,https://www.facebook.com/peakeforsenate,,,,,,,"4925 Boonsboro Road;Box 172;Lynchburg, Virginia 24503",,,,,,,,,,,,,,,,,,,,,,,,,,,,,,,,ocd-person/e4396bfa-d22d-457e-b79a-f4bc36046a08,
Mark L. Keam,Mark,L.,Keam,,,,http://memdata.virginiageneralassembly.gov/images/display_image/H0221,Democratic,Virginia State House District 35,Virginia State Representative,VA,Incumbent,Virginia State House District 35,,,Male,,,,,,DelMKeam@house.virginia.gov,,,,,,,,https://www.twitter.com/markkeam,,,,,,,,,https://www.facebook.com/DelegateMarkKeam,,,,,,,"P.O. Box 1134;Vienna, Virginia 22183-1134",,,703-350-3911,,,,,,,,,,,,,,,,,,,,,,,,,,,,,ocd-person/463a2c8b-ecc7-4170-aa39-40d3d452a050,
Michael J. Webert,Michael,J.,Webert,,,,http://memdata.virginiageneralassembly.gov/images/display_image/H0247,Republican,Virginia State House District 18,Virginia State Representative,VA,Incumbent,Virginia State House District 18,,,Male,,,,,,DelMWebert@house.virginia.gov,,,,,,,,https://www.twitter.com/MichaelWebert,,,,,,,,,https://www.facebook.com/michaelwebertfordelegate,,,,,,,"P.O. Box 631;Marshall, Virginia 20116",,,540-999-8218,,,,,,,,,,,,,,,,,,,,,,,,,,,,,ocd-person/bf425b62-d078-45bd-957c-baceb4bfad1b,
Michael P. Mullin,Michael,P.,Mullin,,,,http://memdata.virginiageneralassembly.gov/images/display_image/H0286,Democratic,Virginia State House District 93,Virginia State Representative,VA,Incumbent,Virginia State House District 93,,,Male,,,,,,DelMMullin@house.virginia.gov,,,,,,,,https://www.twitter.com/mikemullin4VA,,,,,,,,,https://www.facebook.com/mikemullin4VA,,,,,,,"566 Denbigh Boulevard;Suite C;Newport News, Virginia 23608",,,757-525-9526,,,,,,,,,,,,,,,,,,,,,,,,,,,,,ocd-person/499a6c0f-5721-42f0-b335-81cac6379bbe,
Michelle E. Maldonado,Michelle,E.,Maldonado,,,,http://memdata.virginiageneralassembly.gov/images/display_image/H0340,Democratic,Virginia State House District 50,Virginia State Representative,VA,Incumbent,Virginia State House District 50,,,,,,,,,delmmaldonado@house.virginia.gov,,,,,,,,,,,,,,,,,,,,,,,,"11151 Valley View Drive; #642; Bristow, Virginia 20136",,,804-698-1050,,,,,,,,,,,,,,,,,,,,,,,,,,,,,ocd-person/47e6d456-740e-4707-ae93-4b6efe8c0ce1,
Mike A. Cherry,Mike,A.,Cherry,,,,http://memdata.virginiageneralassembly.gov/images/display_image/H0335,Republican,Virginia State House District 66,Virginia State Representative,VA,Incumbent,Virginia State House District 66,,,,,,,,,delmcherry@house.virginia.gov,,,,,,,,,,,,,,,,,,,,,,,,"P.O. Box 4101; Midlothian, Virginia 23112",,,804-698-1066,,,,,,,,,,,,,,,,,,,,,,,,,,,,,ocd-person/32b96a0d-662a-4c8f-9b2b-f86365640624,
Nadarius E. Clark,Nadarius,E.,Clark,,,,http://memdata.virginiageneralassembly.gov/images/display_image/H0336,Democratic,Virginia State House District 79,Virginia State Representative,VA,Incumbent,Virginia State House District 79,,,,,,,,,delnclark@house.virginia.gov,,,,,,,,,,,,,,,,,,,,,,,,"P.O. Box 6412; Portsmouth, Virginia 23703",,,804-698-1079,,,,,,,,,,,,,,,,,,,,,,,,,,,,,ocd-person/a7fd18db-f30c-45c6-aa90-bdb6f2ce412b,
Nicholas J. Freitas,Nicholas,J.,Freitas,,,,http://memdata.virginiageneralassembly.gov/images/display_image/H0279,Republican,Virginia State House District 30,Virginia State Representative,VA,Incumbent,Virginia State House District 30,,,Male,,,,,,DelNFreitas@house.virginia.gov,,,,,,,,https://www.twitter.com/NickForVA,,,,,,,,,https://www.facebook.com/NickFreitasVA,,,,,,,"P.O. Box 693;Culpeper, Virginia 22701",,,540-222-7706,,,,,,,,,,,,,,,,,,,,,,,,,,,,,ocd-person/8ebe480b-ef45-4fb9-8acf-bdfb9a510d0f,
Patrick A. Hope,Patrick,A.,Hope,,,,http://memdata.virginiageneralassembly.gov/images/display_image/H0219,Democratic,Virginia State House District 47,Virginia State Representative,VA,Incumbent,Virginia State House District 47,,,Male,,,,,,DelPHope@house.virginia.gov,,,,,,,,https://www.twitter.com/HopeforVirginia,,,,,,,,,https://www.facebook.com/hopeforvirginia,,,,,,,"P.O. Box 3148;Arlington, Virginia 22203",,,703-486-1010,,,,,,,,,,,,,,,,,,,,,,,,,,,,,ocd-person/c10414ad-5251-4fba-8ad9-a541311f2b9f,
Paul E. Krizek,Paul,E.,Krizek,,,,http://memdata.virginiageneralassembly.gov/images/display_image/H0281,Democratic,Virginia State House District 44,Virginia State Representative,VA,Incumbent,Virginia State House District 44,,,Male,,,,,,DelPKrizek@house.virginia.gov,,,,,,,,https://www.twitter.com/KrizekForVA,,,,,,,,,https://www.facebook.com/KrizekForVA,,,,,,,"2201 Whiteoaks Drive;Alexandria, Virginia 22306",,,703-688-2983,,,,,,,,,,,,,,,,,,,,,,,,,,,,,ocd-person/d90e6a36-4464-4481-b00d-74ed9964d45e,
Phillip A. Scott,Phillip,A.,Scott,,,,http://memdata.virginiageneralassembly.gov/images/display_image/H0342,Republican,Virginia State House District 88,Virginia State Representative,VA,Incumbent,Virginia State House District 88,,,,,,,,,delpscott@house.virginia.gov,,,,,,,,,,,,,,,,,,,,,,,,"2215 Plank Road; #287; Fredericksburg, Virginia 22401",,,804-698-1088,,,,,,,,,,,,,,,,,,,,,,,,,,,,,ocd-person/6a07d7b6-a4b4-42f8-9a06-6a860249f5b9,
R. Creigh Deeds,R.,Creigh,Deeds,,,,https://apps.lis.virginia.gov/senatepics/newbiopics/deeds25.jpg,Democratic,Virginia State Senate District 25,Virginia State Senator,VA,Incumbent,Virginia State Senate District 25,,,Male,,,,,,district25@senate.virginia.gov,,,,,,,,https://www.twitter.com/CreighDeeds,,,,,,,,,https://www.facebook.com/creigh,,,,,,,"P.O. Box 5462;Charlottesville, Virginia 22905-5462",,,434-296-5491,,,,,,,,,,,,,,,,,,,,,,,,,,,,,ocd-person/ad107e73-7e1e-45dd-ab19-52005a0b948c,
R. Lee Ware,R.,Lee,Ware,,,,http://memdata.virginiageneralassembly.gov/images/display_image/H0124,Republican,Virginia State House District 65,Virginia State Representative,VA,Incumbent,Virginia State House District 65,,,Male,,,,,,DelLWare@house.virginia.gov,,,,,,,,,,,,,,,,,,,,,,,,"P.O. Box 689;Powhatan, Virginia 23139",,,804-598-6696,,,,,,,,,,,,,,,,,,,,,,,,,,,,,ocd-person/865dace5-518d-4f4f-b393-c197064affe6,
"Richard C. ""Rip"" Sullivan, Jr.",,,,,,,http://memdata.virginiageneralassembly.gov/images/display_image/H0269,Democratic,Virginia State House District 48,Virginia State Representative,VA,Incumbent,Virginia State House District 48,,,Male,,,,,,DelRSullivan@house.virginia.gov,,,,,,,,https://www.twitter.com/RipSullivan48,,,,,,,,,https://www.facebook.com/RipSullivanVA,,,,,,,"P.O. Box 50753;Arlington, Virginia 22205",,,571-210-5876,,,,,,,,,,,,,,,,,,,,,,,,,,,,,ocd-person/658209cc-5e85-4c57-aa94-878089f3d816,
Richard H. Stuart,Richard,H.,Stuart,,,,https://apps.lis.virginia.gov/senatepics/newbiopics/Stuart28.jpg,Republican,Virginia State Senate District 28,Virginia State Senator,VA,Incumbent,Virginia State Senate District 28,,,Male,,,,,,district28@senate.virginia.gov,,,,,,,,https://www.twitter.com/RichardStuartVA,,,,,,,,,https://www.facebook.com/richardhstuart,,,,,,,"P.O. Box 1146;Montross, Virginia 22520",,,804-493-8892,,,,,,,,,,,,,,,,,,,,,,,,,,,,,ocd-person/52e67ab6-2039-458e-b7a8-9bb5f3694e11,
Richard L. Saslaw,Richard,L.,Saslaw,,,,https://apps.lis.virginia.gov/senatepics/newbiopics/Saslaw35.jpg,Democratic,Virginia State Senate District 35,Virginia State Senator,VA,Incumbent,Virginia State Senate District 35,,,Male,,,,,,district35@senate.virginia.gov,,,,,,,,https://www.twitter.com/DickSaslaw,,,,,,,,,https://www.facebook.com/DickSaslaw,,,,,,,"P.O. Box 1856;Springfield, Virginia 22151-0856",,,703-978-0200,,,,,,,,,,,,,,,,,,,,,,,,,,,,,ocd-person/c6a8f24f-9bce-4400-b067-7d8780c95462,
Robert B. Bell,Robert,B.,Bell,,,,http://memdata.virginiageneralassembly.gov/images/display_image/H0139,Republican,Virginia State House District 58,Virginia State Representative,VA,Incumbent,Virginia State House District 58,,,Male,,,,,,DelRBell@house.virginia.gov,,,,,,,,https://www.twitter.com/DelRBell,,,,,,,,,https://www.facebook.com/RobBellVirginia,,,,,,,"2309 Finch Court;Charlottesville, Virginia 22911",,,434-245-8900,,,,,,,,,,,,,,,,,,,,,,,,,,,,,ocd-person/373b912c-df27-4cbc-8137-837e933feab4,
"Robert D. Orrock, Sr.",Robert,D.,Orrock,,,Sr.,http://memdata.virginiageneralassembly.gov/images/display_image/H0073,Republican,Virginia State House District 54,Virginia State Representative,VA,Incumbent,Virginia State House District 54,,,Male,,,,,,DelBOrrock@house.virginia.gov,,,,,,,,,,,,,,,,,https://www.facebook.com/delegateorrock,,,,,,,"P.O. Box 458;Thornburg, Virginia 22565",,,540-891-1322,,,,,,,,,,,,,,,,,,,,,,,,,,,,,ocd-person/b101b5d4-b57b-4123-82da-7628f9430de2,
"Robert S. Bloxom, Jr.",Robert,S.,Bloxom,,,Jr.,http://memdata.virginiageneralassembly.gov/images/display_image/H0267,Republican,Virginia State House District 100,Virginia State Representative,VA,Incumbent,Virginia State House District 100,,,Male,,,,,,DelRBloxom@house.virginia.gov,,,,,,,,,,,,,,,,,https://www.facebook.com/electbloxomfordelegate,,,,,,,"P.O. Box 27;Mappsville, Virginia 23407",,,757-824-3456,,,,,,,,,,,,,,,,,,,,,,,,,,,,,ocd-person/10868c64-b4b8-41ca-90ac-a981f9fa47ff,
Rodney T. Willett,Rodney,T.,Willett,,,,http://memdata.virginiageneralassembly.gov/images/display_image/H0327,Democratic,Virginia State House District 73,Virginia State Representative,VA,Incumbent,Virginia State House District 73,,,,,,,,,DelRWillett@house.virginia.gov,,,,,,,,,,,,,,,,,https://www.facebook.com/RodneyforDelegate,,,,,,,"P.O. Box 29428;Henrico, Virginia 23242",,,804-698-1073,,,,,,,,,,,,,,,,,,,,,,,,,,,,,ocd-person/8ec90d7b-fd5f-4157-b779-1979e7a54e76,
Ronnie R. Campbell,Ronnie,R.,Campbell,,,,http://memdata.virginiageneralassembly.gov/images/display_image/H0309,Republican,Virginia State House District 24,Virginia State Representative,VA,Incumbent,Virginia State House District 24,,,Male,,,,,,DelRCampbell@house.virginia.gov,,,,,,,,https://www.twitter.com/RonnieCVa,,,,,,,,,https://www.facebook.com/voteronniecampbell,,,,,,,"127 Tem Lane;Raphine, Virginia 24472",,,540-280-0778,,,,,,,,,,,,,,,,,,,,,,,,,,,,,ocd-person/8951d891-b4e7-49f6-9d8a-e051074c806c,
Roxann L. Robinson,Roxann,L.,Robinson,,,,http://memdata.virginiageneralassembly.gov/images/display_image/H0230,Republican,Virginia State House District 27,Virginia State Representative,VA,Incumbent,Virginia State House District 27,,,Female,,,,,,DelRRobinson@house.virginia.gov,,,,,,,,https://www.twitter.com/DelRRobinson,,,,,,,,,https://www.facebook.com/DelegateRobinson,,,,,,,"P.O. Box 4627;Midlothian, Virginia 23112",,,804-698-1027,,,,,,,,,,,,,,,,,,,,,,,,,,,,,ocd-person/cf78afce-68ee-49e5-a6fc-8e3c35ffb95e,
Ryan T. McDougle,Ryan,T.,McDougle,,,,https://apps.lis.virginia.gov/senatepics/newbiopics/McDougle04.jpg,Republican,Virginia State Senate District 4,Virginia State Senator,VA,Incumbent,Virginia State Senate District 4,,,Male,,,,,,district04@senate.virginia.gov,,,,,,,,https://www.twitter.com/ryanmcdougle,,,,,,,,,https://www.facebook.com/SenatorRyanMcDougle,,,,,,,"P.O. Box 187;Mechanicsville, Virginia 23111",,,804-730-1026,,,,,,,,,,,,,,,,,,,,,,,,,,,,,ocd-person/995be769-49d1-40b6-8177-e8ee31087af1,
Sally L. Hudson,Sally,L.,Hudson,,,,http://memdata.virginiageneralassembly.gov/images/display_image/H0318,Democratic,Virginia State House District 57,Virginia State Representative,VA,Incumbent,Virginia State House District 57,,,,,,,,,DelSHudson@house.virginia.gov,,,,,,,,https://www.twitter.com/sallylhudson,,,,,,,,,https://www.facebook.com/SallyForVirginia,,,,,,,"P.O. Box 2375;Charlottesville, Virginia 22902",,,804-698-1057,,,,,,,,,,,,,,,,,,,,,,,,,,,,,ocd-person/e3f1bb63-22ee-44ba-8ec8-b14b501f2c0d,
Sam Rasoul,Sam,,Rasoul,,,,http://memdata.virginiageneralassembly.gov/images/display_image/H0266,Democratic,Virginia State House District 11,Virginia State Representative,VA,Incumbent,Virginia State House District 11,,,Male,,,,,,DelSRasoul@house.virginia.gov,,,,,,,,https://www.twitter.com/Sam_Rasoul,,,,,,,,,https://www.facebook.com/DelSamRasoul,,,,,,,"P.O. Box 13842;Roanoke, Virginia 24037",,,540-904-6905,,,,,,,,,,,,,,,,,,,,,,,,,,,,,ocd-person/6ab67007-e48a-4048-bb7b-20a608a88f77,
Schuyler T. VanValkenburg,Schuyler,T.,VanValkenburg,,,,http://memdata.virginiageneralassembly.gov/images/display_image/H0307,Democratic,Virginia State House District 72,Virginia State Representative,VA,Incumbent,Virginia State House District 72,,,Male,,,,,,DelSVanValkenburg@House.virginia.gov,,,,,,,,https://www.twitter.com/vvfordelegate,,,,,,,,,https://www.facebook.com/VanValkenburg4VA,,,,,,,"900 East Main Street;Pocahontas Building;Richmond, Virginia 23219",,,804-698-1072,,,,,,,,,,,,,,,,,,,,,,,,,,,,,ocd-person/aec7ee58-7da0-41e1-88d0-5c9e68737a0f,
Scott A. Surovell,Scott,A.,Surovell,,,,https://apps.lis.virginia.gov/senatepics/newbiopics/Surovell36.jpg,Democratic,Virginia State Senate District 36,Virginia State Senator,VA,Incumbent,Virginia State Senate District 36,,,Male,,,,,,district36@senate.virginia.gov,,,,,,,,https://www.twitter.com/ssurovell,,,,,,,,,https://www.facebook.com/Surovell,,,,,,,"P.O. Box 289;Mount Vernon, Virginia 22121",,,571-249-4484,,,,,,,,,,,,,,,,,,,,,,,,,,,,,ocd-person/50a6c704-2ba7-4ecc-a24c-8f55b400709b,
Scott A. Wyatt,Scott,A.,Wyatt,,,,http://memdata.virginiageneralassembly.gov/images/display_image/H0328,Republican,Virginia State House District 97,Virginia State Representative,VA,Incumbent,Virginia State House District 97,,,,,,,,,DelSWyatt@house.virginia.gov,,,,,,,,,,,,,,,,,https://www.facebook.com/DelSWyatt,,,,,,,"P.O. Box 365;Mechanicsville, Virginia 23111",,,804-698-1097,,,,,,,,,,,,,,,,,,,,,,,,,,,,,ocd-person/2a831795-d6fc-4635-88bf-4fd5f72ab1e7,
Shelly A. Simonds,Shelly,A.,Simonds,,,,http://memdata.virginiageneralassembly.gov/images/display_image/H0323,Democratic,Virginia State House District 94,Virginia State Representative,VA,Incumbent,Virginia State House District 94,,,,,,,,,DelSSimonds@house.virginia.gov,,,,,,,,https://www.twitter.com/shelly_simonds,,,,,,,,,https://www.facebook.com/simondsfordelegate,,,,,,,"P.O. Box 2296; Newport News, Virginia 23609",,,804-698-1094,,,,,,,,,,,,,,,,,,,,,,,,,,,,,ocd-person/8329b3a6-9d6f-427e-9342-e53277e7c6ff,
Siobhan S. Dunnavant,Siobhan,S.,Dunnavant,,,,https://apps.lis.virginia.gov/senatepics/newbiopics/Dunnavant12.jpg,Republican,Virginia State Senate District 12,Virginia State Senator,VA,Incumbent,Virginia State Senate District 12,,,Female,,,,,,district12@senate.virginia.gov,,,,,,,,https://www.twitter.com/dunnavant4va,,,,,,,,,https://www.facebook.com/DunnavantDelivers,,,,,,,"P.O. Box 70849;Henrico, Virginia 23255",,,804-270-5600,,,,,,,,,,,,,,,,,,,,,,,,,,,,,ocd-person/121a993b-951a-4a01-af5f-799a7075adee,
Stephen D. Newman,Stephen,D.,Newman,,,,https://apps.lis.virginia.gov/senatepics/newbiopics/Newman2017.jpg,Republican,Virginia State Senate District 23,Virginia State Senator,VA,Incumbent,Virginia State Senate District 23,,,Male,,,,,,district23@senate.virginia.gov,,,,,,,,https://www.twitter.com/senatornewman,,,,,,,,,https://www.facebook.com/senatornewman,,,,,,,"P.O. Box 480;Forest, Virginia 24551",,,434-385-1065,,,,,,,,,,,,,,,,,,,,,,,,,,,,,ocd-person/ba23e4b4-b431-4b25-ae2e-347b563510df,
Suhas Subramanyam,Suhas,,Subramanyam,,,,http://memdata.virginiageneralassembly.gov/images/display_image/H0324,Democratic,Virginia State House District 87,Virginia State Representative,VA,Incumbent,Virginia State House District 87,,,,,,,,,DelSSubramanyam@house.virginia.gov,,,,,,,,https://www.twitter.com/SuhasforVA,,,,,,,,,https://www.facebook.com/suhasforva,,,,,,,"P.O. Box 302;Ashburn, Virginia 20146",,,804-698-1087,,,,,,,,,,,,,,,,,,,,,,,,,,,,,ocd-person/d2a28b1a-6991-4b0b-b582-0414025b7389,
"T. Montgomery ""Monty"" Mason",T.,"Montgomery ""Monty""",Mason,,,,https://apps.lis.virginia.gov/senatepics/newbiopics/Mason01.jpg,Democratic,Virginia State Senate District 1,Virginia State Senator,VA,Incumbent,Virginia State Senate District 1,,,Male,,,,,,district01@senate.virginia.gov,,,,,,,,https://www.twitter.com/SenMMason,,,,,,,,,https://www.facebook.com/MontyMasonforVirginia,,,,,,,"P. O. Box 232;Williamsburg, Virginia 23187",,,757-229-9310,,,,,,,,,,,,,,,,,,,,,,,,,,,,,ocd-person/967f0dfa-95df-4489-bffb-51888b2c495d,
T. Travis Hackworth,T.,Travis,Hackworth,,,,https://apps.dlas.virginia.gov/senatepics/newbiopics/Hackworth38.jpg,Republican,Virginia State Senate District 38,Virginia State Senator,VA,Incumbent,Virginia State Senate District 38,,,Male,,,,,,district38@senate.virginia.gov,,,,,,,,,,,,,,,,,,,,,,,,"1515 2nd Street;Richlands, Virginia 24641",,,276-345-9112,,,,,,,,,,,,,,,,,,,,,,,,,,,,,ocd-person/3605a4dd-d800-4820-a50c-6cd3b0ab4511,
Tara A. Durant,Tara,A.,Durant,,,,http://memdata.virginiageneralassembly.gov/images/display_image/H0338,Republican,Virginia State House District 28,Virginia State Representative,VA,Incumbent,Virginia State House District 28,,,,,,,,,deltdurant@house.virginia.gov,,,,,,,,,,,,,,,,,,,,,,,,"; ,",,,804-698-1028,,,,,,,,,,,,,,,,,,,,,,,,,,,,,ocd-person/e142c869-a7a9-411a-8d73-563403f6ddd4,
Terry G. Kilgore,Terry,G.,Kilgore,,,,http://memdata.virginiageneralassembly.gov/images/display_image/H0056,Republican,Virginia State House District 1,Virginia State Representative,VA,Incumbent,Virginia State House District 1,,,Male,,,,,,DelTKilgore@house.virginia.gov,,,,,,,,https://www.twitter.com/delterrykilgore,,,,,,,,,https://www.facebook.com/DelTerryKilgore,,,,,,,"P.O. Box 669;Gate City, Virginia 24251",,,276-386-7011,,,,,,,,,,,,,,,,,,,,,,,,,,,,,ocd-person/9303514b-3bce-4ddc-87d2-17a6ba4d6194,
Terry L. Austin,Terry,L.,Austin,,,,http://memdata.virginiageneralassembly.gov/images/display_image/H0253,Republican,Virginia State House District 19,Virginia State Representative,VA,Incumbent,Virginia State House District 19,,,Male,,,,,,DelTAustin@house.virginia.gov,,,,,,,,https://www.twitter.com/TerryAustin4HOD,,,,,,,,,https://www.facebook.com/TerryAustin4delegate,,,,,,,"P.O. Box 400;Buchanan, Virginia 24066",,,540-254-1500,,,,,,,,,,,,,,,,,,,,,,,,,,,,,ocd-person/cb9573ab-1bf6-45d5-a8d7-476d7bed94a8,
"Thomas C. Wright, Jr.",Thomas,C.,Wright,,,Jr.,http://memdata.virginiageneralassembly.gov/images/display_image/H0136,Republican,Virginia State House District 61,Virginia State Representative,VA,Incumbent,Virginia State House District 61,,,Male,,,,,,DelTWright@house.virginia.gov,,,,,,,,,,,,,,,,,,,,,,,,"1415 8th Street;Victoria, Virginia 23974",,,434-696-3061,,,,,,,,,,,,,,,,,,,,,,,,,,,,,ocd-person/894118dd-1470-48b7-b84b-831ddba58e1b,
"Thomas K. Norment, Jr.",Thomas,K.,Norment,,,Jr.,https://apps.lis.virginia.gov/senatepics/newbiopics/Norment03.jpg,Republican,Virginia State Senate District 3,Virginia State Senator,VA,Incumbent,Virginia State Senate District 3,,,Male,,,,,,district03@senate.virginia.gov,,,,,,,,https://www.twitter.com/TommyNorment,,,,,,,,,https://www.facebook.com/senatortommynorment,,,,,,,"P.O. Box 6205;Williamsburg, Virginia 23188",,,757-259-7810,,,,,,,,,,,,,,,,,,,,,,,,,,,,,ocd-person/55c98a56-ee31-4b53-bf0b-bfee22352846,
Timothy V. Anderson,Timothy,V.,Anderson,,,,http://memdata.virginiageneralassembly.gov/images/display_image/H0332,Republican,Virginia State House District 83,Virginia State Representative,VA,Incumbent,Virginia State House District 83,,,,,,,,,deltanderson@house.virginia.gov,,,,,,,,,,,,,,,,,,,,,,,,"249 Central Park Avenue; #300-73; Virginia Beach, Virginia 23462",,,804-698-1083,,,,,,,,,,,,,,,,,,,,,,,,,,,,,ocd-person/c122779e-1488-4c51-9bbf-765d68ec0e41,
Todd E. Pillion,Todd,E.,Pillion,,,,https://apps.lis.virginia.gov/senatepics/newbiopics/Pillion40.jpg,Republican,Virginia State Senate District 40,Virginia State Senator,VA,Incumbent,Virginia State Senate District 40,,,Male,,,,,,district40@senate.virginia.gov,,,,,,,,,,,,,,,,,,,,,,,,"851 French Moore Jr. Blvd. Suite 178, Abingdon, Virginia 24210",,,276-220-1209,,,,,,,,,,,,,,,,,,,,,,,,,,,,,ocd-person/0d2983ef-93a5-4d84-9fa3-2c796024562a,
Tony O. Wilt,Tony,O.,Wilt,,,,http://memdata.virginiageneralassembly.gov/images/display_image/H0231,Republican,Virginia State House District 26,Virginia State Representative,VA,Incumbent,Virginia State House District 26,,,Male,,,,,,DelTWilt@house.virginia.gov,,,,,,,,https://www.twitter.com/DelTonyWilt,,,,,,,,,https://www.facebook.com/DelTonyWilt,,,,,,,"P.O. Box 1425;Harrisonburg, Virginia 22803",,,540-208-0735,,,,,,,,,,,,,,,,,,,,,,,,,,,,,ocd-person/94fa59c7-00b0-4e15-9887-8af534217476,
Vivian E. Watts,Vivian,E.,Watts,,,,http://memdata.virginiageneralassembly.gov/images/display_image/H0108,Democratic,Virginia State House District 39,Virginia State Representative,VA,Incumbent,Virginia State House District 39,,,Female,,,,,,DelVWatts@house.virginia.gov,,,,,,,,,,,,,,,,,,,,,,,,"8717 Mary Lee Lane;Annandale, Virginia 22003",,,703-978-2989,,,,,,,,,,,,,,,,,,,,,,,,,,,,,ocd-person/b251a648-d2d3-4799-8213-e803fed621de,
Wendell S. Walker,Wendell,S.,Walker,,,,http://memdata.virginiageneralassembly.gov/images/display_image/H0325,Republican,Virginia State House District 23,Virginia State Representative,VA,Incumbent,Virginia State House District 23,,,,,,,,,DelWWalker@house.virginia.gov,,,,,,,,,,,,,,,,,https://www.facebook.com/DelegateWendellWalker,,,,,,,"P.O. Box 3331;Lynchburg, Virginia 24503",,,804-698-1023,,,,,,,,,,,,,,,,,,,,,,,,,,,,,ocd-person/18756686-0b6c-4a7d-ade9-db2cafcac870,
Wendy W. Gooditis,Wendy,W.,Gooditis,,,,http://memdata.virginiageneralassembly.gov/images/display_image/H0296,Democratic,Virginia State House District 10,Virginia State Representative,VA,Incumbent,Virginia State House District 10,,,Female,,,,,,DelWGooditis@house.virginia.gov,,,,,,,,https://www.twitter.com/WendyGooditisVA,,,,,,,,,https://www.facebook.com/WendyGooditisVA,,,,,,,"P.O. Box 180;Boyce, Virginia 22620",,,540-300-3857,,,,,,,,,,,,,,,,,,,,,,,,,,,,,ocd-person/cd2f8bb8-14cb-4a92-8157-022e1e02c534,
William C. Wampler III,William,C.,Wampler,,,III,http://memdata.virginiageneralassembly.gov/images/display_image/H0326,Republican,Virginia State House District 4,Virginia State Representative,VA,Incumbent,Virginia State House District 4,,,,,,,,,DelWWampler@house.virginia.gov,,,,,,,,,,,,,,,,,https://www.facebook.com/wamplerfordelegate,,,,,,,"P.O. Box 1683;Abingdon, Virginia 24212",,,804-698-1004,,,,,,,,,,,,,,,,,,,,,,,,,,,,,ocd-person/b835c266-23a6-4505-8737-4b7e60ebf396,
"William M. Stanley, Jr.",William,M.,Stanley,,,Jr.,https://apps.lis.virginia.gov/senatepics/newbiopics/Stanley19.jpg,Republican,Virginia State Senate District 20,Virginia State Senator,VA,Incumbent,Virginia State Senate District 20,,,Male,,,,,,district20@senate.virginia.gov,,,,,,,,https://www.twitter.com/BillStanley,,,,,,,,,https://www.facebook.com/stanleyforsenate,,,,,,,"P.O. Box 96;Glade Hill, Virginia 24092",,,540-721-6028,,,,,,,,,,,,,,,,,,,,,,,,,,,,,ocd-person/eacc546e-93d4-4189-92fb-8c969b1b545c,
Bill D. Wiley,Bill,D.,Wiley,,,,http://memdata.virginiageneralassembly.gov/images/display_image/H0329,Republican,Virginia State House District 29,Virginia State Representative,VA,Incumbent,Virginia State House District 29,,,,,,,,,DelBWiley@house.virginia.gov,,,,,,,,,,,,,,,,,,,,,,,,"P.O. Box 2034; Winchester, VA 22604",,,804-698-1029,,,,,,,,,,,,,,,,,,,,,,,,,,,,,ocd-person/ec0c5f08-2974-4f9c-896c-34c9d5d33fac,
Wren M. Williams,Wren,M.,Williams,,,,http://memdata.virginiageneralassembly.gov/images/display_image/H0348,Republican,Virginia State House District 9,Virginia State Representative,VA,Incumbent,Virginia State House District 9,,,,,,,,,delwwilliams@house.virginia.gov,,,,,,,,,,,,,,,,,,,,,,,,"125 Slusher Street; Stuart, Virginia 24171",,,804-698-1009,,,,,,,,,,,,,,,,,,,,,,,,,,,,,ocd-person/d3a4b614-4a6f-4b38-b3cc-8990f0f7d4d3,
Gerald E. Connolly,Gerald,E.,Connolly,,,,,Democratic Party,U.S. House Virginia District 11,U.S. Representative,VA,Incumbent,Virginia Congressional District 11,,,Male,1950-03-30,,,,,,,,https://connolly.house.gov,,,https://www.twitter.com/GerryConnolly,,,https://www.youtube.com/c/repconnolly,,,,,,https://www.facebook.com/CongressmanGerryConnolly,,,,,,,,2238 Rayburn House Office Building,,,202-225-1492,,,,,,,,,,,,,1015936,412272,95078,,,20952,,/m/04f40kn,,https://api.propublica.org/congress/v1/members/C001078.json,,,,H8VA11062,,,ocd-division/country:us/state:va/cd:11,,
Robert Good,Robert,,Good,,,,,Republican Party,U.S. House Virginia District 5,U.S. Representative,VA,Incumbent,Virginia Congressional District 5,,,Male,1965-09-11,,,,,,,,https://good.house.gov,,,https://www.twitter.com/RepBobGood,,,,,,,,,,,,,,,,,1213 Longworth House Office Building,,,202-225-4711,,,,,,,,,,,,,,456853,,,,,,/g/11fsfm06kc,,https://api.propublica.org/congress/v1/members/G000595.json,,,,H0VA05160,,,ocd-division/country:us/state:va/cd:5,,
Morgan Griffith,Morgan,,Griffith,,,,,Republican Party,U.S. House Virginia District 9,U.S. Representative,VA,Incumbent,Virginia Congressional District 9,,,Male,1958-03-15,,,,,,,,https://morgangriffith.house.gov,,,https://www.twitter.com/RepMGriffith,,,https://www.youtube.com/c/RepMorganGriffith,,,,,,https://www.facebook.com/RepMorganGriffith,,,,,,https://morgangriffith.house.gov/news/rss.aspx,,2202 Rayburn House Office Building,,,202-225-3861,,,,,,,,,,,,,62766,412485,5148,,,21191,,/m/025vdrq,,https://api.propublica.org/congress/v1/members/G000568.json,,,,H0VA09055,,,ocd-division/country:us/state:va/cd:9,,
Elaine Luria,Elaine,,Luria,,,,,Democratic Party,U.S. House Virginia District 2,U.S. Representative,VA,Incumbent,Virginia Congressional District 2,,,Female,1975-08-15,,,,,,,,https://luria.house.gov,,,https://www.twitter.com/RepElaineLuria,,,,,,,,,,,,,,,,,412 Cannon House Office Building,,,202-225-4215,,,,,,,,,,,,,,412830,179677,,,,,/g/11gtd16xvy,,https://api.propublica.org/congress/v1/members/L000591.json,,,,H8VA02111,,,ocd-division/country:us/state:va/cd:2,,
A. Donald McEachin,A.,Donald,McEachin,,,,,Democratic Party,U.S. House Virginia District 4,U.S. Representative,VA,Incumbent,Virginia Congressional District 4,,,Male,1961-10-10,,,,,,,,https://mceachin.house.gov,,,https://www.twitter.com/RepMcEachin,,,,,,,,,https://www.facebook.com/RepMcEachin,,,,,,https://mceachin.house.gov/rss.xml,,314 Cannon House Office Building,,,202-225-6365,,,,,,,,,,,,,103621,412728,8230,,,21736,,/m/0979v6,,https://api.propublica.org/congress/v1/members/M001200.json,,,,H6VA04061,,,ocd-division/country:us/state:va/cd:4,,
Robert C. Scott,Robert,C.,Scott,,,,,Democratic Party,U.S. House Virginia District 3,U.S. Representative,VA,Incumbent,Virginia Congressional District 3,,,Male,1947-04-30,,,,,,,,https://bobbyscott.house.gov,,,https://www.twitter.com/BobbyScott,,,https://www.youtube.com/c/repbobbyscott,,,,,,https://www.facebook.com/RepBobbyScott,,,,,,https://bobbyscott.house.gov/rss.xml,,2328 Rayburn House Office Building,,,202-225-8351,,,,,,,,,,,,,25888,400364,27117,,,39307,,/m/03twgl,,https://api.propublica.org/congress/v1/members/S000185.json,,,,H6VA01117,,,ocd-division/country:us/state:va/cd:3,,
Abigail Spanberger,Abigail,,Spanberger,,,,,Democratic Party,U.S. House Virginia District 7,U.S. Representative,VA,Incumbent,Virginia Congressional District 7,,,Female,1979-08-07,,,,,,,,https://spanberger.house.gov,,,https://www.twitter.com/RepSpanberger,,,,,,,,,,,,,,,,,1431 Longworth House Office Building,,,202-225-2815,,,,,,,,,,,,,,412833,179682,,,,,/g/11fgm1ffs7,,https://api.propublica.org/congress/v1/members/S001209.json,,,,H8VA07094,,,ocd-division/country:us/state:va/cd:7,,
Jennifer Wexton,Jennifer,,Wexton,,,,,Democratic Party,U.S. House Virginia District 10,U.S. Representative,VA,Incumbent,Virginia Congressional District 10,,,Female,1968-05-27,,,,,,,,https://wexton.house.gov,,,https://www.twitter.com/RepWexton,,,,,,,,,,,,,,,,,1217 Longworth House Office Building,,,202-225-5136,,,,,,,,,,,,,,412834,147013,,,,,/m/0_flt0x,,https://api.propublica.org/congress/v1/members/W000825.json,,,,H8VA10106,,,ocd-division/country:us/state:va/cd:10,,
Robert J. Wittman,Robert,J.,Wittman,,,,,Republican Party,U.S. House Virginia District 1,U.S. Representative,VA,Incumbent,Virginia Congressional District 1,,,Male,1959-02-03,,,,,,,,https://wittman.house.gov,,,https://www.twitter.com/RobWittman,,,https://www.youtube.com/c/RobWittman,,,,,,https://www.facebook.com/RepRobWittman,,,,,,,,2055 Rayburn House Office Building,,,202-225-4261,,,,,,,,,,,,,1028089,412255,58133,,,20756,,/m/03cx7ld,,https://api.propublica.org/congress/v1/members/W000804.json,,,,H8VA01147,,,ocd-division/country:us/state:va/cd:1,,
Tim Kaine,Tim,,Kaine,,,,,Democratic Party,U.S. Senate Virginia,U.S. Senator,VA,Incumbent,Virginia Statewide,,,Male,1958-02-26,,,,,,,,https://www.kaine.senate.gov,,,,,,https://www.youtube.com/c/SenatorTimKaine,,,,,,https://www.facebook.com/SenatorKaine,,,,,,,,231 Russell Senate Office Building,,,202-224-4024,,,,https://www.kaine.senate.gov/contact,,,,,,,,S362,49219,412582,50772,,,41305,,/m/053f8h,,https://api.propublica.org/congress/v1/members/K000384.json,,,,S2VA00142,,,ocd-division/country:us/state:va,,
Mark Warner,Mark,,Warner,,,,,Democratic Party,U.S. Senate Virginia,U.S. Senator,VA,Incumbent,Virginia Statewide,,,Male,1954-12-15,,,,,,,,https://www.warner.senate.gov,,,https://www.twitter.com/MarkWarner,,,https://www.youtube.com/c/SenatorMarkWarner,,,,,,https://www.facebook.com/MarkRWarner,,,,,,https://www.warner.senate.gov/public/?a=RSS.Feed,,703 Hart Senate Office Building,,,202-224-2023,,,,http://www.warner.senate.gov/public/index.cfm?p=Contact,,,,,,,,S327,7630,412321,535,,,40909,,/m/024mm1,,https://api.propublica.org/congress/v1/members/W000805.json,,,,S6VA00093,,,ocd-division/country:us/state:va,,
