govpackpub_id,govpack_id,fec_id,usio_id,opensecrets_id,district_ocd_id,openstates_id,committee_id,Name,name_first,name_middle,name_last,nickname,name_prefix,name_suffix,party,state,status,district,ethnicity,race,gender,education,occupation,Office,email_official,email_other,email_campaign,Bio,date_of_birth,date_of_death,Image,website_campaign,website_official,website_personal,address_capitol,phone_capitol,fax_capitol,address_district,phone_district,fax_district,contact_form_url,address_campaign,phone_campaign,date_assumed_office,appointed_by,appointed_data,confirmed_date,term_end_data,congress_year,twitter_official,twitter_personal,twitter_campaign,youtube_official,youtube_personal,youtube_campaign,instagram_official,instagram_personal,instagram_campaign,facebook_official,facebook_personal,facebook_campaign,linkedin,rumble,gab,RSS,thomas ID,lis_id,cspan_id,govtrack_id,votesmart_id,ballotpedia_id,washington_post_id,icpsr_id,wikipedia_id,google_entity_id,Ballotpedia URL,propublica URL,Ballotpedia Office ID
,,,,,ocd-division/country:us/state:de/sldu:16,ocd-person/d8f2f52a-08fe-4179-ae60-665caf38838c,,Colin Bonini,Colin,,Bonini,,,,Republican Party,DE,Challenger,State Senate District 16,,,,,,DE State Senator District 16,n/a,,,,,,https://legis.delaware.gov/images/default-source/Legislators/ColinBonini.jpg?sfvrsn=2,,n/a,,n/a,n/a,n/a,n/a,n/a,n/a,,,,n/a,n/a,n/a,n/a,n/a,n/a,n/a,,,,,,n/a,,,n/a,,,,,,,,,,,,,,,https://en.wikipedia.org/wiki/Colin_Bonini,,,,
,,,,,ocd-division/country:us/state:de,,,Lydia York,Lydia,,York,,,,Democratic Party,DE,Challenger,,,,,,,DE State Auditor of Accounts,n/a,,,,,,,,n/a,,n/a,n/a,n/a,n/a,n/a,n/a,,,,n/a,n/a,n/a,n/a,n/a,n/a,n/a,,,,,,n/a,,,n/a,,,,,,,,,,,,,,,,,,,
,,,,,ocd-division/country:us/state:de,,,Kathleen K. McGuiness,Kathleen,K.,McGuiness,,,,Democratic Party,DE,Challenger,,,,,,,DE State Auditor of Accounts,n/a,,,,,,,,n/a,,n/a,n/a,n/a,n/a,n/a,n/a,,,,n/a,n/a,n/a,n/a,n/a,n/a,n/a,,,,,,n/a,,,n/a,https://www.facebook.com/KathyKMcGuiness,,,,,,,,,,,,,,https://en.wikipedia.org/wiki/Kathy_McGuiness,,,,
,,,,,ocd-division/country:us/state:de/sldl:1,,,Shané Nicole Darby,Shané,Nicole,Darby,,,,Democratic Party,DE,Challenger,,,,,,,DE State Representative District 1,n/a,,,,,,,,n/a,,n/a,n/a,n/a,n/a,n/a,n/a,,,,n/a,n/a,n/a,n/a,n/a,n/a,n/a,,,,,,n/a,,,n/a,,,,,,,,,,,,,,,,,,,
,,,,,ocd-division/country:us/state:de/sldl:1,ocd-person/fdf8cd7b-933f-469b-b1b7-119b39ba5e86,,Nnamdi O. Chukwuocha,Nnamdi,O.,Chukwuocha,,,,Democratic Party,DE,Challenger,State House District 1,,,,,,DE State Representative District 1,n/a,,,,,,https://legis.delaware.gov/Content/images/placeholder_leg.png,,n/a,,n/a,n/a,n/a,n/a,n/a,n/a,,,,n/a,n/a,n/a,n/a,n/a,n/a,n/a,,https://www.twitter.com/nnamdi4staterep,,,,n/a,,,n/a,,,,,,,,,,,,,,,https://en.wikipedia.org/wiki/Nnamdi_Chukwuocha,,,,
,,,,,ocd-division/country:us/state:de/sldl:13,ocd-person/f72c6ca6-919d-4bc5-afec-b7fc04566628,,"John L. Mitchell, Jr.",John,L.,Mitchell,,,Jr.,Democratic Party,DE,Challenger,State House District 13,,,,,,DE State Representative District 13,n/a,,,,,,https://legis.delaware.gov/images/default-source/default-album/Mitchell_Larry.jpg?sfvrsn=0,,n/a,,n/a,n/a,n/a,n/a,n/a,n/a,,,,n/a,n/a,n/a,n/a,n/a,n/a,n/a,,,,,,n/a,,,n/a,,,,,,,,,,,,,,,https://en.wikipedia.org/wiki/John_Mitchell_Jr._(politician),,,,
,,,,,ocd-division/country:us/state:de/sldl:13,,,DeShanna U. Neal,DeShanna,U.,Neal,,,,Democratic Party,DE,Challenger,,,,,,,DE State Representative District 13,n/a,,,,,,,,n/a,,n/a,n/a,n/a,n/a,n/a,n/a,,,,n/a,n/a,n/a,n/a,n/a,n/a,n/a,,,,,,n/a,,,n/a,,,,,,,,,,,,,,,,,,,
,,,,,ocd-division/country:us/state:de/sldl:18,,,Sophie Phillips,Sophie,,Phillips,,,,Democratic Party,DE,Challenger,,,,,,,DE State Representative District 18,n/a,,,,,,,,n/a,,n/a,n/a,n/a,n/a,n/a,n/a,,,,n/a,n/a,n/a,n/a,n/a,n/a,n/a,,,,,,n/a,,,n/a,,,,,,,,,,,,,,,,,,,
,,,,,ocd-division/country:us/state:de/sldl:18,,,Martin C. Willis,Martin,C.,Willis,,,,Democratic Party,DE,Challenger,,,,,,,DE State Representative District 18,n/a,,,,,,,,n/a,,n/a,n/a,n/a,n/a,n/a,n/a,,,,n/a,n/a,n/a,n/a,n/a,n/a,n/a,,,,,,n/a,,,n/a,,,,,,,,,,,,,,,,,,,
,,,,,ocd-division/country:us/state:de/sldl:2,ocd-person/3ad8467d-5ec5-4626-aab5-11e42b62ad60,,Stephanie T. Bolden,Stephanie,T.,Bolden,,,,Democratic Party,DE,Challenger,State House District 2,,,,,,DE State Representative District 2,n/a,,,,,,https://legis.delaware.gov/images/default-source/default-album/StephanieTBolden.jpg?sfvrsn=0,,n/a,,n/a,n/a,n/a,n/a,n/a,n/a,,,,n/a,n/a,n/a,n/a,n/a,n/a,n/a,,,,,,n/a,,,n/a,,,,,,,,,,,,,,,https://en.wikipedia.org/wiki/Stephanie_Bolden,,,,
,,,,,ocd-division/country:us/state:de/sldl:2,,,James J. Taylor,James,J.,Taylor,,,,Democratic Party,DE,Challenger,,,,,,,DE State Representative District 2,n/a,,,,,,,,n/a,,n/a,n/a,n/a,n/a,n/a,n/a,,,,n/a,n/a,n/a,n/a,n/a,n/a,n/a,,,,,,n/a,,,n/a,,,,,,,,,,,,,,,,,,,
,,,,,ocd-division/country:us/state:de/sldl:25,,,Edward J. Klima,Edward,J.,Klima,,,,Democratic Party,DE,Challenger,,,,,,,DE State Representative District 25,n/a,,,,,,,,n/a,,n/a,n/a,n/a,n/a,n/a,n/a,,,,n/a,n/a,n/a,n/a,n/a,n/a,n/a,,,,,,n/a,,,n/a,,,,,,,,,,,,,,,,,,,
,,,,,ocd-division/country:us/state:de/sldl:25,,,Cyndie Romer,Cyndie,,Romer,,,,Democratic Party,DE,Challenger,,,,,,,DE State Representative District 25,n/a,,,,,,,,n/a,,n/a,n/a,n/a,n/a,n/a,n/a,,,,n/a,n/a,n/a,n/a,n/a,n/a,n/a,,,,,,n/a,,,n/a,,,,,,,,,,,,,,,,,,,
,,,,,ocd-division/country:us/state:de/sldl:26,ocd-person/6c816294-3378-48c1-b2fd-bb5cd57a9deb,,Madinah Wilson-Anton,Madinah,,Wilson-Anton,,,,Democratic Party,DE,Challenger,State House District 26,,,,,,DE State Representative District 26,n/a,,,,,,,,n/a,,n/a,n/a,n/a,n/a,n/a,n/a,,,,n/a,n/a,n/a,n/a,n/a,n/a,n/a,,,,,,n/a,,,n/a,,,,,,,,,,,,,,,https://en.wikipedia.org/wiki/Madinah_Wilson-Anton,,,,
,,,,,ocd-division/country:us/state:de/sldl:26,,,Kelly Williams Maresca,Kelly,Williams,Maresca,,,,Democratic Party,DE,Challenger,,,,,,,DE State Representative District 26,n/a,,,,,,,,n/a,,n/a,n/a,n/a,n/a,n/a,n/a,,,,n/a,n/a,n/a,n/a,n/a,n/a,n/a,,,,,,n/a,,,n/a,,,,,,,,,,,,,,,,,,,
,,,,,ocd-division/country:us/state:de/sldl:27,,,Michael F. Hertzfeld,Michael,F.,Hertzfeld,,,,Democratic Party,DE,Challenger,,,,,,,DE State Representative District 27,n/a,,,,,,,,n/a,,n/a,n/a,n/a,n/a,n/a,n/a,,,,n/a,n/a,n/a,n/a,n/a,n/a,n/a,,,,,,n/a,,,n/a,,,,,,,,,,,,,,,,,,,
,,,,,ocd-division/country:us/state:de/sldl:27,ocd-person/bfab3b33-30ff-45fc-a45f-ae796d43de68,,Eric Morrison,Eric,,Morrison,,,,Democratic Party,DE,Challenger,State House District 27,,,,,,DE State Representative District 27,n/a,,,,,,,,n/a,,n/a,n/a,n/a,n/a,n/a,n/a,,,,n/a,n/a,n/a,n/a,n/a,n/a,n/a,,,,,,n/a,,,n/a,,,,,,,,,,,,,,,https://en.wikipedia.org/wiki/Eric_Morrison,,,,
,,,,,ocd-division/country:us/state:de/sldl:32,,,Phil McGinnis,Phil,,McGinnis,,,,Democratic Party,DE,Challenger,,,,,,,DE State Representative District 32,n/a,,,,,,,,n/a,,n/a,n/a,n/a,n/a,n/a,n/a,,,,n/a,n/a,n/a,n/a,n/a,n/a,n/a,,,,,,n/a,,,n/a,,,,,,,,,,,,,,,,,,,
,,,,,ocd-division/country:us/state:de/sldl:32,,,LaVaughn McCutchen,LaVaughn,,McCutchen,,,,Democratic Party,DE,Challenger,,,,,,,DE State Representative District 32,n/a,,,,,,,,n/a,,n/a,n/a,n/a,n/a,n/a,n/a,,,,n/a,n/a,n/a,n/a,n/a,n/a,n/a,,,,,,n/a,,,n/a,,,,,,,,,,,,,,,,,,,
,,,,,ocd-division/country:us/state:de/sldl:32,,,Lamont C. Pierce,Lamont,C.,Pierce,,,,Democratic Party,DE,Challenger,,,,,,,DE State Representative District 32,n/a,,,,,,,,n/a,,n/a,n/a,n/a,n/a,n/a,n/a,,,,n/a,n/a,n/a,n/a,n/a,n/a,n/a,,,,,,n/a,,,n/a,,,,,,,,,,,,,,,,,,,
,,,,,ocd-division/country:us/state:de/sldl:32,,,Kerri Evelyn Harris,Kerri,Evelyn,Harris,,,,Democratic Party,DE,Challenger,,,,,,,DE State Representative District 32,n/a,,,,,,,,n/a,,n/a,n/a,n/a,n/a,n/a,n/a,,,,n/a,n/a,n/a,n/a,n/a,n/a,n/a,,,,,,n/a,,,n/a,,,,,,,,,,,,,,,,,,,
,,,,,ocd-division/country:us/state:de/sldl:36,,,Patrick Smith,Patrick,,Smith,,,,Republican Party,DE,Challenger,,,,,,,DE State Representative District 36,n/a,,,,,,,,n/a,,n/a,n/a,n/a,n/a,n/a,n/a,,,,n/a,n/a,n/a,n/a,n/a,n/a,n/a,,,,,,n/a,,,n/a,,,,,,,,,,,,,,,,,,,
,,,,,ocd-division/country:us/state:de/sldl:36,ocd-person/11732933-9dce-46b4-8683-67e8449b315b,,Bryan W. Shupe,Bryan,W.,Shupe,,,,Republican Party,DE,Challenger,State House District 36,,,,,,DE State Representative District 36,n/a,,,,,,https://legis.delaware.gov/Content/images/placeholder_leg.png,,n/a,,n/a,n/a,n/a,n/a,n/a,n/a,,,,n/a,n/a,n/a,n/a,n/a,n/a,n/a,,,,,,n/a,,,n/a,,,,,,,,,,,,,,,https://en.wikipedia.org/wiki/Bryan_Shupe,,,,
,,,,,ocd-division/country:us/state:de/sldl:4,,,Jeff Hilovsky,Jeff,,Hilovsky,,,,Republican Party,DE,Challenger,,,,,,,DE State Representative District 4,n/a,,,,,,,,n/a,,n/a,n/a,n/a,n/a,n/a,n/a,,,,n/a,n/a,n/a,n/a,n/a,n/a,n/a,,,,,,n/a,,,n/a,,,,,,,,,,,,,,,,,,,
,,,,,ocd-division/country:us/state:de/sldl:4,,,Bradley H. Layfield,Bradley,H.,Layfield,,,,Republican Party,DE,Challenger,,,,,,,DE State Representative District 4,n/a,,,,,,,,n/a,,n/a,n/a,n/a,n/a,n/a,n/a,,,,n/a,n/a,n/a,n/a,n/a,n/a,n/a,,,,,,n/a,,,n/a,,,,,,,,,,,,,,,,,,,
,,,,,ocd-division/country:us/state:de/sldl:6,ocd-person/7e631da1-ef0f-4c6f-ba17-e5ae2860dad6,,Debra J. Heffernan,Debra,J.,Heffernan,,,,Democratic Party,DE,Challenger,State House District 6,,,,,,DE State Representative District 6,n/a,,,,,,https://legis.delaware.gov/images/default-source/default-album/DebraHeffernan.jpg?sfvrsn=0,,n/a,,n/a,n/a,n/a,n/a,n/a,n/a,,,,n/a,n/a,n/a,n/a,n/a,n/a,n/a,,,,,,n/a,,,n/a,,,,,,,,,,,,,,,https://en.wikipedia.org/wiki/Debra_Heffernan,,,,
,,,,,ocd-division/country:us/state:de/sldl:6,,,Becca Cotto,Becca,,Cotto,,,,Democratic Party,DE,Challenger,,,,,,,DE State Representative District 6,n/a,,,,,,,,n/a,,n/a,n/a,n/a,n/a,n/a,n/a,,,,n/a,n/a,n/a,n/a,n/a,n/a,n/a,,,,,,n/a,,,n/a,,,,,,,,,,,,,,,,,,,
,,,,,ocd-division/country:us/state:de/sldu:14,,,Sam Noel,Sam,,Noel,,,,Democratic Party,DE,Challenger,,,,,,,DE State Senator District 14,n/a,,,,,,,,n/a,,n/a,n/a,n/a,n/a,n/a,n/a,,,,n/a,n/a,n/a,n/a,n/a,n/a,n/a,,,,,,n/a,,,n/a,,,,,,,,,,,,,,,,,,,
,,,,,ocd-division/country:us/state:de/sldu:14,,,Robert Sebastiano,Robert,,Sebastiano,,,,Democratic Party,DE,Challenger,,,,,,,DE State Senator District 14,n/a,,,,,,,,n/a,,n/a,n/a,n/a,n/a,n/a,n/a,,,,n/a,n/a,n/a,n/a,n/a,n/a,n/a,,,,,,n/a,,,n/a,,,,,,,,,,,,,,,,,,,
,,,,,ocd-division/country:us/state:de/sldu:14,,,"Michael ""Tater"" Hill-Shaner",Michael,,Hill-Shaner,"""Tater""",,,Democratic Party,DE,Challenger,,,,,,,DE State Senator District 14,n/a,,,,,,,,n/a,,n/a,n/a,n/a,n/a,n/a,n/a,,,,n/a,n/a,n/a,n/a,n/a,n/a,n/a,,,,,,n/a,,,n/a,,,,,,,,,,,,,,,,,,,
,,,,,ocd-division/country:us/state:de/sldu:14,,,Kyra Hoffner,Kyra,,Hoffner,,,,Democratic Party,DE,Challenger,,,,,,,DE State Senator District 14,n/a,,,,,,,,n/a,,n/a,n/a,n/a,n/a,n/a,n/a,,,,n/a,n/a,n/a,n/a,n/a,n/a,n/a,,,,,,n/a,,,n/a,,,,,,,,,,,,,,,,,,,
,,,,,ocd-division/country:us/state:de/sldu:14,,,Kevin Musto,Kevin,,Musto,,,,Democratic Party,DE,Challenger,,,,,,,DE State Senator District 14,n/a,,,,,,,,n/a,,n/a,n/a,n/a,n/a,n/a,n/a,,,,n/a,n/a,n/a,n/a,n/a,n/a,n/a,,,,,,n/a,,,n/a,,,,,,,,,,,,,,,,,,,
,,,,,ocd-division/country:us/state:de/sldu:16,,,Kim Petters,Kim,,Petters,,,,Republican Party,DE,Challenger,,,,,,,DE State Senator District 16,n/a,,,,,,,,n/a,,n/a,n/a,n/a,n/a,n/a,n/a,,,,n/a,n/a,n/a,n/a,n/a,n/a,n/a,,,,,,n/a,,,n/a,,,,,,,,,,,,,,,,,,,
,,,,,ocd-division/country:us/state:de/sldu:16,,,Eric Buckson,Eric,,Buckson,,,,Republican Party,DE,Challenger,,,,,,,DE State Senator District 16,n/a,,,,,,,,n/a,,n/a,n/a,n/a,n/a,n/a,n/a,,,,n/a,n/a,n/a,n/a,n/a,n/a,n/a,,,,,,n/a,,,n/a,,,,,,,,,,,,,,,,,,,
,,,,,ocd-division/country:us/state:de/sldu:6,,,Russ Huxtable,Russ,,Huxtable,,,,Democratic Party,DE,Challenger,,,,,,,DE State Senator District 6,n/a,,,,,,,,n/a,,n/a,n/a,n/a,n/a,n/a,n/a,,,,n/a,n/a,n/a,n/a,n/a,n/a,n/a,,,,,,n/a,,,n/a,,,,,,,,,,,,,,,,,,,
,,,,,ocd-division/country:us/state:de/sldu:6,,,"John ""Jack"" Bucchioni",John,,Bucchioni,"""Jack""",,,Democratic Party,DE,Challenger,,,,,,,DE State Senator District 6,n/a,,,,,,,,n/a,,n/a,n/a,n/a,n/a,n/a,n/a,,,,n/a,n/a,n/a,n/a,n/a,n/a,n/a,,,,,,n/a,,,n/a,,,,,,,,,,,,,,,,,,,
,,,,,,ocd-person/8d0e1b81-b803-4f1b-9170-601551e52f06,,Andria L. Bennett,Andria,L.,Bennett,,,,Democratic,,Incumbent,State House District 32,,,,,,State Representative District 32,Andria.Bennett@delaware.gov,,,,,,https://legis.delaware.gov/images/default-source/default-album/AndriaBennett.jpg?sfvrsn=0,,,,,,,,,,,,,,,,,,,,,,,,,,,,,,,,,,,,,,,,,,,,,,,
,,,,,,ocd-person/8b5f6201-6c2f-4847-8d69-737ae776c44b,,Brian Pettyjohn,Brian,,Pettyjohn,,,,Republican,,Incumbent,State Senate District 19,,,,,,State Senator District 19,Brian.Pettyjohn@delaware.gov,,,,,,https://legis.delaware.gov/images/default-source/Legislators/BrianPettyjohn.jpg?sfvrsn=2,,,,,,,,,,,,,,,,,,,,,,,,,,,,,,,,,,,,,,,,,,,,,,,
,,,,,,ocd-person/f49021dc-a166-4d18-a410-7ec099ef5415,,Bruce C. Ennis,Bruce,C.,Ennis,,,,Democratic,,Incumbent,State Senate District 14,,,,,,State Senator District 14,Bruce.Ennis@delaware.gov,,,,,,https://legis.delaware.gov/images/default-source/Legislators/BruceCEnnis.jpg?sfvrsn=2,,,,,,,,,,,,,,,,,,,,,,,,,,,,,,,,,,,,,,,,,,,,,,,
,,,,,,ocd-person/f35b571a-d734-4086-b358-ff21382d802f,,Bryan Townsend,Bryan,,Townsend,,,,Democratic,,Incumbent,State Senate District 11,,,,,,State Senator District 11,Bryan.Townsend@delaware.gov,,,,,,https://legis.delaware.gov/images/default-source/Legislators/BryanTowsend.jpg?sfvrsn=2,,,,,,,,,,,,,,,,,,,,,,,,,,,,,,,,,,,,,,,,,,,,,,,
,,,,,,ocd-person/5a29dfb1-14b5-4535-b8ee-da8f432d0727,,Bryant L. Richardson,Bryant,L.,Richardson,,,,Republican,,Incumbent,State Senate District 21,,,,,,State Senator District 21,Bryant.Richardson@delaware.gov,,,,,,https://legis.delaware.gov/images/default-source/Legislators/BryantRichardson.jpg?sfvrsn=2,,,,,,,,,,,,,,,,,,,,,,,,,,,,,,,,,,,,,,,,,,,,,,,
,,,,,,ocd-person/7d0d700b-a699-4766-a530-65112db683d0,,"Charles ""Bud"" M. Freel",Charles,,Freel,"""Bud"" M.",,,Democratic,,Incumbent,State House District 4,,,,,,State Representative District 4,Bud.Freel@delaware.gov,,,,,,,,,,,,,,,,,,,,,,,,,,,,,,,,,,,,,,,,,,,,,,,,,,,,,
,,,,,,ocd-person/4f6f337c-16e7-4d39-a503-6b4b36650d2d,,Charles S Postles Jr.,Charles,S,Postles,,,Jr.,Republican,,Incumbent,State House District 33,,,,,,State Representative District 33,Charles.Postles@delaware.gov,,,,,,https://legis.delaware.gov/images/default-source/Legislators/CharlesPostles.jpg?sfvrsn=2,,,,,,,,,,,,,,,,,,,,,,,,,,,,,,,,,,,,,,,,,,,,,,,
,,,,,,ocd-person/947a912f-49e7-4697-896e-fbcd1bcf41d3,,Daniel B. Short,Daniel,B.,Short,,,,Republican,,Incumbent,State House District 39,,,,,,State Representative District 39,Daniel.Short@delaware.gov,,,,,,https://legis.delaware.gov/images/default-source/Legislators/DanielShort.jpg?sfvrsn=2,,,,,,,,,,,,,,,,,,,,,,,,,,,,,,,,,,,,,,,,,,,,,,,
,,,,,,ocd-person/8c5ff346-9896-489e-be96-db9d46d846da,,Darius J. Brown,Darius,J.,Brown,,,,Democratic,,Incumbent,State Senate District 2,,,,,,State Senator District 2,Darius.Brown@delaware.gov,,,,,,https://legis.delaware.gov/Content/images/placeholder_leg.png,,,,,,,,,,,,,,,,,,,,,,,,,,,,,,,,,,,,,,,,,,,,,,,
,,,,,,ocd-person/44e38555-6698-43cb-aa8b-f47de87ba4e3,,Dave G. Lawson,Dave,G.,Lawson,,,,Republican,,Incumbent,State Senate District 15,,,,,,State Senator District 15,Dave.Lawson@delaware.gov,,,,,,https://legis.delaware.gov/images/default-source/default-album/DavidLawson.jpg?sfvrsn=0,,,,,,,,,,,,,,,,,,,,,,,,,,,,,,,,,,,,,,,,,,,,,,,
,,,,,,ocd-person/d7ef645a-8b7b-4944-82b7-b5a7a96e1f6a,,David Bentz,David,,Bentz,,,,Democratic,,Incumbent,State House District 18,,,,,,State Representative District 18,David.Bentz@delaware.gov,,,,,,https://legis.delaware.gov/images/default-source/default-album/DavidBentz1.jpg?sfvrsn=0,,,,,,,,,,,,,,,,,,,,,,,,,,,,,,,,,,,,,,,,,,,,,,,
,,,,,,ocd-person/0b53dd28-648e-4fe1-a05a-36a21ec12e63,,David L. Wilson,David,L.,Wilson,,,,Republican,,Incumbent,State Senate District 18,,,,,,State Senator District 18,David.L.Wilson@delaware.gov,,,,,,https://legis.delaware.gov/images/default-source/Legislators/DavidWilson.jpg?sfvrsn=2,,,,,,,,,,,,,,,,,,,,,,,,,,,,,,,,,,,,,,,,,,,,,,,
,,,,,,ocd-person/25071aeb-2a5c-4e8b-b166-4a313b3ac22d,,David P. Sokola,David,P.,Sokola,,,,Democratic,,Incumbent,State Senate District 8,,,,,,State Senator District 8,David.Sokola@delaware.gov,,,,,,https://legis.delaware.gov/images/default-source/Legislators/DavidPSokola.jpg?sfvrsn=2,,,,,,,,,,,,,,,,,,,,,,,,,,,,,,,,,,,,,,,,,,,,,,,
,,,,,,ocd-person/07cb3c97-de4e-4210-8c83-b7276c001024,,Edward S. Osienski,Edward,S.,Osienski,,,,Democratic,,Incumbent,State House District 24,,,,,,State Representative District 24,Edward.Osienski@delaware.gov,,,,,,https://legis.delaware.gov/images/default-source/default-album/EdwardOsienski.jpg?sfvrsn=0,,,,,,,,,,,,,,,,,,,,,,,,,,,,,,,,,,,,,,,,,,,,,,,
,,,,,,ocd-person/25a1a205-1a7b-4a81-8574-b6d4a98d62da,,Ernesto B. Lopez,Ernesto,B.,Lopez,,,,Republican,,Incumbent,State Senate District 6,,,,,,State Senator District 6,Ernesto.Lopez@delaware.gov,,,,,,https://legis.delaware.gov/images/default-source/default-album/ErnestLopez.jpg?sfvrsn=0,,,,,,,,,,,,,,,,,,,,,,,,,,,,,,,,,,,,,,,,,,,,,,,
,,,,,,ocd-person/0cac3293-534b-4188-93e3-37ef6cd333ae,,Franklin D. Cooke,Franklin,D.,Cooke,,,,Democratic,,Incumbent,State House District 16,,,,,,State Representative District 16,FranklinD.Cooke@delaware.gov,,,,,,https://legis.delaware.gov/Content/images/placeholder_leg.png,,,,,,,,,,,,,,,,,,,,,,,,,,,,,,,,,,,,,,,,,,,,,,,
,,,,,,ocd-person/7d5fb783-232d-4cc2-b7c7-fdbf4d06eb69,,Gerald W. Hocker,Gerald,W.,Hocker,,,,Republican,,Incumbent,State Senate District 20,,,,,,State Senator District 20,Gerald.Hocker@delaware.gov,,,,,,https://legis.delaware.gov/images/default-source/Legislators/GeraldHocker.jpg?sfvrsn=2,,,,,,,,,,,,,,,,,,,,,,,,,,,,,,,,,,,,,,,,,,,,,,,
,,,,,,ocd-person/ef94fe15-3a43-405c-8ec6-d446784dfb32,,Jeffrey N. Spiegelman,Jeffrey,N.,Spiegelman,,,,Republican,,Incumbent,State House District 11,,,,,,State Representative District 11,Jeff.Spiegelman@delaware.gov,,,,,,https://legis.delaware.gov/images/default-source/default-album/JeffSpiegelman2017.jpg?sfvrsn=0,,,,,,,,,,,,,,,,,,,,,,,,,,,,,,,,,,,,,,,,,,,,,,,
,,,,,,ocd-person/4932afab-9381-40d2-837f-f735d1c14b88,,Jesse R. Vanderwende,Jesse,R.,Vanderwende,,,,Republican,,Incumbent,State House District 35,,,,,,State Representative District 35,Jesse.Vanderwende@delaware.gov,,,,,,https://legis.delaware.gov/Content/images/placeholder_leg.png,,,,,,,,,,,,,,,,,,,,,,,,,,,,,,,,,,,,,,,,,,,,,,,
,,,,,,ocd-person/bba26dc6-26e1-442d-bb1e-57ea0bfdfa81,,John A. Kowalko,John,A.,Kowalko,,,,Democratic,,Incumbent,State House District 25,,,,,,State Representative District 25,John.Kowalko@delaware.gov,,,,,,https://legis.delaware.gov/images/default-source/default-album/JohnKowalko.jpg?sfvrsn=0,,,,,,,,,,,,,,,,,,,,,,,,,,,,,,,,,,,,,,,,,,,,,,,
,,,,,,ocd-person/7188a518-8d78-42e8-b618-ee38a10d20a4,,"John ""Jack"" Walsh",John,,Walsh,"""Jack""",,,Democratic,,Incumbent,State Senate District 9,,,,,,State Senator District 9,John.Walsh@delaware.gov,,,,,,https://legis.delaware.gov/images/default-source/default-album/JohnWalsh.jpg?sfvrsn=0,,,,,,,,,,,,,,,,,,,,,,,,,,,,,,,,,,,,,,,,,,,,,,,
,,,,,,ocd-person/b24cb06f-0cb1-4682-8038-d31b8ebc76fb,,Kendra Johnson,Kendra,,Johnson,,,,Democratic,,Incumbent,State House District 5,,,,,,State Representative District 5,Kendra.Johnson@delaware.gov,,,,,,https://legis.delaware.gov/Content/images/placeholder_leg.png,,,,,,,,,,,,,,,,,,,,,,,,,,,,,,,,,,,,,,,,,,,,,,,
,,,,,,ocd-person/d1020a85-27a1-4458-9ae2-90b09367be2c,,Kevin S Hensley,Kevin,S,Hensley,,,,Republican,,Incumbent,State House District 9,,,,,,State Representative District 9,Kevin.Hensley@delaware.gov,,,,,,https://legis.delaware.gov/images/default-source/default-album/KevinHensley.jpg?sfvrsn=0,,,,,,,,,,,,,,,,,,,,,,,,,,,,,,,,,,,,,,,,,,,,,,,
,,,,,,ocd-person/80dfa709-d199-4950-a067-2dafc40241b9,,Kimberly Williams,Kimberly,,Williams,,,,Democratic,,Incumbent,State House District 19,,,,,,State Representative District 19,Kimberly.Williams@delaware.gov,,,,,,https://legis.delaware.gov/images/default-source/default-album/KimberlyWilliams.jpg?sfvrsn=0,,,,,,,,,,,,,,,,,,,,,,,,,,,,,,,,,,,,,,,,,,,,,,,
,,,,,,ocd-person/0dc99b9c-115c-4da0-81b1-22aa5b6750e0,,Krista Griffith,Krista,,Griffith,,,,Democratic,,Incumbent,State House District 12,,,,,,State Representative District 12,Krista.Griffith@delaware.gov,,,,,,https://legis.delaware.gov/Content/images/placeholder_leg.png,,,,,,,,,,,,,,,,,,,,,,,,,,,,,,,,,,,,,,,,,,,,,,,
,,,,,,ocd-person/96f29b7f-bd5a-4a83-8ed0-7a5c6d3c6036,,Kyle Evans Gay,Kyle,Evans,Gay,,,,Democratic,,Incumbent,State Senate District 5,,,,,,State Senator District 5,Kyle.Gay@delaware.gov,,,,,,,,,,,,,,,,,,,,,,,,,,,,,,,,,,,,,,,,,,,,,,,,,,,,,
,,,,,,ocd-person/1e6f6e97-5c95-4351-afe2-d8843f7897bc,,Larry Lambert,Larry,,Lambert,,,,Democratic,,Incumbent,State House District 7,,,,,,State Representative District 7,Larry.Lambert@delaware.gov,,,,,,,,,,,,,,,,,,,,,,,,,,,,,,,,,,,,,,,,,,,,,,,,,,,,,
,,,,,,ocd-person/e0bd9610-eafd-4e25-931a-6674762e4c03,,Laura V. Sturgeon,Laura,V.,Sturgeon,,,,Democratic,,Incumbent,State Senate District 4,,,,,,State Senator District 4,Laura.Sturgeon@delaware.gov,,,,,,https://legis.delaware.gov/Content/images/placeholder_leg.png,,,,,,,,,,,,,,,,,,,,,,,,,,,,,,,,,,,,,,,,,,,,,,,
,,,,,,ocd-person/85f716aa-751a-4258-a68b-f6ed94b2daa0,,Lyndon D. Yearick,Lyndon,D.,Yearick,,,,Republican,,Incumbent,State House District 34,,,,,,State Representative District 34,Lyndon.Yearick@delaware.gov,,,,,,https://legis.delaware.gov/images/default-source/default-album/LyndonYearick.jpg?sfvrsn=0,,,,,,,,,,,,,,,,,,,,,,,,,,,,,,,,,,,,,,,,,,,,,,,
,,,,,,ocd-person/eee736fd-ee29-403a-9bbc-713961c734b7,,Marie Pinkney,Marie,,Pinkney,,,,Democratic,,Incumbent,State Senate District 13,,,,,,State Senator District 13,Marie.Pinkney@delaware.gov,,,,,,,,,,,,,,,,,,,,,,,,,,,,,,,,,,,,,,,,,,,,,,,,,,,,,
,,,,,,ocd-person/2ceeb021-8aee-405f-afd6-f53f0c3d0bb7,,Melissa Minor-Brown,Melissa,,Minor-Brown,,,,Democratic,,Incumbent,State House District 17,,,,,,State Representative District 17,Melissa.MinorBrown@delaware.gov,,,,,,https://legis.delaware.gov/Content/images/placeholder_leg.png,,,,,,,,,,,,,,,,,,,,,,,,,,,,,,,,,,,,,,,,,,,,,,,
,,,,,,ocd-person/c9f1393e-01c8-4597-a6e5-6d43330264dc,,Michael F. Smith,Michael,F.,Smith,,,,Republican,,Incumbent,State House District 22,,,,,,State Representative District 22,Michael.F.Smith@delaware.gov,,,,,,https://legis.delaware.gov/Content/images/placeholder_leg.png,,,,,,,,,,,,,,,,,,,,,,,,,,,,,,,,,,,,,,,,,,,,,,,
,,,,,,ocd-person/73418316-37c9-457a-a800-84815cca2c0e,,Michael Ramone,Michael,,Ramone,,,,Republican,,Incumbent,State House District 21,,,,,,State Representative District 21,Michael.Ramone@delaware.gov,,,,,,https://legis.delaware.gov/images/default-source/default-album/MichaelRamone.jpg?sfvrsn=0,,,,,,,,,,,,,,,,,,,,,,,,,,,,,,,,,,,,,,,,,,,,,,,
,,,,,,ocd-person/5e54d79a-5ba8-4966-93aa-2e05788a3ddc,,Nicole Poore,Nicole,,Poore,,,,Democratic,,Incumbent,State Senate District 12,,,,,,State Senator District 12,Nicole.Poore@delaware.gov,,,,,,https://legis.delaware.gov/images/default-source/Legislators/NicolePoore.jpg?sfvrsn=2,,,,,,,,,,,,,,,,,,,,,,,,,,,,,,,,,,,,,,,,,,,,,,,
,,,,,,ocd-person/d3a970f7-a567-4761-a318-ba3d15cda1cb,,Paul S. Baumbach,Paul,S.,Baumbach,,,,Democratic,,Incumbent,State House District 23,,,,,,State Representative District 23,Paul.Baumbach@delaware.gov,,,,,,https://legis.delaware.gov/images/default-source/default-album/PaulBaumbach.jpg?sfvrsn=0,,,,,,,,,,,,,,,,,,,,,,,,,,,,,,,,,,,,,,,,,,,,,,,
,,,,,,ocd-person/12c9f274-117a-4e85-857e-c379164506ed,,Peter C. Schwartzkopf,Peter,C.,Schwartzkopf,,,,Democratic,,Incumbent,State House District 14,,,,,,State Representative District 14,Peter.Schwartzkopf@delaware.gov,,,,,,https://legis.delaware.gov/images/default-source/default-album/PeterSchwartzkopf.jpg?sfvrsn=0,,,,,,,,,,,,,,,,,,,,,,,,,,,,,,,,,,,,,,,,,,,,,,,
,,,,,,ocd-person/26490cf5-c29c-485e-bdc5-1e340a4c10f6,,Richard G. Collins,Richard,G.,Collins,,,,Republican,,Incumbent,State House District 41,,,,,,State Representative District 41,Rich.Collins@delaware.gov,,,,,,https://legis.delaware.gov/images/default-source/Legislators/RichardCollins.jpg?sfvrsn=2,,,,,,,,,,,,,,,,,,,,,,,,,,,,,,,,,,,,,,,,,,,,,,,
,,,,,,ocd-person/5cd844e2-9346-40d9-a804-7531aa49ccd4,,Ronald E. Gray,Ronald,E.,Gray,,,,Republican,,Incumbent,State House District 38,,,,,,State Representative District 38,Ronald.Gray@delaware.gov,,,,,,https://legis.delaware.gov/images/default-source/Legislators/RonaldGray.jpg?sfvrsn=2,,,,,,,,,,,,,,,,,,,,,,,,,,,,,,,,,,,,,,,,,,,,,,,
,,,,,,ocd-person/9c365c60-83a6-44b9-a63b-d1693ba60076,,Ruth Briggs King,Ruth,Briggs,King,,,,Republican,,Incumbent,State House District 37,,,,,,State Representative District 37,Ruth.BriggsKing@delaware.gov,,,,,,https://legis.delaware.gov/images/default-source/Legislators/RuthBriggsKing.jpg?sfvrsn=2,,,,,,,,,,,,,,,,,,,,,,,,,,,,,,,,,,,,,,,,,,,,,,,
,,,,,,ocd-person/ca88dc3b-bbc6-4eb8-af32-9821268ebda5,,S. Elizabeth Lockman,S.,Elizabeth,Lockman,,,,Democratic,,Incumbent,State Senate District 3,,,,,,State Senator District 3,Elizabeth.Lockman@delaware.gov,,,,,,https://legis.delaware.gov/Content/images/placeholder_leg.png,,,,,,,,,,,,,,,,,,,,,,,,,,,,,,,,,,,,,,,,,,,,,,,
,,,,,,ocd-person/26a4ec3d-4193-47f0-afe3-207e4a15210d,,Sarah McBride,Sarah,,McBride,,,,Democratic,,Incumbent,State Senate District 1,,,,,,State Senator District 1,Sarah.McBride@delaware.gov,,,,,,,,,,,,,,,,,,,,,,,,,,,,,,,,,,,,,,,,,,,,,,,,,,,,,
,,,,,,ocd-person/6fd6e720-822c-45ee-8fac-933b4eb9ccb5,,Sean M. Lynn,Sean,M.,Lynn,,,,Democratic,,Incumbent,State House District 31,,,,,,State Representative District 31,Sean.Lynn@delaware.gov,,,,,,https://legis.delaware.gov/images/default-source/default-album/SeanLynn.jpg?sfvrsn=0,,,,,,,,,,,,,,,,,,,,,,,,,,,,,,,,,,,,,,,,,,,,,,,
,,,,,,ocd-person/f8bb88ef-0c5c-45fd-b4e5-397c14899892,,Sean Matthews,Sean,,Matthews,,,,Democratic,,Incumbent,State House District 10,,,,,,State Representative District 10,Sean.Matthews@delaware.gov,,,,,,https://legis.delaware.gov/images/default-source/default-album/SeanMatthews1.jpg?sfvrsn=0,,,,,,,,,,,,,,,,,,,,,,,,,,,,,,,,,,,,,,,,,,,,,,,
,,,,,,ocd-person/6a8995a4-deab-416f-89ce-987c8c6557aa,,Sherae'a Moore,Sherae'a,,Moore,,,,Democratic,,Incumbent,State House District 8,,,,,,State Representative District 8,Rae.Moore@delaware.gov,,,,,,,,,,,,,,,,,,,,,,,,,,,,,,,,,,,,,,,,,,,,,,,,,,,,,
,,,,,,ocd-person/16dc99d9-d69e-4d73-9ee0-a4ef2543b3df,,Sherry Dorsey Walker,Sherry,Dorsey,Walker,,,,Democratic,,Incumbent,State House District 3,,,,,,State Representative District 3,Sherry.DorseyWalker@delaware.gov,,,,,,https://legis.delaware.gov/Content/images/placeholder_leg.png,,,,,,,,,,,,,,,,,,,,,,,,,,,,,,,,,,,,,,,,,,,,,,,
,,,,,,ocd-person/a42132e6-9070-44a4-81be-70797c4ea2bb,,Spiros Mantzavinos,Spiros,,Mantzavinos,,,,Democratic,,Incumbent,State Senate District 7,,,,,,State Senator District 7,Spiros.Mantzavinos@delaware.gov,,,,,,,,,,,,,,,,,,,,,,,,,,,,,,,,,,,,,,,,,,,,,,,,,,,,,
,,,,,,ocd-person/24e001be-be7a-4110-8488-2e385315ff5b,,Stephanie L. Hansen,Stephanie,L.,Hansen,,,,Democratic,,Incumbent,State Senate District 10,,,,,,State Senator District 10,Stephanie.Hansen@delaware.gov,,,,,,https://legis.delaware.gov/images/default-source/default-album/Hansen.jpg?sfvrsn=0,,,,,,,,,,,,,,,,,,,,,,,,,,,,,,,,,,,,,,,,,,,,,,,
,,,,,,ocd-person/d43018ae-3f1c-480e-94a0-57b1415f61b1,,Stephen Smyk,Stephen,,Smyk,,,,Republican,,Incumbent,State House District 20,,,,,,State Representative District 20,Steve.Smyk@delaware.gov,,,,,,https://legis.delaware.gov/images/default-source/default-album/StephenSmyk.jpg?sfvrsn=0,,,,,,,,,,,,,,,,,,,,,,,,,,,,,,,,,,,,,,,,,,,,,,,
,,,,,,ocd-person/101c752d-fbe4-471c-ae50-f2b1409a328f,,Timothy D. Dukes,Timothy,D.,Dukes,,,,Republican,,Incumbent,State House District 40,,,,,,State Representative District 40,Timothy.Dukes@delaware.gov,,,,,,https://legis.delaware.gov/images/default-source/default-album/TimothyDukesbeb3ddfeaf2a6dfeae60ff0000a39f38.jpg?sfvrsn=0,,,,,,,,,,,,,,,,,,,,,,,,,,,,,,,,,,,,,,,,,,,,,,,
,,,,,,ocd-person/89be0266-5ecf-40ac-9f5c-3dba2ce79a0d,,Trey Paradee,Trey,,Paradee,,,,Democratic,,Incumbent,State Senate District 17,,,,,,State Senator District 17,Trey.Paradee@delaware.gov,,,,,,https://legis.delaware.gov/images/default-source/default-album/TreyParadee.jpg?sfvrsn=0,,,,,,,,,,,,,,,,,,,,,,,,,,,,,,,,,,,,,,,,,,,,,,,
,,,,,,ocd-person/8a7842c7-39a7-40f7-9d05-0a9ee2acd977,,Valerie Longhurst,Valerie,,Longhurst,,,,Democratic,,Incumbent,State House District 15,,,,,,State Representative District 15,Valerie.Longhurst@delaware.gov,,,,,,https://legis.delaware.gov/images/default-source/default-album/ValerieLonghurst.jpg?sfvrsn=0,,,,,,,,,,,,,,,,,,,,,,,,,,,,,,,,,,,,,,,,,,,,,,,
,,,,,,ocd-person/1952d6d2-3cd8-4a2c-b663-f16052b948c3,,Shannon Morris,Shannon,,Morris,,,,Republican,,Incumbent,State House District 30,,,,,,State Representative District 30,Shannon.Morris@delaware.gov,,,,,,https://legis.delaware.gov/Content/images/placeholder_leg.png,,,,,,,,,,,,,,,,,,,,,,,,,,,,,,,,,,,,,,,,,,,,,,,
,,,,,,ocd-person/fccfb524-6aee-40a9-8469-081e961dd072,,William Bush,William,,Bush,,,,Democratic,,Incumbent,State House District 29,,,,,,State Representative District 29,William.Bush@delaware.gov,,,,,,https://legis.delaware.gov/Content/images/placeholder_leg.png,,,,,,,,,,,,,,,,,,,,,,,,,,,,,,,,,,,,,,,,,,,,,,,
,,,,,,ocd-person/35bf376a-ffc2-4468-b6ab-0ef72cc8d05b,,William J. Carson,William,J.,Carson,,,,Democratic,,Incumbent,State House District 28,,,,,,State Representative District 28,William.Carson@delaware.gov,,,,,,https://legis.delaware.gov/images/default-source/default-album/WilliamCarson.jpg?sfvrsn=0,,,,,,,,,,,,,,,,,,,,,,,,,,,,,,,,,,,,,,,,,,,,,,,
,,H6DE00206,,,ocd-division/country:us/state:de/cd:1,,,Lisa Blunt Rochester,Lisa,,Blunt Rochester,,,,Democratic Party,DE,Incumbent,Delaware At-Large District,,,Female,,,U.S. House Delaware At-Large District,,,,,1962-02-10,,,,https://bluntrochester.house.gov,,1724 Longworth House Office Building,202-225-4165,,,,,,,,,,,,,,https://www.twitter.com/RepLBR,,,,,,,,,https://www.facebook.com/Rep.BluntRochester,,,,,,,,,104772,412689,173249,,,21706,,/g/11c328y56v,,https://api.propublica.org/congress/v1/members/B001303.json,
,,S8DE00079,,,ocd-division/country:us/state:de,,,Thomas R. Carper,Thomas,R.,Carper,,,,Democratic Party,DE,Incumbent,Delaware,,,Male,,,U.S. House Delaware,,,,,1947-01-23,,,,https://www.carper.senate.gov/public,,513 Hart Senate Office Building,202-224-2441,,,,,http://www.carper.senate.gov/public/index.cfm/email-senator-carper,,,,,,,,,https://www.twitter.com/SenatorCarper,,,https://www.youtube.com/c/senatorcarper,,,,,,https://www.facebook.com/tomcarper,,,,,,https://www.carper.senate.gov/public/?a=RSS.Feed,,S277,663,300019,22421,,,15015,,/m/01xw7t,,https://api.propublica.org/congress/v1/members/C000174.json,
,,S0DE00092,,,ocd-division/country:us/state:de,,,Christopher A. Coons,Christopher,A.,Coons,,,,Democratic Party,DE,Incumbent,Delaware,,,Male,,,U.S. House Delaware,,,,,1963-09-09,,,,https://www.coons.senate.gov,,218 Russell Senate Office Building,202-224-5042,,,,,https://www.coons.senate.gov/contact,,,,,,,,,https://www.twitter.com/ChrisCoons,,,https://www.youtube.com/c/senatorchriscoons,,,,,,https://www.facebook.com/senatorchriscoons,,,,,,,,S337,9269028,412390,122834,,,40916,,/m/082d3d,,https://api.propublica.org/congress/v1/members/C001088.json,
