name,name_first,name_middle,name_last,nickname,name_prefix,name_suffix,Image,party,Office,title,state,status,district,ethnicity,race,gender,date_of_birth,date_of_death,education,occupation,Bio,email_official,email_other,email_campaign,website_official,website_personal,website_campaign,twitter_official,twitter_personal,twitter_campaign,youtube_official,youtube_personal,youtube_campaign,instagram_official,instagram_personal,instagram_campaign,facebook_official,facebook_personal,facebook_campaign,linkedin,rumble,gab,RSS,address_campaign,address_capitol,address_district,phone_campaign,phone_capitol,phone_district,fax_capitol,fax_district,contact_form_url,date_assumed_office,appointed_by,appointed_data,confirmed_date,term_end_data,congress_year,thomas ID,lis_id,cspan_id,govtrack_id,votesmart_id,ballotpedia_id,washington_post_id,icpsr_id,wikipedia_id,google_entity_id,Ballotpedia URL,propublica URL,Ballotpedia Office ID,govpackpub_id,govpack_id,fec_id,usio_id,opensecrets_id,district_ocd_id,openstates_id,committee_id
Ann Millner,Ann,,Millner,,,,https://images.squarespace-cdn.com/content/v1/5a8202babff200c56b82eb0b/1612111465461-3RV63FCN28BYDC8HVBP7/Ann+Milner.jpg?format=750w,Republican Party,Utah State Senate District 5,Utah State Senator,UT,Challenger,Utah State Senate District 5,,,,,,,,,n/a,,,n/a,,https://electannmillner.com/,n/a,,,,,,,,,,https://www.facebook.com/ann.millner.75,https://www.facebook.com/annmillnerutah/,,,,,,n/a,n/a,(801) 900-3897,n/a,n/a,n/a,n/a,,n/a,n/a,n/a,n/a,n/a,n/a,,,,,,,,,https://en.wikipedia.org/wiki/Ann_Millner,,,,,,,,,,ocd-division/country:us/state:ut/sldu:5,ocd-person/6b86542a-9b8a-418f-a275-6c261cdd86d2,
Jerry W. Stevenson,Jerry,W.,Stevenson,,,,https://le.utah.gov/images/legislator/STEVEJW.jpg,Republican Party,Utah State Senate District 6,Utah State Senator,UT,Challenger,Utah State Senate District 6,,,,,,,,,n/a,,,n/a,,https://www.votejerrystevenson.com/,,,,,,,,,,,https://www.facebook.com/jerry.stevenson.988,https://www.facebook.com/votejerrystevenson,,,,,,n/a,n/a,(801) 678-3147,n/a,n/a,n/a,n/a,,n/a,n/a,n/a,n/a,n/a,n/a,,,,,,,,,https://en.wikipedia.org/wiki/Jerry_Stevenson_(politician),,,,,,,,,,ocd-division/country:us/state:ut/sldu:6,ocd-person/3a04e48f-6d8c-47aa-b0aa-0e14994cd961,
Mike Lee,Mike,,Lee,,,,https://pbs.twimg.com/profile_images/1006896016849858560/P3nNjlIe_400x400.jpg,Republican Party,U.S. Senate Utah,U.S. Senator,UT,Incumbent,Utah Statewide,,,Male,1971-06-04,,,,,,,info@leeforsenate.com,https://www.lee.senate.gov,,https://leeforsenate.com/,https://www.twitter.com/senmikelee,,https://www.twitter.com/mikeleeforutah,https://www.youtube.com/channel/UCplVxs_j_sLAt0fkplXcl4A,,,https://www.instagram.com/senmikelee/,,https://www.instagram.com/mikeleeforutah/,https://www.facebook.com/senatormikelee,,,,,,https://www.lee.senate.gov/public/?a=rss.feed,"P.O. Box 1537, Salt Lake City, UT, 84110",361a Russell Senate Office Building,,(801) 742-1681,202-224-5444,,,,https://www.lee.senate.gov/public/index.cfm/contact,,,,,,,,S346,9267977,412495,66395,,,41110,https://en.wikipedia.org/wiki/Mike_Lee_(American_politician),/m/09v5q9x,,https://api.propublica.org/congress/v1/members/L000577.json,,,,S0UT00165,,,ocd-division/country:us/state:ut,,
Jen Plumb,Jen,,Plumb,,,,"https://static.wixstatic.com/media/08f2da_853cfebea08c4039b58f71e2f759c711~mv2.jpg/v1/crop/x_505,y_240,w_4440,h_2853/fill/w_1958,h_1258,al_c,q_90,usm_0.66_1.00_0.01,enc_auto/Jennifer%20(66).jpg",Democratic Party,Utah State Senate District 9,Utah State Senator,UT,Challenger,Utah State Senate District 9,,,,,,,,,n/a,,voteplumb@gmail.com,n/a,,https://www.jenplumb.com/,,,https://www.twitter.com/jennifer_plumb,,,,,,,,,https://www.facebook.com/votejenplumb,,,,,,n/a,n/a,(801) 580-1501,n/a,n/a,n/a,n/a,,n/a,n/a,n/a,n/a,n/a,n/a,,,,,,,,,,,,,,,,,,,ocd-division/country:us/state:ut/sldu:9,,
Blake D. Moore,Blake,D.,Moore,,,,https://images.squarespace-cdn.com/content/v1/5e405721fe45de26e3da8141/1589298863128-HCOV8CKM3RJCJ2EDCO1D/MOORE+for+UT-010025.MXF.12_12_13_19.Still005.jpg?format=1500w,Republican Party,U.S. House Utah District 1,U.S. Representative,UT,Incumbent,Utah Congressional District 1,,,Male,1980-06-22,,,,,,,blake@electmoore.com,https://blakemoore.house.gov,,https://electmoore.com/,https://www.twitter.com/RepBlakeMoore,https://www.twitter.com/ElectBlakeMoore,https://www.twitter.com/ElectBlakeMoore,,,https://www.youtube.com/channel/UCWCl_8iY9KqDpGfSWMmmffA,,,,https://www.facebook.com/RepBlakeMoore/,,https://www.facebook.com/ElectBlakeMoore,,,,,"21 G. Street, Salt Lake City, UT 84103",1320 Longworth House Office Building,,(801) 900-3213,202-225-0453,,,,,,,,,,,,,,456851,,,,,https://en.wikipedia.org/wiki/Blake_Moore,/g/11ftchfsgn,,https://api.propublica.org/congress/v1/members/M001213.json,,,,H0UT01205,,,ocd-division/country:us/state:ut/cd:1,,
Chris Stewart,Chris,,Stewart,,,,https://pbs.twimg.com/profile_images/1277816909359022080/TYZ6ELqI_400x400.jpg,Republican Party,U.S. House Utah District 2,U.S. Representative,UT,Incumbent,Utah Congressional District 2,,,Male,1960-07-15,,,,,,,info@stewartforutah.com,https://stewart.house.gov,,https://www.stewartforutah.com/,https://www.twitter.com/RepChrisStewart,,https://www.twitter.com/StewartforUtah,https://www.youtube.com/channel/UCKYqzTvmQVWys-WhrCkbyPw,,https://www.youtube.com/channel/UCiAxMNkpXAaaUGA0E-WZOUg,https://www.instagram.com/repChrisStewart/,,,https://www.facebook.com/RepChrisStewart/,,https://www.facebook.com/StewartForUtah/,,,,,"P.O. Box 540370, N. Salt Lake City, UT, 84045",166 Cannon House Office Building,,(801) 897-2467,202-225-9730,,,,,,,,,,,,,68466,412581,135930,,,21367,https://en.wikipedia.org/wiki/Chris_Stewart_(politician),/m/0j273ks,,https://api.propublica.org/congress/v1/members/S001192.json,,,,H2UT02324,,,ocd-division/country:us/state:ut/cd:2,,
John Curtis,John,,Curtis,,,,https://pbs.twimg.com/profile_images/1321513757487423489/tmvS5aSG_400x400.jpg,Republican Party,U.S. House Utah District 3,U.S. Representative,UT,Incumbent,Utah Congressional District 3,,,Male,1960-05-10,,,,,,,info@johncurtis.org,https://curtis.house.gov,,https://johncurtis.org/,https://www.twitter.com/RepJohnCurtis,,https://www.twitter.com/CurtisUT,,https://www.youtube.com/channel/UChAQ4MD-HigmGnImSoAKBVA,https://www.youtube.com/channel/UCk_P28leCyEhBj3YTyohE4Q,https://www.instagram.com/repjohncurtis/,,https://www.instagram.com/curtisut/,https://www.facebook.com/RepJohnCurtis/,https://www.facebook.com/JCurtis,https://www.facebook.com/JohnCurtisCampaign,,,,https://curtis.house.gov/category/press-releases/feed/,"180 N University Ave STE 270, Provo, UT 84601",2400 Rayburn House Office Building,,(801) 709-1561,202-225-7751,,,,,,,,,,,,,,412740,123390,,,21755,https://en.wikipedia.org/wiki/John_Curtis_(American_politician),/m/0bmdhtb,,https://api.propublica.org/congress/v1/members/C001114.json,,,,H8UT03238,,,ocd-division/country:us/state:ut/cd:3,,
Burgess Owens,Burgess,,Owens,,,,,Republican Party,U.S. House Utah District 4,U.S. Representative,UT,Incumbent,Utah Congressional District 4,,,Male,1951-08-02,,,,,,,Burgess@burgess4utah.com,https://owens.house.gov,,https://burgess4utah.com/,https://www.twitter.com/RepBurgessOwens,,https://www.twitter.com/BurgessOwens,,,,,,https://www.instagram.com/burgess4utah/,https://www.facebook.com/CongressmanBurgessOwens/,https://www.facebook.com/burgess.owens,https://www.facebook.com/officiallyburgessowens,,,,,,1039 Longworth House Office Building,,(702) 882-7008,202-225-3011,,,,,,,,,,,,,,456852,,,,,https://en.wikipedia.org/wiki/Burgess_Owens,/m/0286z2f,,https://api.propublica.org/congress/v1/members/O000086.json,,,,H0UT04076,,,ocd-division/country:us/state:ut/cd:4,,
Cindy Davis,Cindy,,Davis,,,,https://cindydavisforschoolboard.com/images/CindyHeadShot.webp,Republican Party,,Utah State Public Education Commissioner,UT,Challenger,,,,,,,,,,n/a,,cindydavisforschoolboard@gmail.com,n/a,,https://cindydavisforschoolboard.com/,,,,,,,,,,,https://www.facebook.com/cindy.davis.2468,https://www.facebook.com/CindyDavisforSchoolBoard,,,,,,n/a,n/a,,n/a,n/a,n/a,n/a,,n/a,n/a,n/a,n/a,n/a,n/a,,,,,,,,,,,,,,,,,,,ocd-division/country:us/state:ut/school_board_district:11,,
Leann Wood,Leann,,Wood,,,,"https://static.wixstatic.com/media/542bd0_41d4df1d1dbd429ea17a6222460e2272~mv2.jpg/v1/fill/w_1280,h_1320,fp_0.50_0.34,q_85,usm_0.66_1.00_0.01,enc_auto/542bd0_41d4df1d1dbd429ea17a6222460e2272~mv2.jpg",Republican Party,,Utah State Public Education Commissioner,UT,Challenger,,,,,,,,,,n/a,,leann4utah@gmail.com,n/a,,https://leann4utah.wixsite.com/website/,,,https://www.twitter.com/LeAnn4Utah,,,,,,https://www.instagram.com/LeAnn4Utah/,,,https://www.facebook.com/LeAnn4Utah,,,,,,n/a,n/a,(801) 661-2247,n/a,n/a,n/a,n/a,,n/a,n/a,n/a,n/a,n/a,n/a,,,,,,,,,,,,,,,,,,,ocd-division/country:us/state:ut/school_board_district:4,,
Jill Koford,Jill,,Koford,,,,https://images.squarespace-cdn.com/content/v1/61513343858c682b11f8f650/bfb978cf-90a4-4468-ac41-0f3e9c637f6d/3J9A2647.jpg?format=1500w,Republican Party,Utah State House District 10,Utah State Representative,UT,Challenger,Utah State House District 10,,,,,,,,,n/a,,jill@votekoford.com,n/a,,https://votekoford.com/,,,https://www.twitter.com/jillkoford,,,,,,https://www.instagram.com/votekoford/,,,https://www.facebook.com/VoteKoford/,,,,,"P.O. Box 150022, Ogden, UT, 84415",n/a,n/a,(385) 244-0170,n/a,n/a,n/a,n/a,,n/a,n/a,n/a,n/a,n/a,n/a,,,,,,,,,,,,,,,,,,,ocd-division/country:us/state:ut/sldl:10,,
Katy Hall,Katy,,Hall,,,,"https://img1.wsimg.com/isteam/ip/ccd32f24-7674-4e22-8e3f-8cabc5252756/IMG_0193%20(2).jpg/:/cr=t:0.03%25,l:0%25,w:100%25,h:99.94%25/rs=w:600,h:800,cg:true",Republican Party,Utah State House District 11,Utah State Representative,UT,Challenger,Utah State House District 11,,,,,,,,,n/a,,katy4utah11@gmail.com,n/a,,https://katyhall.org/,,,,,,,,,,,,https://www.facebook.com/profile.php?id=100077718091790,,,,,,n/a,n/a,(801) 388-0724,n/a,n/a,n/a,n/a,,n/a,n/a,n/a,n/a,n/a,n/a,,,,,,,,,,,,,,,,,,,ocd-division/country:us/state:ut/sldl:11,,
Paul A. Cutler,Paul,A.,Cutler,,,,"https://img1.wsimg.com/isteam/ip/6999158e-8f44-48f2-afe1-a4f09e4d6330/Paul%20Cutler%20headshot.jpg/:/rs=w:265,h:334,cg:true,m/cr=w:265,h:334/qt=q:95",Republican Party,Utah State House District 18,Utah State Representative,UT,Challenger,Utah State House District 18,,,,,,,,,n/a,,paul@votepaulcutler.com,n/a,,https://votepaulcutler.com/,,,https://www.twitter.com/paulcutler01,,,https://www.youtube.com/channel/UCuEOACsPXlClDKUVkKHLfDw,,https://www.instagram.com/parttimepolitician/,,,,https://www.facebook.com/CutlerLegislature,,,,,"1872 North Main Street, Centerville, Utah 84014",n/a,n/a,(801) 390-3444,n/a,n/a,n/a,n/a,,n/a,n/a,n/a,n/a,n/a,n/a,,,,,,,,,,,,,,,,,,,ocd-division/country:us/state:ut/sldl:18,,
Raymond P. Ward,Raymond,P.,Ward,,,,"https://static.wixstatic.com/media/c2c1ea_4031a6456b304290a9f9d70b4eff7559~mv2.jpg/v1/crop/x_0,y_1,w_657,h_654/fill/w_654,h_654,al_c,q_85,enc_auto/RaySquareWhite.jpg",Republican Party,Utah State House District 19,Utah State Representative,UT,Incumbent,Utah State House District 19,,,,,,,,,rayward@le.utah.gov,,rayward1024@yahoo.com,,,https://www.raywardutah.com/,,,https://www.twitter.com/raywardutah,,https://www.youtube.com/user/bevward11,https://www.youtube.com/user/bevward11,,,,,https://www.facebook.com/raymond.ward.121,https://www.facebook.com/raywardutah,,,,,,,"954 E. MILLBROOK WAY, BOUNTIFUL, UT, 84010",(801) 440-8765,,801-440-8765,,,,,,,,,,,,,,,,,,https://en.wikipedia.org/wiki/Raymond_Ward,,,,,,,,,,ocd-division/country:us/state:ut/sldl:19,ocd-person/dbd3789a-5040-4015-9474-ac27b4a32010,
Mike Petersen,Mike,J.,Petersen,,,,https://le.utah.gov/images/legislator/house/PETERM.jpg,Republican Party,Utah State House District 2,Utah State Representative,UT,Challenger,Utah State House District 2,,,,,,,,,n/a,,,n/a,,https://www.voteformikepetersen.com/,,,,,,,,,,n/a,https://www.facebook.com/nlmike,https://www.facebook.com/nlmike,,,,,,n/a,n/a,(435) 770-6925,n/a,n/a,n/a,n/a,,n/a,n/a,n/a,n/a,n/a,n/a,,,,,,,,,https://en.wikipedia.org/wiki/Mike_Petersen_(Utah_politician),,,,,,,,,,ocd-division/country:us/state:ut/sldl:2,ocd-person/e9792114-e077-4663-96c4-94d679c66ace,
Melissa Garff Ballard,Melissa,Garff,Ballard,,,,https://images.squarespace-cdn.com/content/v1/5a70c00c8dd041277da17524/1620855563819-NQKVUJTNB9VOSNXM7YFN/20_Ballard+Web.JPG?format=1500w,Republican Party,Utah State House District 20,Utah State Representative,UT,Incumbent,Utah State House District 20,,,,,,,,,mballard@le.utah.gov,,info@melissagarffballard.com,,,https://melissagarffballard.com/,https://www.twitter.com/melissautahgop,,,,,,,,,,https://www.facebook.com/melissa.g.ballard.5,https://www.facebook.com/votemelissaballard,,,,,,,"407 ELK HOLLOW CIRCLE, NORTH SALT LAKE, UT, 84054",(801) 633-6561,,801-633-6561,,,,,,,,,,,,,,,,,,https://en.wikipedia.org/wiki/Melissa_Garff_Ballard,,,,,,,,,,ocd-division/country:us/state:ut/sldl:20,ocd-person/861428f5-6456-4c94-b1ed-838b01a7d845,
Bridger Bolinder,Bridger,,Bolinder,,,,https://images.squarespace-cdn.com/content/v1/61ddc329e4ab88436bd56f75/67f482c0-ea1e-47e0-b37a-12de44ca9f36/Bridger+Bolinder+01-12-22+KC-4.jpg?format=1000w,Republican Party,Utah State House District 29,Utah State Representative,UT,Challenger,Utah State House District 29,,,,,,,,,n/a,,bridger@bolinderresources.com,n/a,,https://www.votebolinder.com/,,,,,,,,,,,,https://www.facebook.com/BridgerForUtah,,,,,,n/a,n/a,(435) 830-3143,n/a,n/a,n/a,n/a,,n/a,n/a,n/a,n/a,n/a,n/a,,,,,,,,,,,,,,,,,,,ocd-division/country:us/state:ut/sldl:29,,
Kera Birkeland,Kera,,Birkeland,,,,https://media-exp2.licdn.com/dms/image/C5603AQE_EYN4kH-1uw/profile-displayphoto-shrink_200_200/0/1646938239573?e=1660176000&v=beta&t=L4uZ4YEKyZnGIXj7EKttvMpqVUfL2uwC25GAixyzH44,Republican Party,Utah State House District 4,Utah State Representative,UT,Challenger,Utah State House District 4,,,,,,,,,n/a,,kera@kerabirkeland.com,n/a,,https://www.kerabirkeland.com/,,,https://www.twitter.com/KeraBirk,,,,,https://www.instagram.com/kera_birkeland/,https://www.instagram.com/kera_birkeland/,,https://www.facebook.com/kera.birkeland,https://www.facebook.com/KeraBirkelandUtah/,,,,,,n/a,n/a,(385) 266-2677,n/a,n/a,n/a,n/a,,n/a,n/a,n/a,n/a,n/a,n/a,,,,,,,,,https://en.wikipedia.org/wiki/Kera_Birkeland,,,,,,,,,,ocd-division/country:us/state:ut/sldl:4,ocd-person/c4a52e84-76f2-48e1-ada3-2fe4d9a12d00,
Wayne Gary Sandberg,Wayne,Gary,Sandberg,,,,,Republican Party,Utah State House District 41,Utah State Representative,UT,Challenger,Utah State House District 41,,,,,,,,,n/a,,,n/a,,,,,,,,,,,,,,,,,,,,n/a,n/a,(801) 554-9084,n/a,n/a,n/a,n/a,,n/a,n/a,n/a,n/a,n/a,n/a,,,,,,,,,,,,,,,,,,,ocd-division/country:us/state:ut/sldl:41,,
Susan Pulsipher,Susan,,Pulsipher,,,,"https://static.wixstatic.com/media/5dcd28_8d69abfc62874decb35479c489d59f2f~mv2_d_2400_3000_s_4_2.jpg/v1/fill/w_499,h_566,al_c,q_80,usm_0.66_1.00_0.01,enc_auto/5dcd28_8d69abfc62874decb35479c489d59f2f~mv2_d_2400_3000_s_4_2.jpg",Republican Party,Utah State House District 45,Utah State Representative,UT,Challenger,Utah State House District 45,,,,,,,,,n/a,,susankdp@gmail.com,n/a,,http://susanpulsipher.com/,,https://www.twitter.com/PulsipherSusan,,,,,,,,n/a,https://www.facebook.com/susan.dayleypulsipher,,,,,,,n/a,n/a,(801) 860-1670,n/a,n/a,n/a,n/a,,n/a,n/a,n/a,n/a,n/a,n/a,,,,,,,,,https://en.wikipedia.org/wiki/Susan_Pulsipher,,,,,,,,,,ocd-division/country:us/state:ut/sldl:45,ocd-person/863ea116-e9a6-41b1-b765-1f369148a400,
Jeff Stenquist,Jeff,,Stenquist,,,,https://images.squarespace-cdn.com/content/v1/629e63091675555c831ff817/d490a57b-fa04-415a-b2e8-37d81d81c2ff/Stenquist.jpg?format=1500w,Republican Party,Utah State House District 46,Utah State Representative,UT,Challenger,Utah State House District 46,,,,,,,,,n/a,,,n/a,,https://www.jeffstenquist.com/,n/a,,,,,https://www.youtube.com/channel/UCJ0_cYgO-CsskP_ecuzD4CQ,,,,,https://www.facebook.com/jeff.stenquist,https://www.facebook.com/ElectJeffStenquist/,,,,,,n/a,n/a,(385) 272-9437,n/a,n/a,n/a,n/a,,n/a,n/a,n/a,n/a,n/a,n/a,,,,,,,,,https://en.wikipedia.org/wiki/Jeff_Stenquist,,,,,,,,,,ocd-division/country:us/state:ut/sldl:46,,
Christine F. Watkins,Christine,F.,Watkins,,,,https://i0.wp.com/watkinsforruralutah.com/wp-content/uploads/2022/05/chris-headshot-1-1.jpg?fit=875%2C1093&ssl=1,Republican Party,Utah State House District 67,Utah State Representative,UT,Challenger,Utah State House District 67,,,,,,,,,n/a,,cwatkins_68@yahoo.com,n/a,,https://watkinsforruralutah.com/,,https://www.twitter.com/RepWatkins,,,,,,,,,https://www.facebook.com/christine.f.watkins,,,,,,,n/a,n/a,(435) 650-1969,n/a,n/a,n/a,n/a,,n/a,n/a,n/a,n/a,n/a,n/a,,,,,,,,,https://en.wikipedia.org/wiki/Christine_Watkins,,,,,,,,,,ocd-division/country:us/state:ut/sldl:67,ocd-person/052622aa-50ab-47c7-84b8-175d144a9d59,
Joseph Elison,Joseph,,Elison,,,,,Republican Party,Utah State House District 72,Utah State Representative,UT,Challenger,Utah State House District 72,,,,,,,,,n/a,,elisonforutah@gmail.com,n/a,,https://www.elisonforutah.com/,,,,,,https://www.youtube.com/channel/UCruXkK_Wk03PPQZseKw0kKg,,,,,,https://www.facebook.com/elisonforutah/,,,,,"P.O. Box 8, Toquerville, UT, 84774",n/a,n/a,(435) 467-9627,n/a,n/a,n/a,n/a,,n/a,n/a,n/a,n/a,n/a,n/a,,,,,,,,,,,,,,,,,,,ocd-division/country:us/state:ut/sldl:72,,
Colin W. Jack,Colin,W.,Jack,,,,,Republican Party,Utah State House District 73,Utah State Representative,UT,Challenger,Utah State House District 73,,,,,,,,,n/a,,colinj@colinwjack.com,n/a,,https://www.colinwjack.com/home,,,,,,,,,,,,https://www.facebook.com/ColinWJackUtah73,,,,,,n/a,n/a,(435) 669-8116,n/a,n/a,n/a,n/a,,n/a,n/a,n/a,n/a,n/a,n/a,,,,,,,,,,,,,,,,,,,ocd-division/country:us/state:ut/sldl:73,,
R. Neil Walter,R.,Neil,Walter,,,,,Republican Party,Utah State House District 74,Utah State Representative,UT,Challenger,Utah State House District 74,,,,,,,,,n/a,,rneilwalter@gmail.com,n/a,,https://www.walterfor74.com/,,,,,,https://www.youtube.com/channel/UCs3X1web1yi5W41lq_9hW0g,,,,,,https://www.facebook.com/rneilwalter,,,,,"3903 London Lane, Santa Clara, UT 84765",n/a,n/a,(435) 229-1205,n/a,n/a,n/a,n/a,,n/a,n/a,n/a,n/a,n/a,n/a,,,,,,,,,,,,,,,,,,,ocd-division/country:us/state:ut/sldl:74,,
Jason B. Kyle,Jason,B.,Kyle,,,,,Republican Party,Utah State House District 8,Utah State Representative,UT,Challenger,Utah State House District 8,,,,,,,,,n/a,,jason@jasonbkyle.com,n/a,,https://www.jasonbkyle.com/,,,,,,,,,,,,https://www.facebook.com/electjasonkyle,,,,,,n/a,n/a,(385) 394-2424,n/a,n/a,n/a,n/a,,n/a,n/a,n/a,n/a,n/a,n/a,,,,,,,,,,,,,,,,,,,ocd-division/country:us/state:ut/sldl:8,,
Nate Blouin,Nate,,Blouin,,,,https://images.squarespace-cdn.com/content/v1/61dd3284102f883537ad5bbe/8e30c050-310f-4266-bb39-db59d051f83b/DSC_7965.jpg?format=1500w,Democratic Party,Utah State Senate District 13,Utah State Senator,UT,Challenger,Utah State Senate District 13,,,,,,,,,n/a,,nate@nateforutah.com,n/a,,https://www.nateforutah.com/,,,https://www.twitter.com/NateForUtah,,,,,,https://www.instagram.com/nateforutah/,,,https://www.facebook.com/nbforutah,,,,,,n/a,n/a,(603) 724-3266,n/a,n/a,n/a,n/a,,n/a,n/a,n/a,n/a,n/a,n/a,,,,,,,,,,,,,,,,,,,ocd-division/country:us/state:ut/sldu:13,,
Stephanie Pitcher,Stephanie,,Pitcher,,,,https://www.electstephanie.com/wp-content/uploads/2022/06/Edited2001-2-square-1.jpg,Democratic Party,Utah State Senate District 14,Utah State Senator,UT,Challenger,Utah State Senate District 14,,,,,,,,,n/a,,stephanie@electstephanie.com,n/a,,https://www.electstephanie.com/,,,https://www.twitter.com/steph_pitcher,,,,,,https://www.instagram.com/electstephanie/,,https://www.facebook.com/stephanie.pitcher,https://www.facebook.com/stephanieforsenate/,,,,,,n/a,n/a,(801) 791-1124,n/a,n/a,n/a,n/a,,n/a,n/a,n/a,n/a,n/a,n/a,,,,,,,,,https://en.wikipedia.org/wiki/Stephanie_Pitcher,,,,,,,,,,ocd-division/country:us/state:ut/sldu:14,ocd-person/edf0f18c-4b89-4d34-a2eb-6ce79accdaa7,
Keith Grover,Keith,,Grover,,,,https://keithgrover.com/wp-content/uploads/2022/03/GROVEK.jpg,Republican Party,Utah State Senate District 23,Utah State Senator,UT,Challenger,Utah State Senate District 23,,,,,,,,,n/a,,kgrover2014@gmail.com,n/a,,https://keithgrover.com/,n/a,,,,,,,https://www.instagram.com/keithgrover123/,,n/a,https://www.facebook.com/keith.grover.16,,,,,,,n/a,n/a,(801) 319-0170,n/a,n/a,n/a,n/a,,n/a,n/a,n/a,n/a,n/a,n/a,,,,,,,,,https://en.wikipedia.org/wiki/Keith_Grover,,,,,,,,,,ocd-division/country:us/state:ut/sldu:23,ocd-person/7634ce2b-d172-4852-919c-7089eaa38db8,
Evan J. Vickers,Evan,J.,Vickers,,,,https://images.squarespace-cdn.com/content/v1/5a74adf89f8dce3e0853ae39/1517611786183-OJKFJ39KX0UOKQQ0P3OK/Campaign+Picture.jpg?format=750w,Republican Party,Utah State Senate District 28,Utah State Senator,UT,Incumbent,Utah State Senate District 28,,,,,,,,,evickers@le.utah.gov,,,,,https://voteevanvickers.com/,,,,,,,,,,,https://www.facebook.com/evan.vickers,,,,,,,,"2166 North Cobble Creek Drive, Cedar City, UT, 84721",(435) 586-4399,,435-586-9651,,435-586-3473,,,,,,,,,,,,,,,,https://en.wikipedia.org/wiki/Evan_Vickers,,,,,,,,,,ocd-division/country:us/state:ut/sldu:28,ocd-person/3ee27d8b-c865-4d86-b33e-9cfb34c3bac4,
A. Cory Maloy,A.,Cory,Maloy,,,,https://le.utah.gov/images/legislator/MALOYC.jpg,Republican,Utah State House District 6,Utah State Representative,UT,Incumbent,Utah State House District 6,,,,,,,,,corymaloy@le.utah.gov,,,,,,,,,,,,,,,,,,,,,,,,"283 E 500 N, LEHI, UT, 84043",,,801-477-0019,,,,,,,,,,,,,,,,,,,,,,,,,,,,,ocd-person/8487aadf-5bd8-46b1-97a3-2db855c534a0,
Adam Robertson,Adam,,Robertson,,,,https://le.utah.gov/images/legislator/ROBERA.jpg,Republican,Utah State House District 63,Utah State Representative,UT,Incumbent,Utah State House District 63,,,,,,,,,adamrobertson@le.utah.gov,,,,,,,,,,,,,,,,,,,,,,,,"1684 N 1500 E, PROVO, UT, 84604",,,385-325-2877,,,,,,,,,,,,,,,,,,,,,,,,,,,,,ocd-person/7bdf8b7a-b185-4359-acfe-62074039afbb,
Andrew Stoddard,Andrew,,Stoddard,,,,https://le.utah.gov/images/legislator/STODDA.jpg,Democratic,Utah State House District 44,Utah State Representative,UT,Incumbent,Utah State House District 44,,,,,,,,,astoddard@le.utah.gov,,,,,,,,,,,,,,,,,,,,,,,,"218 E 8135 S, SANDY, UT, 84070",,,385-256-3281,,,,,,,,,,,,,,,,,,,,,,,,,,,,,ocd-person/eac36970-1c63-4b4c-81b1-3a39536bd69d,
Angela Romero,Angela,,Romero,,,,https://le.utah.gov/images/legislator/ROMERAY.jpg,Democratic,Utah State House District 26,Utah State Representative,UT,Incumbent,Utah State House District 26,,,,,,,,,angelaromero@le.utah.gov,,,,,,,,,,,,,,,,,,,,,,,,"350 North State, Suite 350, Salt Lake City, UT, 84114",,,801-722-4972,,,,,,,,,,,,,,,,,,,,,,,,,,,,,ocd-person/d987aff4-abcf-4f2a-826d-b5741d065d44,
Ashlee Matthews,Ashlee,,Matthews,,,,https://le.utah.gov/images/legislator/MATTHA.jpg,Democratic,Utah State House District 38,Utah State Representative,UT,Incumbent,Utah State House District 38,,,,,,,,,amatthews@le.utah.gov,,,,,,,,,,,,,,,,,,,,,,,,"350 N. State Street, Suite 350, Salt Lake City, UT, 84114",,,385-264-2024,,,,,,,,,,,,,,,,,,,,,,,,,,,,,ocd-person/8a770a9d-d24e-4468-9194-fa2ff1f422e3,
Brad R. Wilson,Brad,R.,Wilson,,,,https://le.utah.gov/images/legislator/WILSOBR.jpg,Republican,Utah State House District 15,Utah State Representative,UT,Incumbent,Utah State House District 15,,,,,,,,,bradwilson@le.utah.gov,,,,,,,,,,,,,,,,,,,,,,,,"350 N STATE ST SUITE 350, SALT LAKE CITY, UT, 84114",,,801-538-1029,,,,,,,,,,,,,,,,,,,,,,,,,,,,,ocd-person/7203ffd4-b488-486d-b81c-8437cc50fc88,
Bradley G. Last,Bradley,G.,Last,,,,https://le.utah.gov/images/legislator/LASTBG.jpg,Republican,Utah State House District 71,Utah State Representative,UT,Incumbent,Utah State House District 71,,,,,,,,,blast@le.utah.gov,,,,,,,,,,,,,,,,,,,,,,,,"1194 S 180 W, HURRICANE, UT, 84737",,,435-429-1220,,,,,,,,,,,,,,,,,,,,,,,,,,,,,ocd-person/0f1d7458-99cf-4f54-b4af-4c4adcc67e72,
Brady Brammer,Brady,,Brammer,,,,https://le.utah.gov/images/legislator/BRAMMB.jpg,Republican,Utah State House District 27,Utah State Representative,UT,Incumbent,Utah State House District 27,,,,,,,,,bbrammer@le.utah.gov,,,,,,,,,,,,,,,,,,,,,,,,"1955 W GROVE PARKWAY, SUITE 250, PLEASANT GROVE, UT, 84062",,,801-709-1790,,,,,,,,,,,,,,,,,,,,,,,,,,,,,ocd-person/b8751ce0-ba9b-44a0-8658-9cc9dc5f4c2c,
Brian S. King,Brian,S.,King,,,,https://le.utah.gov/images/legislator/KINGBS.jpg,Democratic,Utah State House District 28,Utah State Representative,UT,Incumbent,Utah State House District 28,,,,,,,,,briansking@le.utah.gov,,,,,,,,,,,,,,,,,,,,,,,,"875 S DONNER WAY #1504, SALT LAKE CITY, UT, 84108",,,801-532-1739,,801-532-1936,,,,,,,,,,,,,,,,,,,,,,,,,,,ocd-person/4711de1a-bc47-4ae2-b22e-de982ca7d42e,
Calvin R. Musselman,Calvin,R.,Musselman,,,,https://le.utah.gov/images/legislator/MUSSECR.jpg,Republican,Utah State House District 9,Utah State Representative,UT,Incumbent,Utah State House District 9,,,,,,,,,cmusselman@le.utah.gov,,,,,,,,,,,,,,,,,,,,,,,,"4137 S 4100 W, WEST HAVEN, UT, 84401",,,801-773-1777,,,,,,,,,,,,,,,,,,,,,,,,,,,,,ocd-person/036ab735-ad82-450e-a5ca-098b1436cb90,
Candice B. Pierucci,Candice,B.,Pierucci,,,,https://le.utah.gov/images/legislator/PIERUC.jpg,Republican,Utah State House District 52,Utah State Representative,UT,Incumbent,Utah State House District 52,,,,,,,,,cpierucci@le.utah.gov,,,,,,,,,,,,,,,,,,,,,,,,"350 N STATE ST STE 350, SALT LAKE CITY, UT, 84114",,,385-414-1488,,,,,,,,,,,,,,,,,,,,,,,,,,,,,ocd-person/b4977f98-8a0d-4e4b-a43f-b8ee80adba2b,
Carl R. Albrecht,Carl,R.,Albrecht,,,,https://le.utah.gov/images/legislator/ALBRECR.jpg,Republican,Utah State House District 70,Utah State Representative,UT,Incumbent,Utah State House District 70,,,,,,,,,carlalbrecht@le.utah.gov,,,,,,,,,,,,,,,,,,,,,,,,"350 North State, Suite 350, Salt Lake City, UT, 84114",,,435-979-6578,,,,,,,,,,,,,,,,,,,,,,,,,,,,,ocd-person/8967df77-dc79-46e0-873c-b79f9cf73e1f,
Carol Spackman Moss,Carol,Spackman,Moss,,,,https://le.utah.gov/images/legislator/MOSSCS.jpg,Democratic,Utah State House District 37,Utah State Representative,UT,Incumbent,Utah State House District 37,,,,,,,,,csmoss@le.utah.gov,,,,,,,,,,,,,,,,,,,,,,,,"350 North State, Suite 350, Salt Lake City, UT, 84114",,,801-647-8764,,,,,,,,,,,,,,,,,,,,,,,,,,,,,ocd-person/8d06fd93-cc42-47e3-a00c-2229718b7226,
Casey Snider,Casey,,Snider,,,,https://le.utah.gov/images/legislator/SNIDEC.jpg,Republican,Utah State House District 5,Utah State Representative,UT,Incumbent,Utah State House District 5,,,,,,,,,csnider@le.utah.gov,,,,,,,,,,,,,,,,,,,,,,,,"PO BOX 450, PARADISE, UT, 84328",,,435-770-4081,,,,,,,,,,,,,,,,,,,,,,,,,,,,,ocd-person/5d8ada2a-75c6-4aa6-b359-29720794fb7e,
Cheryl K. Acton,Cheryl,K.,Acton,,,,https://le.utah.gov/images/legislator/ACTONCK.jpg,Republican,Utah State House District 43,Utah State Representative,UT,Incumbent,Utah State House District 43,,,,,,,,,cacton@le.utah.gov,,,,,,,,,,,,,,,,,,,,,,,,"5143 W. Wheatcrest Circle, West Jordan, UT, 84081",,,801-809-3571,,,,,,,,,,,,,,,,,,,,,,,,,,,,,ocd-person/54fcc31c-a3e5-47ea-a044-d1223c6bce65,
Chris H. Wilson,Chris,H.,Wilson,,,,https://le.utah.gov/images/legislator/WILSOCH.jpg,Republican,Utah State Senate District 25,Utah State Senator,UT,Incumbent,Utah State Senate District 25,,,,,,,,,cwilson@le.utah.gov,,,,,,,,,,,,,,,,,,,,,,,,"1367 Cedarwood Lane, Logan, UT, 84341",,,435-752-7355,,,,,,,,,,,,,,,,,,,,,,,,,,,,,ocd-person/3acc854e-2a4d-43ff-9cfb-63d527bb8186,
Clare Collard,Clare,,Collard,,,,https://le.utah.gov/images/legislator/COLLAC.jpg,Democratic,Utah State House District 22,Utah State Representative,UT,Incumbent,Utah State House District 22,,,,,,,,,ccollard@le.utah.gov,,,,,,,,,,,,,,,,,,,,,,,,"PO Box 428, Magna, UT, 84044",,,385-421-8969,,,,,,,,,,,,,,,,,,,,,,,,,,,,,ocd-person/d5c4b2ba-85ff-4973-bf1c-63ce1dfaf9fc,
Curtis S. Bramble,Curtis,S.,Bramble,,,,https://le.utah.gov/images/legislator/BRAMBCS.jpg,Republican,Utah State Senate District 16,Utah State Senator,UT,Incumbent,Utah State Senate District 16,,,,,,,,,curt@cbramble.com,,,,,,,,,,,,,,,,,,,,,,,,"3663 North 870 East, Provo, UT, 84604",,,801-361-5802,,,,,,,,,,,,,,,,,,,,,,,,,,,,,ocd-person/2c94421c-009b-4e64-9e10-b5e1f71afadd,
Dan N. Johnson,Dan,N.,Johnson,,,,https://le.utah.gov/images/legislator/JOHNSDN.jpg,Republican,Utah State House District 4,Utah State Representative,UT,Incumbent,Utah State House District 4,,,,,,,,,dnjohnson@le.utah.gov,,,,,,,,,,,,,,,,,,,,,,,,"526 W 600 S, LOGAN, UT, 84321",,,435-770-7051,,,,,,,,,,,,,,,,,,,,,,,,,,,,,ocd-person/93cbbcce-172d-4857-b12d-3ea97f10ef66,
Daniel McCay,Daniel,,McCay,,,,https://le.utah.gov/images/legislator/MCCAYD.jpg,Republican,Utah State Senate District 11,Utah State Senator,UT,Incumbent,Utah State Senate District 11,,,,,,,,,dmccay@le.utah.gov,,,,,,,,,,,,,,,,,,,,,,,,"13307 HERITAGE FARM COVE, RIVERTON, UT, 84065",,,801-810-4110,,,,,,,,,,,,,,,,,,,,,,,,,,,,,ocd-person/6540aa74-9456-4b29-9b56-cadd31104db2,
Daniel W. Thatcher,Daniel,W.,Thatcher,,,,https://le.utah.gov/images/legislator/THATCDW.jpg,Republican,Utah State Senate District 12,Utah State Senator,UT,Incumbent,Utah State Senate District 12,,,,,,,,,dthatcher@le.utah.gov,,,,,,,,,,,,,,,,,,,,,,,,"6352 W CITY VISTAS WAY, WEST VALLEY CITY, UT, 84128",,,801-759-4746,,,,,,,,,,,,,,,,,,,,,,,,,,,,,ocd-person/98a1bd6d-57c3-4c15-8dcd-f31ea41c2472,
David G. Buxton,David,G.,Buxton,,,,https://le.utah.gov/images/legislator/BUXTODG.jpg,Republican,Utah State Senate District 20,Utah State Senator,UT,Incumbent,Utah State Senate District 20,,,,,,,,,gbuxton@le.utah.gov,,,,,,,,,,,,,,,,,,,,,,,,"4162 S 2340 W, ROY, UT, 84067",,,801-707-7095,,,,,,,,,,,,,,,,,,,,,,,,,,,,,ocd-person/f30c3419-d198-4c97-89ed-271e469ba883,
David P. Hinkins,David,P.,Hinkins,,,,https://le.utah.gov/images/legislator/HINKIDP.jpg,Republican,Utah State Senate District 27,Utah State Senator,UT,Incumbent,Utah State Senate District 27,,,,,,,,,iems@etv.net,,,,,,,,,,,,,,,,,,,,,,,,"PO Box 383, Ferron , UT, 84523",,,435-748-2828,,435-748-2089,,,,,,,,,,,,,,,,,,,,,,,,,,,ocd-person/78b7c95c-45a7-40cb-a82c-681db75f9529,
Derek L. Kitchen,Derek,L.,Kitchen,,,,https://le.utah.gov/images/legislator/KITCHDL.jpg,Democratic,Utah State Senate District 2,Utah State Senator,UT,Incumbent,Utah State Senate District 2,,,,,,,,,dkitchen@le.utah.gov,,,,,,,,,,,,,,,,,,,,,,,,"350 N STATE ST SUITE 320, SALT LAKE CITY, UT, 84114",,,801-674-6141,,,,,,,,,,,,,,,,,,,,,,,,,,,,,ocd-person/8b1630fd-d86e-4c72-a6be-584d65bb8de0,
Derrin R. Owens,Derrin,R.,Owens,,,,https://le.utah.gov/images/legislator/OWENSD.jpg,Republican,Utah State Senate District 24,Utah State Senator,UT,Incumbent,Utah State Senate District 24,,,,,,,,,Derrinowens@le.utah.gov,,,,,,,,,,,,,,,,,,,,,,,,"P.O. Box 127, Fountain Green, UT, 84632",,,435-851-1284,,,,,,,,,,,,,,,,,,,,,,,,,,,,,ocd-person/ef1c9af3-b4f9-4eeb-b63d-a22f01c84262,
Don L. Ipson,Don,L.,Ipson,,,,https://le.utah.gov/images/legislator/IPSONDL.jpg,Republican,Utah State Senate District 29,Utah State Senator,UT,Incumbent,Utah State Senate District 29,,,,,,,,,dipson@le.utah.gov,,,,,,,,,,,,,,,,,,,,,,,,"539 DIAGONAL ST, ST GEORGE, UT, 84770",,,435-817-5281,,,,,,,,,,,,,,,,,,,,,,,,,,,,,ocd-person/cbfab19e-80f2-4edc-ae55-08f9e03a6d2f,
Doug Owens,Doug,,Owens,,,,https://le.utah.gov/images/legislator/OWENSDO.jpg,Democratic,Utah State House District 36,Utah State Representative,UT,Incumbent,Utah State House District 36,,,,,,,,,dougowens@le.utah.gov,,,,,,,,,,,,,,,,,,,,,,,,"PO Box 91072, Millcreek, UT, 84109",,,385-499-3761,,,,,,,,,,,,,,,,,,,,,,,,,,,,,ocd-person/b60609f0-e6df-42fc-bbca-9b67a2ed7254,
Douglas R. Welton,Douglas,R.,Welton,,,,https://le.utah.gov/images/legislator/WELTOD.jpg,Republican,Utah State House District 67,Utah State Representative,UT,Incumbent,Utah State House District 67,,,,,,,,,dwelton@le.utah.gov,,,,,,,,,,,,,,,,,,,,,,,,"357 E 1250 S, Payson, UT, 84651",,,385-999-0403,,,,,,,,,,,,,,,,,,,,,,,,,,,,,ocd-person/725abf07-1cca-47a5-a5a7-223d763f5da0,
Douglas V. Sagers,Douglas,V.,Sagers,,,,https://le.utah.gov/images/legislator/SAGERD.jpg,Republican,Utah State House District 21,Utah State Representative,UT,Incumbent,Utah State House District 21,,,,,,,,,dougsagers@le.utah.gov,,,,,,,,,,,,,,,,,,,,,,,,"243 HOME TOWN CT, TOOELE, UT, 84074",,,435-843-3754,,435-882-8770,,,,,,,,,,,,,,,,,,,,,,,,,,,ocd-person/037a4e06-f076-43fd-a6d2-33f9d0eb0184,
Elizabeth Weight,Elizabeth,,Weight,,,,https://le.utah.gov/images/legislator/WEIGHE.jpg,Democratic,Utah State House District 31,Utah State Representative,UT,Incumbent,Utah State House District 31,,,,,,,,,elizabethweight@le.utah.gov,,,,,,,,,,,,,,,,,,,,,,,,"350 North State, Suite 350, Salt Lake City, UT, 84114",,,385-272-1413,,,,,,,,,,,,,,,,,,,,,,,,,,,,,ocd-person/1ceeec7a-fad8-45e8-b2a8-6ae23572b8cf,
Gay Lynn Bennion,Gay,Lynn,Bennion,,,,https://le.utah.gov/images/legislator/BENNIGL.jpg,Democratic,Utah State House District 46,Utah State Representative,UT,Incumbent,Utah State House District 46,,,,,,,,,glbennion@le.utah.gov,,,,,,,,,,,,,,,,,,,,,,,,"6682 S Candle Cove, Cottonwood Heights, UT, 84121",,,385-224-9197,,,,,,,,,,,,,,,,,,,,,,,,,,,,,ocd-person/64375897-db2e-4def-8168-85cb2ff94b76,
Gene Davis,Gene,,Davis,,,,https://le.utah.gov/images/legislator/DAVISG.jpg,Democratic,Utah State Senate District 3,Utah State Senator,UT,Incumbent,Utah State Senate District 3,,,,,,,,,gdavis@le.utah.gov,,,,,,,,,,,,,,,,,,,,,,,,"865 PARKWAY AVE, SALT LAKE CITY, UT, 84106",,,801-647-8924,,801-484-9442,,,,,,,,,,,,,,,,,,,,,,,,,,,ocd-person/89883f4d-5206-4dac-8505-f39279033780,
J. Stuart Adams,J.,Stuart,Adams,,,,https://le.utah.gov/images/legislator/ADAMSJS.jpg,Republican,Utah State Senate District 22,Utah State Senator,UT,Incumbent,Utah State Senate District 22,,,,,,,,,jsadams@le.utah.gov,,,,,,,,,,,,,,,,,,,,,,,,"3271 E 1875 N, Layton, UT, 84040",,,,,,,,,,,,,,,,,,,,,,,,,,,,,,,,ocd-person/5b47c889-e555-4d3c-9b30-97d52ee02960,
Jacob L. Anderegg,Jacob,L.,Anderegg,,,,https://le.utah.gov/images/legislator/ANDERJL.jpg,Republican,Utah State Senate District 13,Utah State Senator,UT,Incumbent,Utah State Senate District 13,,,,,,,,,janderegg@le.utah.gov,,,,,,,,,,,,,,,,,,,,,,,,"PO BOX 934, LEHI, UT, 84043-0934",,,801-901-3580,,,,,,,,,,,,,,,,,,,,,,,,,,,,,ocd-person/29fd7869-2422-4f28-a978-11e5783f51b1,
James A. Dunnigan,James,A.,Dunnigan,,,,https://le.utah.gov/images/legislator/DUNNIJA.jpg,Republican,Utah State House District 39,Utah State Representative,UT,Incumbent,Utah State House District 39,,,,,,,,,jdunnigan@le.utah.gov,,,,,,,,,,,,,,,,,,,,,,,,"3105 W 5400 S STE 6, TAYLORSVILLE, UT, 84129",,,801-840-1800,,,,,,,,,,,,,,,,,,,,,,,,,,,,,ocd-person/89b3cebe-884b-4798-b063-794d359ea891,
Jani Iwamoto,Jani,,Iwamoto,,,,https://le.utah.gov/images/legislator/IWAMOJ.jpg,Democratic,Utah State Senate District 4,Utah State Senator,UT,Incumbent,Utah State Senate District 4,,,,,,,,,jiwamoto@le.utah.gov,,,,,,,,,,,,,,,,,,,,,,,,"4760 S Highland Dr Ste 527 SLC, SLC, UT, 84117",,,801-580-8414,,,,,,,,,,,,,,,,,,,,,,,,,,,,,ocd-person/738ea45e-501f-46f2-aaeb-82cef2ef95f5,
Jefferson Moss,Jefferson,,Moss,,,,https://le.utah.gov/images/legislator/MOSSJ.jpg,Republican,Utah State House District 2,Utah State Representative,UT,Incumbent,Utah State House District 2,,,,,,,,,jeffersonmoss@le.utah.gov,,,,,,,,,,,,,,,,,,,,,,,,"1668 N ASPEN CIR, SARATOGA SPRINGS, UT, 84045",,,385-250-6738,,,,,,,,,,,,,,,,,,,,,,,,,,,,,ocd-person/39f80bf5-e4c8-4b0f-9ca6-5f43508a5755,
Jefferson S. Burton,Jefferson,S.,Burton,,,,https://le.utah.gov/images/legislator/BURTOJS.jpg,Republican,Utah State House District 66,Utah State Representative,UT,Incumbent,Utah State House District 66,,,,,,,,,jburton@le.utah.gov,,,,,,,,,,,,,,,,,,,,,,,,"350 North State, Suite 350, Salt Lake City, UT, 84114",,,385-225-0575,,,,,,,,,,,,,,,,,,,,,,,,,,,,,ocd-person/1773d5d5-4967-4af5-9880-3106ace372d7,
Jeffrey D. Stenquist,Jeffrey,D.,Stenquist,,,,https://le.utah.gov/images/legislator/STENQJ.jpg,Republican,Utah State House District 51,Utah State Representative,UT,Incumbent,Utah State House District 51,,,,,,,,,jstenquist@le.utah.gov,,,,,,,,,,,,,,,,,,,,,,,,"129 E 13800 S, Ste B2 #351, DRAPER, UT, 84020",,,385-272-9437,,,,,,,,,,,,,,,,,,,,,,,,,,,,,ocd-person/58a35084-a6c6-421a-81d9-91d9c3dc6d5f,
Jennifer Dailey-Provost,Jennifer,,Dailey-Provost,,,,https://le.utah.gov/images/legislator/DAILEJ.jpg,Democratic,Utah State House District 24,Utah State Representative,UT,Incumbent,Utah State House District 24,,,,,,,,,jdprovost@le.utah.gov,,,,,,,,,,,,,,,,,,,,,,,,"350 North State, Suite 350, Salt Lake City, UT, 84114",,,385-321-7827,,,,,,,,,,,,,,,,,,,,,,,,,,,,,ocd-person/b32f9174-73af-4db3-877b-1c368bd4e62e,
Joel Ferry,Joel,,Ferry,,,,https://le.utah.gov/images/legislator/FERRYJ.jpg,Republican,Utah State House District 1,Utah State Representative,UT,Incumbent,Utah State House District 1,,,,,,,,,jferry@le.utah.gov,,,,,,,,,,,,,,,,,,,,,,,,"780 N 1100 W, BRIGHAM CITY, UT, 84302",,,801-726-4032,,,,,,,,,,,,,,,,,,,,,,,,,,,,,ocd-person/627d55e0-5965-41f3-a5c7-94b3abac551c,
Joel K. Briscoe,Joel,K.,Briscoe,,,,https://le.utah.gov/images/legislator/BRISCJK.jpg,Democratic,Utah State House District 25,Utah State Representative,UT,Incumbent,Utah State House District 25,,,,,,,,,jbriscoe@le.utah.gov,,,,,,,,,,,,,,,,,,,,,,,,"350 North State, Suite 350, Salt Lake City, UT, 84114",,,801-946-9791,,,,,,,,,,,,,,,,,,,,,,,,,,,,,ocd-person/664044a3-6f66-4292-8a35-9393c3a0cce2,
John D. Johnson,John,D.,Johnson,,,,https://le.utah.gov/images/legislator/JOHNSJD.jpg,Republican,Utah State Senate District 19,Utah State Senator,UT,Incumbent,Utah State Senate District 19,,,,,,,,,john@johnforutah.com,,,,,,,,,,,,,,,,,,,,,,,,"870 e 3550 n, North Ogden, UT, 84414",,,801-391-2521,,,,,,,,,,,,,,,,,,,,,,,,,,,,,ocd-person/0c8df9e4-cb46-4dc1-ab5b-6d181efd58e0,
Jon Hawkins,Jon,,Hawkins,,,,https://le.utah.gov/images/legislator/HAWKIJ.jpg,Republican,Utah State House District 57,Utah State Representative,UT,Incumbent,Utah State House District 57,,,,,,,,,jhawkins@le.utah.gov,,,,,,,,,,,,,,,,,,,,,,,,"PO BOX 353, PLEASANT GROVE, UT, 84062",,,801-769-0975,,,,,,,,,,,,,,,,,,,,,,,,,,,,,ocd-person/e214e4ef-2df9-41a2-9113-98715f5a791c,
Jordan D. Teuscher,Jordan,D.,Teuscher,,,,https://le.utah.gov/images/legislator/TEUSCJ.jpg,Republican,Utah State House District 42,Utah State Representative,UT,Incumbent,Utah State House District 42,,,,,,,,,jteuscher@le.utah.gov,,,,,,,,,,,,,,,,,,,,,,,,"5413 W Burntside Avenue, South Jordan, UT, 84009",,,385-285-5489,,,,,,,,,,,,,,,,,,,,,,,,,,,,,ocd-person/4fb12ece-15d9-4fd2-9b0a-e96a0dbdd2ad,
Judy Weeks Rohner,Judy,Weeks,Rohner,,,,https://le.utah.gov/images/legislator/ROHNEJ.jpg,Republican,Utah State House District 33,Utah State Representative,UT,Incumbent,Utah State House District 33,,,,,,,,,jrohner@le.utah.gov,,,,,,,,,,,,,,,,,,,,,,,,"3762 S 3600 W, West Valley City, UT, 84119",,,,,,,,,,,,,,,,,,,,,,,,,,,,,,,,ocd-person/cbf85db9-a39c-44af-bed9-78826eed85af,
Karen Kwan,Karen,,Kwan,,,,https://le.utah.gov/images/legislator/KWANK.jpg,Democratic,Utah State House District 34,Utah State Representative,UT,Incumbent,Utah State House District 34,,,,,,,,,kkwan@le.utah.gov,,,,,,,,,,,,,,,,,,,,,,,,"PO BOX 571384, MURRAY, UT, 84157-1384",,,385-249-0683,,,,,,,,,,,,,,,,,,,,,,,,,,,,,ocd-person/3ceb7500-0ea7-46ef-9a75-d00d378b86b7,
Karen M. Peterson,Karen,M.,Peterson,,,,https://le.utah.gov/images/legislator/PETERK.jpg,Republican,Utah State House District 13,Utah State Representative,UT,Incumbent,Utah State House District 13,,,,,,,,,kpeterson@le.utah.gov,,,,,,,,,,,,,,,,,,,,,,,,"2122 W 1800 N STE D #340, CLINTON, UT, 84015",,,385-285-6790,,,,,,,,,,,,,,,,,,,,,,,,,,,,,ocd-person/3c2d4efe-dd4e-48cf-a83b-2a15791706a3,
Karen Mayne,Karen,,Mayne,,,,https://le.utah.gov/images/legislator/MAYNEK.jpg,Democratic,Utah State Senate District 5,Utah State Senator,UT,Incumbent,Utah State Senate District 5,,,,,,,,,kmayne@le.utah.gov,,,,,,,,,,,,,,,,,,,,,,,,"5044 W BANNOCK CIR, WEST VALLEY CITY, UT, 84120",,,801-232-6648,,,,,,,,,,,,,,,,,,,,,,,,,,,,,ocd-person/2d6944ef-b213-4741-8e16-a7de72b11789,
Karianne Lisonbee,Karianne,,Lisonbee,,,,https://le.utah.gov/images/legislator/LISONK.jpg,Republican,Utah State House District 14,Utah State Representative,UT,Incumbent,Utah State House District 14,,,,,,,,,karilisonbee@le.utah.gov,,,,,,,,,,,,,,,,,,,,,,,,"PO BOX 160152, CLEARFIELD, UT, 84016",,,801-589-2934,,,,,,,,,,,,,,,,,,,,,,,,,,,,,ocd-person/59eb30b5-da7b-4161-85b3-8b48c01f4c2b,
Kathleen A. Riebe,Kathleen,A.,Riebe,,,,https://le.utah.gov/images/legislator/RIEBEK.jpg,Democratic,Utah State Senate District 8,Utah State Senator,UT,Incumbent,Utah State Senate District 8,,,,,,,,,kriebe@le.utah.gov,,,,,,,,,,,,,,,,,,,,,,,,"9040 S Greenhills Drive, Cottonwood Heights, UT, 84093",,,385-222-1742,,,,,,,,,,,,,,,,,,,,,,,,,,,,,ocd-person/67c6161b-0222-4702-85ce-7409bc5bc86a,
Kay J. Christofferson,Kay,J.,Christofferson,,,,https://le.utah.gov/images/legislator/CHRISKJ.jpg,Republican,Utah State House District 56,Utah State Representative,UT,Incumbent,Utah State House District 56,,,,,,,,,kchristofferson@le.utah.gov,,,,,,,,,,,,,,,,,,,,,,,,"1256 E 1500 N, LEHI, UT, 84043",,,801-592-5709,,,,,,,,,,,,,,,,,,,,,,,,,,,,,ocd-person/aee56bc8-022b-4351-81c0-9b5050846a8b,
Kelly B. Miles,Kelly,B.,Miles,,,,https://le.utah.gov/images/legislator/MILESKB.jpg,Republican,Utah State House District 11,Utah State Representative,UT,Incumbent,Utah State House District 11,,,,,,,,,kmiles@le.utah.gov,,,,,,,,,,,,,,,,,,,,,,,,"6288 S 1575 E, OGDEN, UT, 84405",,,801-458-8270,,,,,,,,,,,,,,,,,,,,,,,,,,,,,ocd-person/f9e737ad-26f3-418e-99c8-0b21670c71f8,
Ken Ivory,Ken,,Ivory,,,,https://le.utah.gov/images/legislator/IVORYK.jpg,Republican,Utah State House District 47,Utah State Representative,UT,Incumbent,Utah State House District 47,,,,,,,,,kivory@le.utah.gov,,,,,,,,,,,,,,,,,,,,,,,,"8393 S 2010 W, WEST JORDAN, UT, 84088",,,801-694-8380,,,,,,,,,,,,,,,,,,,,,,,,,,,,,ocd-person/c76bd4cf-9149-46e8-a001-e2c81c5942d5,
Keven J. Stratton,Keven,J.,Stratton,,,,https://le.utah.gov/images/legislator/STRATKJ.jpg,Republican,Utah State House District 48,Utah State Representative,UT,Incumbent,Utah State House District 48,,,,,,,,,kstratton@le.utah.gov,,,,,,,,,,,,,,,,,,,,,,,,"350 North State, Suite 350, Salt Lake City, UT, 84114",,,801-836-6010,,,,,,,,,,,,,,,,,,,,,,,,,,,,,ocd-person/a919fa9b-f3f7-480f-b578-4a49bb4b572e,
Kirk A. Cullimore,Kirk,A.,Cullimore,,,,https://le.utah.gov/images/legislator/CULLIKA.jpg,Republican,Utah State Senate District 9,Utah State Senator,UT,Incumbent,Utah State Senate District 9,,,,,,,,,kcullimore@le.utah.gov,,,,,,,,,,,,,,,,,,,,,,,,"PO Box 900986, Sandy, UT, 84090",,,385-867-9474,,,,,,,,,,,,,,,,,,,,,,,,,,,,,ocd-person/c421a26f-c1c1-4398-be94-d77d312ea3fe,
Lincoln Fillmore,Lincoln,,Fillmore,,,,https://le.utah.gov/images/legislator/FILLML.jpg,Republican,Utah State Senate District 10,Utah State Senator,UT,Incumbent,Utah State Senate District 10,,,,,,,,,lfillmore@le.utah.gov,,,,,,,,,,,,,,,,,,,,,,,,"10167 S 1190 W, SOUTH JORDAN, UT, 84095",,,385-831-8902,,,,,,,,,,,,,,,,,,,,,,,,,,,,,ocd-person/74f25c67-1e6f-48f1-b3e3-49bbdf85539a,
Luz Escamilla,Luz,,Escamilla,,,,https://le.utah.gov/images/legislator/ESCAML.jpg,Democratic,Utah State Senate District 1,Utah State Senator,UT,Incumbent,Utah State Senate District 1,,,,,,,,,lescamilla@le.utah.gov,,,,,,,,,,,,,,,,,,,,,,,,"1004 N MORTON DR, SALT LAKE CITY, UT, 84116",,,801-550-6434,,,,,,,,,,,,,,,,,,,,,,,,,,,,,ocd-person/6983c74c-3687-4e48-b462-38a80caeb260,
Mark A. Strong,Mark,A.,Strong,,,,https://le.utah.gov/images/legislator/STRONMA.jpg,Republican,Utah State House District 41,Utah State Representative,UT,Incumbent,Utah State House District 41,,,,,,,,,mstrong@le.utah.gov,,,,,,,,,,,,,,,,,,,,,,,,"350 North State, Suite 350, Salt Lake City, UT, 84114",,,385-275-5682,,,,,,,,,,,,,,,,,,,,,,,,,,,,,ocd-person/5d383c2b-0450-48db-92bf-e20977953cd8,
Mark A. Wheatley,Mark,A.,Wheatley,,,,https://le.utah.gov/images/legislator/WHEATMA.jpg,Democratic,Utah State House District 35,Utah State Representative,UT,Incumbent,Utah State House District 35,,,,,,,,,markwheatley@le.utah.gov,,,,,,,,,,,,,,,,,,,,,,,,"350 North State, Suite 350, Salt Lake City, UT, 84114",,,801-556-4862,,,,,,,,,,,,,,,,,,,,,,,,,,,,,ocd-person/82aa8212-b406-4766-b870-85a0333daba9,
Marsha Judkins,Marsha,,Judkins,,,,https://le.utah.gov/images/legislator/JUDKIM.jpg,Republican,Utah State House District 61,Utah State Representative,UT,Incumbent,Utah State House District 61,,,,,,,,,mjudkins@le.utah.gov,,,,,,,,,,,,,,,,,,,,,,,,"838 N 2400 W, PROVO, UT, 84601",,,801-326-1528,,,,,,,,,,,,,,,,,,,,,,,,,,,,,ocd-person/cd3aab10-3336-46d5-acb1-084a9e779cf1,
Matthew H. Gwynn,Matthew,H.,Gwynn,,,,https://le.utah.gov/images/legislator/GWYNNM.jpg,Republican,Utah State House District 29,Utah State Representative,UT,Incumbent,Utah State House District 29,,,,,,,,,mgwynn@le.utah.gov,,,,,,,,,,,,,,,,,,,,,,,,"2595 N 2675 W, Farr West, UT, 84404",,,385-358-3266,,,,,,,,,,,,,,,,,,,,,,,,,,,,,ocd-person/8d2d4368-9f6a-4f8e-a7a6-782b3cb23eda,
Merrill F. Nelson,Merrill,F.,Nelson,,,,https://le.utah.gov/images/legislator/NELSOMF.jpg,Republican,Utah State House District 68,Utah State Representative,UT,Incumbent,Utah State House District 68,,,,,,,,,mnelson@le.utah.gov,,,,,,,,,,,,,,,,,,,,,,,,"164 S 800 E, GRANTSVILLE, UT, 84029",,,801-971-2172,,,,,,,,,,,,,,,,,,,,,,,,,,,,,ocd-person/ba001a98-4cdc-45e6-a107-89abb869d017,
Michael K. McKell,Michael,K.,McKell,,,,https://le.utah.gov/images/legislator/MCKELMK.jpg,Republican,Utah State Senate District 7,Utah State Senator,UT,Incumbent,Utah State Senate District 7,,,,,,,,,mmckell@le.utah.gov,,,,,,,,,,,,,,,,,,,,,,,,"642 KIRBY LANE STE 105, SPANISH FORK, UT, 84660",,,801-798-9000,,,,,,,,,,,,,,,,,,,,,,,,,,,,,ocd-person/8ffe791d-6a74-412b-a435-ee04045e0ad0,
Michael S. Kennedy,Michael,S.,Kennedy,,,,https://le.utah.gov/images/legislator/KENNEMS.jpg,Republican,Utah State Senate District 14,Utah State Senator,UT,Incumbent,Utah State Senate District 14,,,,,,,,,mkennedy@le.utah.gov,,,,,,,,,,,,,,,,,,,,,,,,"659 E 200 N, ALPINE, UT, 84004",,,385-268-9458,,,,,,,,,,,,,,,,,,,,,,,,,,,,,ocd-person/53a3ee25-bf36-4c14-8b89-8efece8c6021,
Mike L. Kohler,Mike,L.,Kohler,,,,https://le.utah.gov/images/legislator/KOHLEM.jpg,Republican,Utah State House District 54,Utah State Representative,UT,Incumbent,Utah State House District 54,,,,,,,,,mkohler@le.utah.gov,,,,,,,,,,,,,,,,,,,,,,,,"PO Box 467, Midway, UT, 84049",,,801-420-6158,,,,,,,,,,,,,,,,,,,,,,,,,,,,,ocd-person/656dec4e-3c95-43b1-9059-f2259300f88b,
Mike Schultz,Mike,,Schultz,,,,https://le.utah.gov/images/legislator/SCHULM.jpg,Republican,Utah State House District 12,Utah State Representative,UT,Incumbent,Utah State House District 12,,,,,,,,,mikeschultz@le.utah.gov,,,,,,,,,,,,,,,,,,,,,,,,"4904 W 5850 S, HOOPER, UT, 84315",,,801-859-7713,,,,,,,,,,,,,,,,,,,,,,,,,,,,,ocd-person/d1046a0c-ddd3-4fed-be41-13da161d6231,
Mike Winder,Mike,,Winder,,,,https://le.utah.gov/images/legislator/WINDEM.jpg,Republican,Utah State House District 30,Utah State Representative,UT,Incumbent,Utah State House District 30,,,,,,,,,mikewinder@le.utah.gov,,,,,,,,,,,,,,,,,,,,,,,,"4165 South 4400 West, WEST VALLEY CITY, UT, 84120",,,801-633-1300,,,,,,,,,,,,,,,,,,,,,,,,,,,,,ocd-person/05012ce8-9b43-40bb-9dff-cb80f9bd7596,
Nelson T. Abbott,Nelson,T.,Abbott,,,,https://le.utah.gov/images/legislator/ABBOTN.jpg,Republican,Utah State House District 60,Utah State Representative,UT,Incumbent,Utah State House District 60,,,,,,,,,nabbott@le.utah.gov,,,,,,,,,,,,,,,,,,,,,,,,"195 S Palisade Dr., Orem, UT, 84097",,,385-358-3269,,,,,,,,,,,,,,,,,,,,,,,,,,,,,ocd-person/00670b53-62f7-4c0f-b229-eb1fad6dbbbc,
Norman K. Thurston,Norman,K.,Thurston,,,,https://le.utah.gov/images/legislator/THURSNK.jpg,Republican,Utah State House District 64,Utah State Representative,UT,Incumbent,Utah State House District 64,,,,,,,,,normthurston@le.utah.gov,,,,,,,,,,,,,,,,,,,,,,,,"965 E CENTER STREET, PROVO, UT, 84606",,,801-477-5348,,,,,,,,,,,,,,,,,,,,,,,,,,,,,ocd-person/8e36fabe-9e2a-4ccd-b29a-1395d6318560,
Phil Lyman,Phil,,Lyman,,,,https://le.utah.gov/images/legislator/LYMANP.jpg,Republican,Utah State House District 73,Utah State Representative,UT,Incumbent,Utah State House District 73,,,,,,,,,plyman@le.utah.gov,,,,,,,,,,,,,,,,,,,,,,,,"333 S MAIN ST, BLANDING, UT, 84511",,,435-459-2800,,,,,,,,,,,,,,,,,,,,,,,,,,,,,ocd-person/e3cfd26d-2088-4bed-b4e6-0bc77b436ef9,
Rex P. Shipp,Rex,P.,Shipp,,,,https://le.utah.gov/images/legislator/SHIPPRP.jpg,Republican,Utah State House District 72,Utah State Representative,UT,Incumbent,Utah State House District 72,,,,,,,,,rshipp@le.utah.gov,,,,,,,,,,,,,,,,,,,,,,,,"749 S ST JAMES PLACE, CEDAR CITY, UT, 84720",,,,,,,,,,,,,,,,,,,,,,,,,,,,,,,,ocd-person/66ec0903-117f-4006-8e05-e7326330fc63,
Robert M. Spendlove,Robert,M.,Spendlove,,,,https://le.utah.gov/images/legislator/SPENDRM.jpg,Republican,Utah State House District 49,Utah State Representative,UT,Incumbent,Utah State House District 49,,,,,,,,,rspendlove@le.utah.gov,,,,,,,,,,,,,,,,,,,,,,,,"2492 E BARCELONA DR, SANDY, UT, 84093",,,801-560-5394,,,,,,,,,,,,,,,,,,,,,,,,,,,,,ocd-person/cc2bc191-8e1f-482e-bf62-2387e13d99fa,
Ronald M. Winterton,Ronald,M.,Winterton,,,,https://le.utah.gov/images/legislator/WINTER.jpg,Republican,Utah State Senate District 26,Utah State Senator,UT,Incumbent,Utah State Senate District 26,,,,,,,,,rwinterton@le.utah.gov,,,,,,,,,,,,,,,,,,,,,,,,"P.O.Box 523, Roosevelt, ut, 84066",,,435-299-8531,,,,,,,,,,,,,,,,,,,,,,,,,,,,,ocd-person/5079192a-3d15-4a00-b0c7-2cf29d320035,
Rosemary T. Lesser,Rosemary,T.,Lesser,,,,https://le.utah.gov/images/legislator/LESSER.jpg,Democratic,Utah State House District 10,Utah State Representative,UT,Incumbent,Utah State House District 10,,,,,,,,,rlesser@le.utah.gov,,,,,,,,,,,,,,,,,,,,,,,,"1145 E 4600 S #150159, Ogden, UT, 84415",,,385-278-3556,,,,,,,,,,,,,,,,,,,,,,,,,,,,,ocd-person/0989a302-a2e5-4baa-a5be-42a7a20486ed,
Ryan D. Wilcox,Ryan,D.,Wilcox,,,,https://le.utah.gov/images/legislator/WILCORD.jpg,Republican,Utah State House District 7,Utah State Representative,UT,Incumbent,Utah State House District 7,,,,,,,,,ryanwilcox@le.utah.gov,,,,,,,,,,,,,,,,,,,,,,,,"P.O. Box 14007, Ogden, UT, 84412",,,385-600-3306,,,,,,,,,,,,,,,,,,,,,,,,,,,,,ocd-person/9657724b-ade7-467e-b77d-b77fb98891c5,
Sandra Hollins,Sandra,,Hollins,,,,https://le.utah.gov/images/legislator/HOLLIS.jpg,Democratic,Utah State House District 23,Utah State Representative,UT,Incumbent,Utah State House District 23,,,,,,,,,shollins@le.utah.gov,,,,,,,,,,,,,,,,,,,,,,,,"350 North State, Suite 350, Salt Lake City, UT, 84114",,,,,,,,,,,,,,,,,,,,,,,,,,,,,,,,ocd-person/8c8d32a7-32ed-4ef1-a03d-9661ca98fc5a,
Scott D. Sandall,Scott,D.,Sandall,,,,https://le.utah.gov/images/legislator/SANDASD.jpg,Republican,Utah State Senate District 17,Utah State Senator,UT,Incumbent,Utah State Senate District 17,,,,,,,,,ssandall@le.utah.gov,,,,,,,,,,,,,,,,,,,,,,,,"635 Hillcrest Circle, Tremonton, UT, 84337",,,435-279-7551,,,,,,,,,,,,,,,,,,,,,,,,,,,,,ocd-person/d1a1c031-9dce-4727-a298-ec92cb34fe40,
Scott H. Chew,Scott,H.,Chew,,,,https://le.utah.gov/images/legislator/CHEWSH.jpg,Republican,Utah State House District 55,Utah State Representative,UT,Incumbent,Utah State House District 55,,,,,,,,,scottchew@le.utah.gov,,,,,,,,,,,,,,,,,,,,,,,,"PO BOX 126, JENSEN, UT, 84035",,,435-630-0221,,,,,,,,,,,,,,,,,,,,,,,,,,,,,ocd-person/d7a3c337-4395-4e23-9e11-74cb55744f14,
Stephen G. Handy,Stephen,G.,Handy,,,,https://le.utah.gov/images/legislator/HANDYSG.jpg,Republican,Utah State House District 16,Utah State Representative,UT,Incumbent,Utah State House District 16,,,,,,,,,stevehandy@le.utah.gov,,,,,,,,,,,,,,,,,,,,,,,,"1355 E 625 N, LAYTON, UT, 84040",,,801-979-8711,,,,,,,,,,,,,,,,,,,,,,,,,,,,,ocd-person/2fdd6fd9-062d-4179-8f10-58825a7b81b1,
Stephen L. Whyte,Stephen,L.,Whyte,,,,https://le.utah.gov/images/legislator/WHYTESL.jpg,Republican,Utah State House District 65,Utah State Representative,UT,Incumbent,Utah State House District 65,,,,,,,,,swhyte@le.utah.gov,,,,,,,,,,,,,,,,,,,,,,,,"913 S IRIS LANE, MAPLETON, UT, 84664",,,385-271-8435,,,,,,,,,,,,,,,,,,,,,,,,,,,,,ocd-person/451ecbcb-42a9-467b-98c7-e0b3e5bd32d3,
Steve Eliason,Steve,,Eliason,,,,https://le.utah.gov/images/legislator/ELIASS.jpg,Republican,Utah State House District 45,Utah State Representative,UT,Incumbent,Utah State House District 45,,,,,,,,,seliason@le.utah.gov,,,,,,,,,,,,,,,,,,,,,,,,"8157 S GRAMBLING WAY, SANDY, UT, 84094",,,801-673-4748,,,,,,,,,,,,,,,,,,,,,,,,,,,,,ocd-person/06d334f0-dd19-4a8e-b1c9-5f1ae1d90e26,
Steve Waldrip,Steve,,Waldrip,,,,https://le.utah.gov/images/legislator/WALDRS.jpg,Republican,Utah State House District 8,Utah State Representative,UT,Incumbent,Utah State House District 8,,,,,,,,,swaldrip@le.utah.gov,,,,,,,,,,,,,,,,,,,,,,,,"5838 East 2500 North, EDEN, UT, 84310",,,801-389-9329,,,,,,,,,,,,,,,,,,,,,,,,,,,,,ocd-person/b2ff2155-53b1-421f-9499-8924a7f330d5,
Steven J. Lund,Steven,J.,Lund,,,,https://le.utah.gov/images/legislator/LUNDSJ.jpg,Republican,Utah State House District 58,Utah State Representative,UT,Incumbent,Utah State House District 58,,,,,,,,,slund@le.utah.gov,,,,,,,,,,,,,,,,,,,,,,,,"PO Box 87, Manti, UT, 84642",,,385-358-3267,,,,,,,,,,,,,,,,,,,,,,,,,,,,,ocd-person/381c0817-041f-4bfc-8c51-a83212b7b229,
Stewart E. Barlow,Stewart,E.,Barlow,,,,https://le.utah.gov/images/legislator/BARLOSE.jpg,Republican,Utah State House District 17,Utah State Representative,UT,Incumbent,Utah State House District 17,,,,,,,,,sbarlow@le.utah.gov,,,,,,,,,,,,,,,,,,,,,,,,"940 SIGNAL HILL, FRUIT HEIGHTS, UT, 84037",,,801-289-6699,,,,,,,,,,,,,,,,,,,,,,,,,,,,,ocd-person/b5285658-1e71-48a2-8641-a2bc75957b24,
Suzanne Harrison,Suzanne,,Harrison,,,,https://le.utah.gov/images/legislator/HARRIS.jpg,Democratic,Utah State House District 32,Utah State Representative,UT,Incumbent,Utah State House District 32,,,,,,,,,sharrison@le.utah.gov,,,,,,,,,,,,,,,,,,,,,,,,"1192 Draper Parkway 573, DRAPER, UT, 84020",,,801-999-8047,,,,,,,,,,,,,,,,,,,,,,,,,,,,,ocd-person/5e276370-80fe-4ace-81e0-414b26fa551c,
Timothy D. Hawkes,Timothy,D.,Hawkes,,,,https://le.utah.gov/images/legislator/HAWKETD.jpg,Republican,Utah State House District 18,Utah State Representative,UT,Incumbent,Utah State House District 18,,,,,,,,,thawkes@le.utah.gov,,,,,,,,,,,,,,,,,,,,,,,,"443 S 225 E, CENTERVILLE, UT, 84014",,,801-928-9008,,,,,,,,,,,,,,,,,,,,,,,,,,,,,ocd-person/69b20f73-f129-4c6f-b740-b0a5929cb520,
Todd D. Weiler,Todd,D.,Weiler,,,,https://le.utah.gov/images/legislator/WEILET.jpg,Republican,Utah State Senate District 23,Utah State Senator,UT,Incumbent,Utah State Senate District 23,,,,,,,,,tweiler@le.utah.gov,,,,,,,,,,,,,,,,,,,,,,,,"1248 W 1900 S, Woods Cross, UT, 84087",,,801-599-9823,,801-525-5327,,,,,,,,,,,,,,,,,,,,,,,,,,,ocd-person/6d49f384-ea91-41f2-b703-229a0a7452d9,
Travis M. Seegmiller,Travis,M.,Seegmiller,,,,https://le.utah.gov/images/legislator/SEEGMTM.jpg,Republican,Utah State House District 62,Utah State Representative,UT,Incumbent,Utah State House District 62,,,,,,,,,tseegmiller@le.utah.gov,,,,,,,,,,,,,,,,,,,,,,,,"308 W TABERNACLE ST STE 300, ST GEORGE, UT, 84770",,,435-236-5118,,,,,,,,,,,,,,,,,,,,,,,,,,,,,ocd-person/32442434-92ff-420b-8bda-23a7b0ef938a,
V. Lowry Snow,V.,Lowry,Snow,,,,https://le.utah.gov/images/legislator/SNOWVL.jpg,Republican,Utah State House District 74,Utah State Representative,UT,Incumbent,Utah State House District 74,,,,,,,,,vlsnow@le.utah.gov,,,,,,,,,,,,,,,,,,,,,,,,"912 W 1600 S SUITE B-200, ST GEORGE, UT, 84770",,,435-628-3688,,,,,,,,,,,,,,,,,,,,,,,,,,,,,ocd-person/15a07e80-0373-457a-8945-78b6bcbb93c2,
Val L. Peterson,Val,L.,Peterson,,,,https://le.utah.gov/images/legislator/PETERVL.jpg,Republican,Utah State House District 59,Utah State Representative,UT,Incumbent,Utah State House District 59,,,,,,,,,vpeterson@le.utah.gov,,,,,,,,,,,,,,,,,,,,,,,,"528 W 1160 N, OREM, UT, 84057",,,,,,,,,,,,,,,,,,,,,,,,,,,,,,,,ocd-person/8662eb2d-1ff1-4bd2-9a3b-41fa8770cc18,
Walt Brooks,Walt,,Brooks,,,,https://le.utah.gov/images/legislator/BROOKW.jpg,Republican,Utah State House District 75,Utah State Representative,UT,Incumbent,Utah State House District 75,,,,,,,,,wbrooks@le.utah.gov,,,,,,,,,,,,,,,,,,,,,,,,"393 W 300 N, ST GEORGE, UT, 84770",,,435-414-2005,,,,,,,,,,,,,,,,,,,,,,,,,,,,,ocd-person/5cef5a01-f3ea-4c28-aa39-036449806388,
Wayne A. Harper,Wayne,A.,Harper,,,,https://le.utah.gov/images/legislator/HARPEWA.jpg,Republican,Utah State Senate District 6,Utah State Senator,UT,Incumbent,Utah State Senate District 6,,,,,,,,,wharper@le.utah.gov,,,,,,,,,,,,,,,,,,,,,,,,"2094 SURREY CIR, TAYLORSVILLE, UT, 84129",,,,,,,,,,,,,,,,,,,,,,,,,,,,,,,,ocd-person/c351d354-5397-4f6e-b67d-98c41cea0d2c,
Mitt Romney,Mitt,,Romney,,,,,Republican Party,U.S. Senate Utah,U.S. Senator,UT,Incumbent,Utah Statewide,,,Male,1947-03-12,,,,,,,,https://www.romney.senate.gov,,,https://www.twitter.com/SenatorRomney,,,,,,,,,,,,,,,,,124 Russell Senate Office Building,,,202-224-5251,,,,https://www.romney.senate.gov/contact-senator-romney,,,,,,,,S401,,412841,21942,,,,,/m/0271_s,,https://api.propublica.org/congress/v1/members/R000615.json,,,,S8UT00176,,,ocd-division/country:us/state:ut,,
