govpackpub_id,govpack_id,fec_id,usio_id,opensecrets_id,district_ocd_id,openstates_id,committee_id,Name,name_first,name_middle,name_last,nickname,name_prefix,name_suffix,party,state,status,district,ethnicity,race,gender,education,occupation,Office,email_official,email_other,email_campaign,Bio,date_of_birth,date_of_death,Image,website_campaign,website_official,website_personal,address_capitol,phone_capitol,fax_capitol,address_district,phone_district,fax_district,contact_form_url,address_campaign,phone_campaign,date_assumed_office,appointed_by,appointed_data,confirmed_date,term_end_data,congress_year,twitter_official,twitter_personal,twitter_campaign,instagram_official,instagram_personal,instagram_campaign,facebook_official,facebook_personal,facebook_campaign,linkedin,rumble,gab,RSS,thomas ID,lis_id,cspan_id,govtrack_id,votesmart_id,ballotpedia_id,washington_post_id,icpsr_id,wikipedia_id,google_entity_id,Ballotpedia URL,propublica URL,Ballotpedia Office ID
,,,,,,,,John M. O'Connor,John,M.,O'Connor,,,,Republican Party,OK,,,,,,,,OK State Attorney General,,,Team@OConnorForAG.com,,,,,https://oconnorforag.com/,,,,,,,,,,"PO Box 521254 Tulsa, OK 74152",(918) 217-4368,,,,,,, https://www.twitter.com/Okla_OAG,,,,,,https://www.facebook.com/AttorneyGeneralofOklahoma,,https://www.facebook.com/OConnorForAG,,,,,,,,,,,,,,,,,
,,,,,,,,Gentner F. Drummond,Gentner,F.,Drummond,,,,Republican Party,OK,,,,,,,,OK State Attorney General,,,Gentner@drummondok.com,,,,,https://drummondok.com/,,,,,,,,,,"1500 South Utica Ave Suite 400 Tulsa, OK 74104",(918) 938-3709,,,,,,,,, https://www.twitter.com/gentnerdrummond,,,,,https://www.facebook.com/gentner.drummond,https://www.facebook.com/DrummondOK,,,,,,,,,,,,,,,,,
,,,,,,,,Joy Hofmeister,Joy,,Hofmeister,,,,Democratic Party,OK,,,,,,,,Governor of Oklahoma,,,info@joyforok.com,,,,https://secureservercdn.net/50.62.172.157/gz5.8d3.myftpupload.com/wp-content/uploads/2021/11/004-JH-400x516.jpg,https://joyforok.com/,,,,,,,,,,"PO Box 54533 Oklahoma City, OK 73154",,,,,,,,,, https://www.twitter.com/joy4ok,,,https://www.instagram.com/joyhofmeister/,,https://www.facebook.com/profile.php?id=100010993590155,https://www.facebook.com/joyforoklahoma,,,,,,,,,,,,,,,,,
,,,,,,,,Connie Johnson,Connie,,Johnson,,,,Democratic Party,OK,,,,,,,,Governor of Oklahoma,,,,,,,https://upload.wikimedia.org/wikipedia/commons/thumb/6/61/Johnson_c.jpg/440px-Johnson_c.jpg,https://connieforoklahoma.com/,,,,,,,,,,,,,,,,,,, https://www.twitter.com/GovConnie, https://www.twitter.com/GovConnie,,,https://www.instagram.com/GovConnie/,,https://www.facebook.com/constance.n.johnson.33,,,,,,,,,,,,,,,,,,
,,,,,,,,Moira McCabe,Moira,,McCabe,,,,Republican Party,OK,,,,,,,,Governor of Oklahoma,,,moira4oklahoma@gmail.com,,,,"https://static.wixstatic.com/media/014909_0c77948452b8421fb753a4730eb49238~mv2.jpg/v1/fill/w_1960,h_822,al_c,q_85,usm_0.66_1.00_0.01,enc_auto/20211214_181548_edited_edited_edited.jpg",https://www.moiramccabe4oklahoma.com/,,,,,,,,,,,,,,,,,,, https://www.twitter.com/moira_mccabe81,,,https://www.instagram.com/moira4okla/,https://www.instagram.com/moira4okla/,,https://www.facebook.com/moira.mccabe81,https://www.facebook.com/MoiraMcCabe4Oklahoma,,,,,,,,,,,,,,,,,
,,,,,,,,Mark Sherwood,Mark,,Sherwood,,,,Republican Party,OK,,,,,,,,Governor of Oklahoma,,,campaign@sherwood2022.com,,,,,https://www.sherwood2022.com/,,,,,,,,,,,(918) 946-9957,,,,,,,, https://www.twitter.com/marksherwood4e, https://www.twitter.com/Sherwood2022,,https://www.instagram.com/drs_mark_and_michele_/,https://www.instagram.com/sherwood_2022/,,https://www.facebook.com/marksherwood4E,https://www.facebook.com/Sherwood2022,,,,,,,,,,,,,,,,,
,,,,,,,,Kevin Stitt,Kevin,,Stitt,,,,Republican Party,OK,,,,,,,,Governor of Oklahoma,,,donelle@stittforgovernor.com,,,,https://stittforgovernor.com/wp-content/uploads/2022/04/Hero-Image-1-3000x1313.png,https://stittforgovernor.com/,,,,,,,,,,"PO Box 13738 Oklahoma City, OK 73113",,,,,,,, https://www.twitter.com/GovStitt,, https://www.twitter.com/Stitt4Gov,https://www.instagram.com/stittforgovernor/,,,https://www.facebook.com/GovStitt,,https://www.facebook.com/StittForGovernor,,,,,,,,,,,,,,,,,
,,,,,,,,Joel Kintsel,Joel,,Kintsel,,,,Republican Party,OK,,,,,,,,Governor of Oklahoma,,,joel@joelkintsel.com,,,,"https://static.wixstatic.com/media/8e917f_1c85c1f6f14942da81f20849d81d0486~mv2.png/v1/fill/w_540,h_485,al_c,lg_1,q_85,enc_auto/JoelHeadshot2.png",https://www.joelkintsel.com/,,,,,,,,,,,(405) 998-5701,,,,,,,,,,,,,,https://www.facebook.com/profile.php?id=100080047373603,https://www.facebook.com/KintselforGovernor,,,,,,,,,,,,,,,,,
,,,,,,,,William E. Crozier,William,E.,Crozier,,,,Republican Party,OK,,,,,,,,OK State Superintendent of Public Instruction,,,,,,,,,,,,,,,,,,,,,,,,,,,,,,,,,,,,,,,,,,,,,,,,,,,
,,,,,,,,Ryan Walters,Ryan,,Walters,,,,Republican Party,OK,,,,,,,,OK State Superintendent of Public Instruction,,,ryan@ryanwaltersforoklahoma.com,,,,,https://ryanwaltersforoklahoma.com/,,,,,,,,,,,,,,,,,,, https://www.twitter.com/ryanmwalters,,,,,,,https://www.facebook.com/RyanWalters4OK,,,,,,,,,,,,,,,,,
,,,,,,,,John Cox,John,,Cox,,,,Republican Party,OK,,,,,,,,OK State Superintendent of Public Instruction,,,,,,,,https://www.cox4ok.com/,,,,,,,,,,,,,,,,,,, https://www.twitter.com/dr_johncox,,,,,,https://www.facebook.com/profile.php?id=100006391271432,https://www.facebook.com/ElectDr.JohnCox,,,,,,,,,,,,,,,,,
,,,,,,,,April Grace,April,,Grace,,,,Republican Party,OK,,,,,,,,OK State Superintendent of Public Instruction,,,april@friendsofaprilgrace.com,,,,,https://www.graceforoklahoma.com/,,,,,,,,,,"P.O. Box 722032 Norman, OK 73070",(405) 361-6228,,,,,,,, https://www.twitter.com/GraceForOK,,,,,,https://www.facebook.com/aprilharrisongrace,https://www.facebook.com/GraceforOklahoma,,,,,,,,,,,,,,,,,
,,,,,,,,Steven W. McQuillen,Steven,W.,McQuillen,,,,Republican Party,OK,,,,,,,,OK State Auditor and Inspector,,,info@VoteSteveMcQuillen.com,,,,,https://votestevemcquillen.com/,,,,,,,,,,,(918) 212-8719,,,,,,,,,,,,,,https://www.facebook.com/steve.mcquillen.7,https://www.facebook.com/VoteSteveMcQuillen,,,,,,,,,,,,,,,,,
,,,,,,,,Cindy Byrd,Cindy,,Byrd,,,,Republican Party,OK,,,,,,,,OK State Auditor and Inspector,,,campaign@cindybyrd.com,,,,,https://www.cindybyrd.com/,,,,,,,,,,,,,,,,,, https://www.twitter.com/saicindybyrd, https://www.twitter.com/cindyebyrd,,https://www.instagram.com/okstateauditorcindybyrd/,,,https://www.facebook.com/OKStateAuditorCindyByrd,https://www.facebook.com/cindyeperry,https://www.facebook.com/ReElectStateAuditorCindyByrd,,,,,,,,,,,,,,,,,
,,,,,,,,Sean Roberts,Sean,,Roberts,,,,Republican Party,OK,,,,,,,,OK State Commissioner of Labor,,,Ted@SeanThePatriotRoberts.com,,,,,https://seanthepatriotroberts.com/,,,,,,,,,,,,,,,,,,,, https://www.twitter.com/reproberts,,,,https://www.facebook.com/RepSeanRoberts,https://www.facebook.com/reproberts,https://www.facebook.com/RepSeanRoberts,,,,,,,,,,,,,,,,,
,,,,,,,,Leslie Kathryn Osborn,Leslie,Kathryn,Osborn,,,,Republican Party,OK,,,,,,,,OK State Commissioner of Labor,,,,,,,,https://www.electosborn.com/,,,,,,,,,,,,,,,,,, https://www.twitter.com/leslieosborn1,, https://www.twitter.com/leslieosborn1,,,,https://www.facebook.com/ImWithLeslie,https://www.facebook.com/leslie.osborn.50,https://www.facebook.com/ImWithLeslie,,,,,,,,,,,,,,,,,
,,,,,,,,Keith Swinton,Keith,,Swinton,,,,Republican Party,OK,,,,,,,,OK State Commissioner of Labor,,,,,,,,,,,,,,,,,,,,,,,,,,,,,,,,,https://www.facebook.com/keith.swinton.79,https://www.facebook.com/profile.php?id=100064867173422,,,,,,,,,,,,,,,,,
,,,,,,,,Todd Thomsen,Todd,,Thomsen,,,,Republican Party,OK,,,,,,,,OK State Corporation Commissioner,,,info@gotoddthomsen.com,,,,,https://www.gotoddthomsen.com/,,,,,,,,,,,,,,,,,,, https://www.twitter.com/toddthomsen,,,,,,https://www.facebook.com/todd.thomsen.75,https://www.facebook.com/gotoddthomsen,,,,,,,,,,,,,,,,,
,,,,,,,,Kim David,Kim,,David,,,,Republican Party,OK,,,,,,,,OK State Corporation Commissioner,,,,,,,,https://kimdavid.vote/,,,,,,,,,,"PO BOX 54495 OKLAHOMA CITY, OK 73154",(918) 284-1102,,,,,,,, https://www.twitter.com/kimdavid2010,,,,,https://www.facebook.com/SenatorKimDavid,https://www.facebook.com/kimrdavid,https://www.facebook.com/votekimdavid,,,,,,,,,,,,,,,,,
,,,,,,,,Justin Hornback,Justin,,Hornback,,,,Republican Party,OK,,,,,,,,OK State Corporation Commissioner,,,,,,,,,,,,,,,,,,,,,,,,,,, https://www.twitter.com/798organizer,,,,,,https://www.facebook.com/798Organizer,,,,,,,,,,,,,,,,,,
,,,,,,,,Harold D. Spradling,Harold,D.,Spradling,,,,Republican Party,OK,,,,,,,,OK State Corporation Commissioner,,,,,,,,,,https://procounselorstar.com/,,,,,,,,,(405) 596-3792,,,,,,,,,,,,,,https://www.facebook.com/profile.php?id=1132953047,https://www.facebook.com/oldlinerepublican,,,,,,,,,,,,,,,,,
,,,,,,,,David Smith,David,,Smith,,,,Republican Party,OK,,,,,,,,OK State Representative District 18,,,smith3360ds@gmail.com,,,,"https://www.okhouse.gov/members/Pictures/HiRes/Smith,%20David.jpg",,,,,,,,,,,,(918) 429-5334,,,,,,,,,,,,,https://www.facebook.com/StateRepDavidSmith,,https://www.facebook.com/StateRepDavidSmith,,,,,,,,,,,,,,,,,
,,,,,,,,Donald Paden,Donald,,Paden,,,,Republican Party,OK,,,,,,,,OK State Representative District 36,,,,,,,https://www.wethepeople2022.org/images/110090/campaign_2.jpg,https://www.wethepeople2022.org/,,,,,,,,,,,,,,,,,,,,,,,,,,,,,,,,,,,,,,,,,,,
,,,,,,,,Ryan Dixon,Ryan,,Dixon,,,,Republican Party,OK,,,,,,,,OK State Representative District 32,,,ryan@dixonforokhouse2022.com,,,,,https://dixonforokhouse2022.com/,,,,,,,,,,,(405) 923-8913,,,,,,,,,,,,,,,,,,,,,,,,,,,,,,,,
,,,,,,,,Kevin Wallace,Kevin,,Wallace,,,,Republican Party,OK,,,,,,,,OK State Representative District 32,,,,,,,https://upload.wikimedia.org/wikipedia/commons/thumb/1/15/Oklahoma_State_Representative_Kevin_Wallace.jpg/440px-Oklahoma_State_Representative_Kevin_Wallace.jpg,https://www.kevinwallace4ok.com/,,,,,,,,,,,(405) 823-3572,,,,,,, https://www.twitter.com/repkevinwallace,,,,,,https://www.facebook.com/RepKevinWallace,https://www.facebook.com/kevin.wallace.543,,,,,,,,,,,,,,,,,,
,,,,,,,,Paul Hassink,Paul,,Hassink,,,,Republican Party,OK,,,,,,,,OK State Representative District 79,,,Paul@HassinkOK.com,,,,https://hassinkok.com/wp-content/uploads/2021/12/Paul-Hassink-Headshot-lighter.jpg,https://hassinkok.com/,,,,,,,,,,"PO Box 35105 Tulsa, OK 74153-5105",(918) 321-0807,,,,,,,,,,,,,,,https://www.facebook.com/HassinkforHD79,,,,,,,,,,,,,,,,,
,,,,,,,,Karen Gilbert,Karen,,Gilbert,,,,Republican Party,OK,,,,,,,,OK State Representative District 79,,,klgtulsa@cox.net,,,,"https://static.wixstatic.com/media/e83389_833aae691f704bda846b5afde837c303~mv2.jpeg/v1/fill/w_480,h_600,al_c,lg_1,q_80,enc_auto/e83389_833aae691f704bda846b5afde837c303~mv2.jpeg",https://www.karengilbertforokhouse.com/,,,,,,,,,,,(918) 691-1901,,,,,,,,,,,,,,,https://www.facebook.com/Friendsforkarengilberthousedistrict79,,,,,,,,,,,,,,,,,
,,,,,,,,John Talley,John,,Talley,,,,Republican Party,OK,,,,,,,,OK State Representative District 33,,,talleyhouse33@gmail.com,,,,"https://www.okhouse.gov/members/Pictures/HiRes/Talley,%20John.jpg",https://johntalleyhd33.com/,,,,,,,,,,,(405) 742-8040,,,,,,, https://www.twitter.com/talleyhouse33,,,https://www.instagram.com/talleyhouse33/,,,https://www.facebook.com/talleyhouse33,,https://www.facebook.com/talleyhouse33,,,,,,,,,,,,,,,,,
,,,,,,,,Valerie K. Walker,Valerie,K.,Walker,,,,Republican Party,OK,,,,,,,,OK State Representative District 87,,,ValerieWalkerforHD87@gmail.com,,,,,,,,,,,,,,,"P. O. Box 12037 Oklahoma City, OK 73157",,,,,,,,,,,,,,,,https://www.facebook.com/valerieforOKHD87,,,,,,,,,,,,,,,,,
,,,,,,,,Scott Esk,Scott,,Esk,,,,Republican Party,OK,,,,,,,,OK State Representative District 87,,,,,,,,,,,,,,,,,,,,,,,,,,,,,,,,,,,,,,,,,,,,,,,,,,,
,,,,,,,,Brice Chaffin,Brice,,Chaffin,,,,Republican Party,OK,,,,,,,,OK State Representative District 33,,,brice@votechaffin.com,,,,https://i0.wp.com/www.votechaffin.com/wp-content/uploads/2020/05/IMG_8767.jpg?fit=480%2C640,http://www.votechaffin.com/,,,,,,,,,,,(918) 387-9626,,,,,,,,, https://www.twitter.com/votechaffin,,,https://www.instagram.com/votechaffin/,,https://www.facebook.com/brice.chaffin,https://www.facebook.com/votechaffin,,,,,,,,,,,,,,,,,
,,,,,,,,Gloria A. Banister,Gloria,A.,Banister,,,,Republican Party,OK,,,,,,,,OK State Representative District 87,,,gloriabanister@outlook.com,,,,,http://gloriabanister.com/,,,,,,,,,,"P.O. Box 12243 Oklahoma City, OK 73157",(405) 535-1770,,,,,,,,,,,,,,https://www.facebook.com/Gloria.A.Banister,https://www.facebook.com/GoGloD87,,,,,,,,,,,,,,,,,
,,,,,,,,Michael Baughman,Michael,,Baughman,,,,Republican Party,OK,,,,,,,,OK State Representative District 34,,,michael@baughmanforhouse.com,,,,"https://static.wixstatic.com/media/2961ff_989e3233d14f42c7b8f91f5804ff6775~mv2.jpeg/v1/crop/x_28,y_0,w_2320,h_4032/fill/w_652,h_1132,al_c,q_85,usm_0.66_1.00_0.01,enc_auto/IMG_6329.jpeg",https://www.baughmanforhouse.com/,,,,,,,,,,,(405) 367-5924,,,,,,,,,,,,,,https://www.facebook.com/michael.baughman.7946,https://www.facebook.com/Baughman4HD34/,,,,,,,,,,,,,,,,,
,,,,,,,,Mauree Turner,Mauree,,Turner,,,,Democratic Party,OK,,,,,,,,OK State Representative District 88,,,hello@maureeturner.com,,,,"https://www.okhouse.gov/members/Pictures/HiRes/Turner,%20Mauree.jpg",https://www.maureeturner.com/,,,,,,,,,,,(405) 240-9416,,,,,,, https://www.twitter.com/repmaureeturner,, https://www.twitter.com/MaureeTurnerOK,https://www.instagram.com/repmaureeturner/,,https://www.instagram.com/maureeturnerok/,https://www.facebook.com/repmaureeturner,https://www.facebook.com/mauree.turner,https://www.facebook.com/MaureeTurnerOK,,,,,,,,,,,,,,,,,
,,,,,,,,Joe Lewis,Joe,,Lewis,,,,Democratic Party,OK,,,,,,,,OK State Representative District 88,,,joelewis@votejoelewis.com,,,,,https://votejoelewis.com/,,,,,,,,,,,,,,,,,,,,,,https://www.instagram.com/votejoelewisok/,https://www.instagram.com/votejoelewisok/,,https://www.facebook.com/profile.php?id=100058857016929,https://www.facebook.com/votejoelewisok,,,,,,,,,,,,,,,,,
,,,,,,,,DaRan L. Johnson,DaRan,L.,Johnson,,,,Republican Party,OK,,,,,,,,OK State Representative District 34,,,info@daranjohnson.com,,,,"https://static.wixstatic.com/media/b1eade_cdc1fea3f517478091c9446be389e6a8~mv2.png/v1/fill/w_1075,h_1209,al_c,q_90,enc_auto/b1eade_cdc1fea3f517478091c9446be389e6a8~mv2.png",https://www.daranjohnson.com/,,https://www.oneencountercc.org/,,,,,,,,,(405) 923-9144,,,,,,,,,,,https://www.instagram.com/daranjohnsonministries/,,,https://www.facebook.com/daran.johnson.5,https://www.facebook.com/daranhd34,,,,,,,,,,,,,,,,,
,,,,,,,,Cristian Zapata,Cristian,,Zapata,,,,Democratic Party,OK,,,,,,,,OK State Representative District 89,,,cristian@votazapata.com,,,,,https://votazapata.com/,,,,,,,,,,,,,,,,,,,, https://www.twitter.com/votazapata,,https://www.instagram.com/zapata365/,https://www.instagram.com/votazapata/,,https://www.facebook.com/CristianH.Zapata,https://www.facebook.com/VoteZapataOK,,,,,,,,,,,,,,,,,
,,,,,,,,Andrew Muchmore,Andrew,,Muchmore,,,,Republican Party,OK,,,,,,,,OK State Representative District 34,,,,,,,,,,,,,,,,,,,,,,,,,,,,,,,,,,,,,,,,,,,,,,,,,,,
,,,,,,,,Ty D. Burns,Ty,D.,Burns,,,,Republican Party,OK,,,,,,,,OK State Representative District 35,,,,,,,https://upload.wikimedia.org/wikipedia/commons/thumb/3/36/Ty_Burns.jpg/440px-Ty_Burns.jpg,,,,,,,,,,,,,,,,,,,,,,,,,,https://www.facebook.com/ty.burns.35,,,,,,,,,,,,,,,,,,
,,,,,,,,Daniel Johnson,Daniel,,Johnson,,,,Republican Party,OK,,,,,,,,OK State Representative District 35,,,,,,,,,,,,,,,,,,,,,,,,,,,,,,,,,,,,,,,,,,,,,,,,,,,
,,,,,,,,Eddy Dempsey,Eddy,,Dempsey,,,,Republican Party,OK,,,,,,,,OK State Representative District 1,,,,,,,https://upload.wikimedia.org/wikipedia/commons/thumb/b/bc/Eddy_Dempsey.jpg/440px-Eddy_Dempsey.jpg,https://www.eddydempsey.com/,,,,,,,,,,,(580) 212-7058,,,,,,,,,,,,,,https://www.facebook.com/eddy.dempsey,https://www.facebook.com/VoteEddyDempsey,,,,,,,,,,,,,,,,,
,,,,,,,,David Chapman,David,,Chapman,,,,Republican Party,OK,,,,,,,,OK State Representative District 1,,,,,,,https://www.edmondok.gov/ImageRepository/Document?documentID=5278,https://chapman4ok.com/,,,,,,,,,,,(432) 235-8617,,,,,,,,,,,,,,https://www.facebook.com/david.chapman.73113528,https://www.facebook.com/profile.php?id=100076969025763,,,,,,,,,,,,,,,,,
,,,,,,,,Wendi Stearman,Wendi,,Stearman,,,,Republican Party,OK,,,,,,,,OK State Representative District 11,,,stearmanforhouse@gmail.com,,,,"https://www.okhouse.gov/members/Pictures/HiRes/Stearman,%20Wendi.jpg",https://www.stearmanforhouse.com/,,,,,,,,,,"P.O. Box 419 Bartlesville, OK 74005",(918) 500-5141,,,,,,,,,,,,,https://www.facebook.com/Stearman4House,https://www.facebook.com/WendiStearman,https://www.facebook.com/Stearman4House,,,,,,,,,,,,,,,,,
,,,,,,,,John B. Kane,John,B.,Kane,,,,Republican Party,OK,,,,,,,,OK State Representative District 11,,,johnkaneforok@gmail.com,,,,"https://static.wixstatic.com/media/586c21_b53d79c70c1749bbbbfad6b4062b7f48~mv2.jpg/v1/crop/x_440,y_240,w_2886,h_3765/fill/w_920,h_1200,al_c,q_85,usm_0.66_1.00_0.01,enc_auto/336%20J%20921_JPG.jpg",https://www.johnkaneforok.com/,,,,,,,,,,,,,,,,,,,,,,,,,https://www.facebook.com/profile.php?id=1310203201,https://www.facebook.com/JohnKaneforOK,,,,,,,,,,,,,,,,,
,,,,,,,,Carlisa Rogers,Carlisa,,Rogers,,,,Republican Party,OK,,,,,,,,OK State Representative District 13,,,,,,,,,,,,,,,,,,,,,,,,,,,,,,,,,,,,,,,,,,,,,,,,,,,
,,,,,,,,Steve White,Steve,,White,,,,Republican Party,OK,,,,,,,,OK State Representative District 13,,,,,,,,,,,,,,,,,,,,,,,,,,,,,,,,,https://www.facebook.com/stephen.a.white.16,,,,,,,,,,,,,,,,,,
,,,,,,,,Brian Jackson,Brian,,Jackson,,,,Republican Party,OK,,,,,,,,OK State Representative District 13,,,,,,,,,,,,,,,,,,,,,,,,,,,,,,,,,https://www.facebook.com/brian.jackson.507027,,,,,,,,,,,,,,,,,,
,,,,,,,,Neil Hays,Neil,,Hays,,,,Republican Party,OK,,,,,,,,OK State Representative District 13,,,neil@hays4district13.com,,,,,https://www.hays4district13.com/,,,,,,,,,,,(918) 843-8013,,,,,,,,,,,,,,https://www.facebook.com/william.hays.900,https://www.facebook.com/neilhaysokstatehouse13,,,,,,,,,,,,,,,,,
,,,,,,,,Kendra Wesson,Kendra,,Wesson,,,,Republican Party,OK,,,,,,,,OK State Representative District 46,,,Kendra@kendraforok.com,,,,"https://static.wixstatic.com/media/a7b0d6_29ba8269902349768bd67686e842a7d7~mv2.jpg/v1/fill/w_774,h_933,al_t,q_85,enc_auto/a7b0d6_29ba8269902349768bd67686e842a7d7~mv2.jpg",https://www.kendraforok.com/,,,,,,,,,,,,,,,,,,,,,,,,,https://www.facebook.com/kendraswesson,https://www.facebook.com/Kendrafor46,,,,,,,,,,,,,,,,,
,,,,,,,,Randy Randleman,Randy,,Randleman,,,,Republican Party,OK,,,,,,,,OK State Representative District 15,,,rrstatehouse@gmail.com,,,,https://www.okhouse.gov/members/Pictures/HiRes/Randy-Randleman.jpg,https://www.voterandleman.com/,,,,,,,,,,,(918) 689-8900,,,,,,,,,,,,,https://www.facebook.com/VoteRandleman,https://www.facebook.com/randy.randleman.522,https://www.facebook.com/VoteRandleman,,,,,,,,,,,,,,,,,
,,,,,,,,Tammy Townley,Tammy,,Townley,,,,Republican Party,OK,,,,,,,,OK State Representative District 48,,,tammytownleyforstaterep@gmail.com,,,,https://www.okhouse.gov/members/Pictures/HiRes/Tammy-Townley.jpg,https://www.tammytownley.com/,,,,,,,,,,"PO Box 1682 Ardmore, OK 73402",,,,,,,,, https://www.twitter.com/missosu89,,,,,https://www.facebook.com/profile.php?id=100058053129983,https://www.facebook.com/tammy.pevehousetownley,https://www.facebook.com/profile.php?id=100058053129983,,,,,,,,,,,,,,,,,
,,,,,,,,April Brown,April,,Brown,,,,Republican Party,OK,,,,,,,,OK State Representative District 48,,,Aprilbrown2022@gmail.com,,,,"https://static.wixstatic.com/media/10cc10_e1b56ac7393a45a58e508cabe713a02b~mv2.jpg/v1/fill/w_710,h_1064,al_c,q_85,usm_0.66_1.00_0.01,enc_auto/10cc10_e1b56ac7393a45a58e508cabe713a02b~mv2.jpg",https://www.aprilbrown2022.com/,,,,,,,,,,,(405) 668-0800,,,,,,,,,,,,,,https://www.facebook.com/damonapril.brown,https://www.facebook.com/profile.php?id=100076358919321,,,,,,,,,,,,,,,,,
,,,,,,,,Angie Brinlee,Angie,,Brinlee,,,,Republican Party,OK,,,,,,,,OK State Representative District 15,,,Brinlee2022@gmail.com,,,,,https://www.brinlee2022.com/,,,,,,,,,,,(918) 616-6287,,,,,,,,,,,,,,https://www.facebook.com/angie.brinlee,https://www.facebook.com/profile.php?id=100078213782208,,,,,,,,,,,,,,,,,
,,,,,,,,Richard Miller,Richard,,Miller,,,,Republican Party,OK,,,,,,,,OK State Representative District 49,,,,,,,,https://www.millerforstaterep49.com/,,,,,,,,,,,(580) 795-4697,,,,,,,,,,,,,,,https://www.facebook.com/RIchardMillerForOKHD49,,,,,,,,,,,,,,,,,
,,,,,,,,Josh Cantrell,Josh,,Cantrell,,,,Republican Party,OK,,,,,,,,OK State Representative District 49,,,josh@joshcantrellforok.com,,,,,https://www.joshcantrellforok.com/,,,,,,,,,,,(469) 230-7816,,,,,,,,,,,,,,https://www.facebook.com/joshua.cantrell1,https://www.facebook.com/cantrellforhouse2022,,,,,,,,,,,,,,,,,
,,,,,,,,Andy Baca,Andy,,Baca,,,,Republican Party,OK,,,,,,,,OK State Representative District 18,,,,,,,,,,,,,,,,,,,,,,,,,,,,,,,,,https://www.facebook.com/john.baca.3939,https://www.facebook.com/bacafordistrict24staterep,,,,,,,,,,,,,,,,,
,,,,,,,,Tamara Bryan,Tamara,,Bryan,,,,Republican Party,OK,,,,,,,,OK State Representative District 5,,,,,,,,https://www.tamarabryan.com/,,,,,,,,,,,,,,,,,,,,,,,,,https://www.facebook.com/tamara.bryan1,,,,,,,,,,,,,,,,,,
,,,,,,,,Marcus McEntire,Marcus,,McEntire,,,,Republican Party,OK,,,,,,,,OK State Representative District 50,,,,,,,https://www.okhouse.gov/members/Pictures/HiRes/Marcus-McEntire.jpg,https://www.marcusmcentire.com/,,https://www.distinctive-decor.com/,,,,,,,,,(405) 557-7327,,,,,,, https://www.twitter.com/marcus_mcentire, https://www.twitter.com/marcus_mcentire,,,https://www.instagram.com/marcus_mcentire/,https://www.instagram.com/vote4marcus/,https://www.facebook.com/marcusmcentireok,https://www.facebook.com/marcus.mcentire,https://www.facebook.com/marcusmcentireok,,,,,,,,,,,,,,,,,
,,,,,,,,Jennifer Sengstock,Jennifer,,Sengstock,,,,Republican Party,OK,,,,,,,,OK State Representative District 50,,,,,,,,https://www.sengstockforfreedom.com/,,,,,,,,,,,,,,,,,,,,,,,,,https://www.facebook.com/profile.php?id=100077007267578,,,,,,,,,,,,,,,,,,
,,,,,,,,Deborah Campbell,Deborah,,Campbell,,,,Republican Party,OK,,,,,,,,OK State Representative District 50,,,campbellforhouse@gmail.com,,,,"https://static.wixstatic.com/media/f376b0_969abdcec9b74b75a6681d088c579b61~mv2.png/v1/fill/w_1170,h_1116,al_c,q_90,usm_0.66_1.00_0.01,enc_auto/Deborah%20Campbell.png",https://www.campbellforhouse.com/,,,,,,,,,,,(918) 770-2994,,,,,,,,,,,,,,https://www.facebook.com/profile.php?id=100075558222087,https://www.facebook.com/profile.php?id=100076298015514,,,,,,,,,,,,,,,,,
,,,,,,,,Mark McBride,Mark,,McBride,,,,Republican Party,OK,,,,,,,,OK State Representative District 53,,,mcbride4house@gmail.com,,,,"https://www.okhouse.gov/members/Pictures/HiRes/McBride,%20Mark.jpg",http://mcbrideforok.com/,,,,,,,,,,,(405) 593-5312,,,,,,, https://www.twitter.com/RepMarkMcBride,,,,,https://www.instagram.com/markmcbrideok/,https://www.facebook.com/McBride4House,https://www.facebook.com/james.m.mcbride,https://www.facebook.com/McBride4House,,,,,,,,,,,,,,,,,
,,,,,,,,Kathren Stehno,Kathren,,Stehno,,,,Republican Party,OK,,,,,,,,OK State Representative District 53,,,,,,,,,,,,,,,,,,,,,,,,,,,,,,,,,https://www.facebook.com/kathren.stehno,https://www.facebook.com/kstehnodistrict53/,,,,,,,,,,,,,,,,,
,,,,,,,,Tad Boone,Tad,,Boone,,,,Republican Party,OK,,,,,,,,OK State Representative District 55,,,,,,,,,,,,,,,,,,,,,,,,,,,,,,,,,,,,,,,,,,,,,,,,,,,
,,,,,,,,Nick Archer,Nick,,Archer,,,,Republican Party,OK,,,,,,,,OK State Representative District 55,,,nickarcher3@gmail.com,,,,https://images.squarespace-cdn.com/content/v1/60d0ab27d571dc3fb75aa181/1624296740147-7C07AT3U92FIT743U6EU/IMG_8463.jpg?format=1500w,https://www.archerforok.com/,,,,,,,,,,,(580) 799-5463,,,,,,,,,,,,,,https://www.facebook.com/thenickarcher,https://www.facebook.com/ArcherforOK,,,,,,,,,,,,,,,,,
,,,,,,,,Jeff Sawatzky,Jeff,,Sawatzky,,,,Republican Party,OK,,,,,,,,OK State Representative District 55,,,,,,,,https://votesawatzky.com/,,,,,,,,,,,(580) 515-2259,,,,,,,,,,,,,,,https://www.facebook.com/profile.php?id=100078885696070,,,,,,,,,,,,,,,,,
,,,,,,,,Kristen Kelley Poisson,Kristen,Kelley,Poisson,,,,Republican Party,OK,,,,,,,,OK State Representative District 57,,,,,,,http://kristenkelleyok.com/wp-content/uploads/2022/05/IMG_5569-Edit.jpg,http://kristenkelleyok.com/,,,,,,,,,,,,,,,,,,,,,,,,,https://www.facebook.com/kristen.kelley.946,,,,,,,,,,,,,,,,,,
,,,,,,,,Sherrie Conley,Sherrie,,Conley,,,,Republican Party,OK,,,,,,,,OK State Representative District 20,,,,,,,"https://www.okhouse.gov/members/Pictures/HiRes/Conley,%20Sherrie.jpg",https://www.conley4house.com/,,,,,,,,,,,,,,,,,,,,,,,https://www.instagram.com/repconley/,,,,,,,,,,,,,,,,,,,,
,,,,,,,,Anthony Mackey,Anthony,,Mackey,,,,Republican Party,OK,,,,,,,,OK State Representative District 20,,,mackey4house@gmail.com,,,,https://images.squarespace-cdn.com/content/v1/622d61530bec9b72e376d75b/10097614-dad2-4e8c-907a-48cc33365cba/mackey.jpeg?format=1500w,https://www.mackey4house.com/,,,,,,,,,,,(405) 615-8853,,,,,,,,,,,,,,https://www.facebook.com/anthony.mackey.568,https://www.facebook.com/mackeyhd20,,,,,,,,,,,,,,,,,
,,,,,,,,Ryan Williams,Ryan,,Williams,,,,Republican Party,OK,,,,,,,,OK State Representative District 21,,,RyanWilliamsRep2022@gmail.com,,,,,,,,,,,,,,,,(580) 716-7300,,,,,,,,,,,,,,https://www.facebook.com/ryan.williams.1069020,https://www.facebook.com/profile.php?id=100080281066253,,,,,,,,,,,,,,,,,
,,,,,,,,Penny James,Penny,,James,,,,Republican Party,OK,,,,,,,,OK State Representative District 21,,,pjames4sr@gmail.com,,,,https://images.squarespace-cdn.com/content/v1/6238b333268a694ebfcd8eb3/ffdab4e5-2dd0-408e-bc60-3c3dc944f3fd/Penny+James-headshot.png?format=1000w,https://www.votepennyjames.com/,,,,,,,,,,,(580) 579-6651,,,,,,,,,,,,,,https://www.facebook.com/penny.james.921,https://www.facebook.com/PennyJamesforHD21,,,,,,,,,,,,,,,,,
,,,,,,,,Dustin Reid,Dustin,,Reid,,,,Republican Party,OK,,,,,,,,OK State Representative District 21,,,Info@reidforhouse.com,,,,,https://www.reidforhouse.com/,,,,,,,,,,,(580) 980-7343,,,,,,,,,,,,,,,https://www.facebook.com/DustinReidOK,,,,,,,,,,,,,,,,,
,,,,,,,,Cody Maynard,Cody,,Maynard,,,,Republican Party,OK,,,,,,,,OK State Representative District 21,,,maynard4ok@gmail.com,,,,https://codymaynard.com/wp-content/uploads/2021/07/CodyMaynard-10.jpg,https://codymaynard.com/,,,,,,,,,,,(580) 825-0450,,,,,,,, https://www.twitter.com/codymaynard15,,,,https://www.instagram.com/maynard4ok/,,,https://www.facebook.com/Maynard4OK,,,,,,,,,,,,,,,,,
,,,,,,,,Rhonda Baker,Rhonda,,Baker,,,,Republican Party,OK,,,,,,,,OK State Representative District 60,,,,,,,"https://www.okhouse.gov/members/Pictures/HiRes/Baker,%20Rhonda.jpg",,,,,,,,,,,,,,,,,,, https://www.twitter.com/reprhondabaker,,,,,,https://www.facebook.com/reprhondabaker,https://www.facebook.com/rhonda.baker.1614460,,,,,,,,,,,,,,,,,,
,,,,,,,,Wayne Hill,Wayne,,Hill,,,,Republican Party,OK,,,,,,,,OK State Representative District 66,,,waynehill2022@gmail.com,,,,,https://www.waynehill2022.com/,,,,,,,,,,,(918) 404-4909,,,,,,,,,,,,,,https://www.facebook.com/wayne.hill.1044,https://www.facebook.com/profile.php?id=100076021780266,,,,,,,,,,,,,,,,,
,,,,,,,,Logan J. Phillips,Logan,J.,Phillips,,,,Republican Party,OK,,,,,,,,OK State Representative District 24,,,Logan4house@gmail.com,,,,https://www.okhouse.gov/Members/Pictures/Logan-Phillips-175.jpg,https://logan4house.com/,,,,,,,,,,,(918) 849-1512,,,,,,, https://www.twitter.com/RepLoganP,,,,https://www.instagram.com/loganjphillips/,https://www.instagram.com/loganjphillips/,,https://www.facebook.com/logan.phillips.1272,https://www.facebook.com/logan4house,,,,,,,,,,,,,,,,,
,,,,,,,,Mike Burdge,Mike,,Burdge,,,,Republican Party,OK,,,,,,,,OK State Representative District 66,,,,,,,,,,,,,,,,,,,(918) 798-2678,,,,,,,,,,,,,,https://www.facebook.com/mike.burdge.58,https://www.facebook.com/profile.php?id=100079180263521,,,,,,,,,,,,,,,,,
,,,,,,,,Gabe Renfrow,Gabe,,Renfrow,,,,Republican Party,OK,,,,,,,,OK State Representative District 66,,,gabe_renfrow9@yahoo.com,,,,https://gaberenfrow.com/wp-content/uploads/2022/03/084-C-G-821.jpg,https://gaberenfrow.com/,,,,,,,,,,,(918) 207-9822,,,,,,,,,,,https://www.instagram.com/gaberenfrow/,,,https://www.facebook.com/gabe.renfrow,https://www.facebook.com/votegaberenfrow,,,,,,,,,,,,,,,,,
,,,,,,,,Chris Banning,Chris,,Banning,,,,Republican Party,OK,,,,,,,,OK State Representative District 24,,,info@banningforoklahoma.com,,,,https://images.squarespace-cdn.com/content/v1/61893849bcfec95f70055ce5/c682708a-05b8-4ee8-bca9-13004b9200bf/Screen+Shot+2021-11-10+at+10.56.45+AM.png?format=1000w,https://www.banningforoklahoma.com/,,,,,,,,,,,(918) 934-2550,,,,,,,,,,,,,,https://www.facebook.com/profile.php?id=100077929114389,https://www.facebook.com/BanningForOklahoma/,,,,,,,,,,,,,,,,,
,,,,,,,,Clay Staires,Clay,,Staires,,,,Republican Party,OK,,,,,,,,OK State Representative District 66,,,,,,,,https://okforclay.com/,,,,,,,,,,,,,,,,,,, https://www.twitter.com/KforClay,,,https://www.instagram.com/claystaires/,https://www.instagram.com/claystaires/,,https://www.facebook.com/clay.staires.9,https://www.facebook.com/OKHouse2022,,,,,,,,,,,,,,,,,
,,,,,,,,Anthony Moore,Anthony,,Moore,,,,Republican Party,OK,,,,,,,,OK State Representative District 57,,,friendsofanthonymoore@gmail.com,,,,"https://www.okhouse.gov/members/Pictures/HiRes/Moore,%20Anthony.jpg",https://www.mooreforthehouse.com/,,,,,,,,,,,,,,,,,, https://www.twitter.com/repmoore57, https://www.twitter.com/repmoore57,,,,,https://www.facebook.com/RepMoore/,,https://www.facebook.com/MooreForTheHouse,,,,,,,,,,,,,,,,,
,,,,,,,,Bobby Schultz,Bobby,,Schultz,,,,Republican Party,OK,,,,,,,,OK State Representative District 24,,,bobbyschultz@hotmail.com,,,,,https://www.schultzforoklahoma.org/,,,,,,,,,,"P. O. Box 2916, Tulsa, OK 74101",(580) 478-2624,,,,,,,,, https://www.twitter.com/Schultz4OK,,,,,https://www.facebook.com/bobby.schultz.925,https://www.facebook.com/SchultzForRep,,,,,,,,,,,,,,,,,
,,,,,,,,Ron Lynch,Ron,,Lynch,,,,Republican Party,OK,,,,,,,,OK State Representative District 60,,,,,,,http://ronlynchforstatehouse.com/wp-content/uploads/2022/05/Watertower_Updated.jpg,http://ronlynchforstatehouse.com/,,,,,,,,,,,,,,,,,,,,,,,,,,,,,,,,,,,,,,,,,,,
,,,,,,,,Timothy Brooks,Timothy,,Brooks,,,,Republican Party,OK,,,,,,,,OK State Representative District 76,,,Info@votetimbrooks.com,,,,,https://votetimbrooks.com/,,,,,,,,,,,(918) 994-6494,,,,,,,,,,,,,,https://www.facebook.com/profile.php?id=100080718310331,https://www.facebook.com/profile.php?id=100080718310331,,,,,,,,,,,,,,,,,
,,,,,,,,Ross Ford,Ross,,Ford,,,,Republican Party,OK,,,,,,,,OK State Representative District 76,,,Ross.ford@yahoo.com,,,,"https://www.okhouse.gov/members/Pictures/HiRes/Ford,%20Ross.jpg",https://www.fordforhouse.com/,,,,,,,,,,,(918) 381-4777,,,,,,,,,,,,,https://www.facebook.com/RossFordOK,https://www.facebook.com/ross.ford.9,https://www.facebook.com/RossFordOK,,,,,,,,,,,,,,,,,
,,,,,,,,Stan Stevens,Stan,,Stevens,,,,Republican Party,OK,,,,,,,,OK State Representative District 79,,,stanstevens4hd79@gmail.com,,,,https://images.squarespace-cdn.com/content/v1/6165a233eb109073db333b3a/687afb2d-858c-41d1-9344-b20bec0cc4fe/image_6487327-3.JPG?format=750w,https://www.stan4oklahoma.com/,,,,,,,,,,,(918) 373-6334,,,,,,,,,,,,,,https://www.facebook.com/stanstevensjgs,https://www.facebook.com/stan4oklahoma,,,,,,,,,,,,,,,,,
,,,,,,,,Rick Parris,Rick,,Parris,,,,Republican Party,OK,,,,,,,,OK State Representative District 29,,,,,,,,,,,,,,,,,,,,,,,,,,,,,,,,,,,,,,,,,,,,,,,,,,,
,,,,,,,,Chris Bryant,Chris,,Bryant,,,,Democratic Party,OK,,,,,,,,OK State Representative District 89,,,,,,,,,,,,,,,,,,,,,,,,,,,,,,,,,,,,,,,,,,,,,,,,,,,
,,,,,,,,Kyle Hilbert,Kyle,,Hilbert,,,,Republican Party,OK,,,,,,,,OK State Representative District 29,,,hilbertforthehouse@gmail.com,,,,"https://www.okhouse.gov/members/Pictures/HiRes/Hilbert,%20Kyle.jpg",https://www.kylehilbert.com/,,,,,,,,,,"P.O. Box 207 Depew, OK 74028",,,,,,,, https://www.twitter.com/kylehilbert,,,,,,https://www.facebook.com/RepKyleHilbert,https://www.facebook.com/kylehilbert,https://www.facebook.com/HilbertForTheHouse,,,,,,,,,,,,,,,,,
,,,,,,,,Logan Trainer,Logan,,Trainer,,,,Republican Party,OK,,,,,,,,OK State Representative District 31,,,logan@logantrainerok.com,,,,http://logantrainerok.com/wp-content/uploads/2022/02/Desk.jpg,http://logantrainerok.com/,,,,,,,,,,,,,,,,,,,,,,,,,,https://www.facebook.com/LoganTrainerForDistrict31,,,,,,,,,,,,,,,,,
,,,,,,,,Karmin Grider,Karmin,,Grider,,,,Republican Party,OK,,,,,,,,OK State Representative District 31,,,karmin.grider@gmail.com,,,,"https://static.wixstatic.com/media/623a96_00f14d842a7f49f38063479a2caada13~mv2.png/v1/crop/x_156,y_0,w_2666,h_1141/fill/w_2666,h_1139,al_c,q_95,enc_auto/D7E08412-310A-497C-BFA5-C896B24CB946_1_2.png",https://www.karmingrider.com/,,,,,,,,,,,(405) 939-0655,,,,,,,, https://www.twitter.com/_kng12_,,,,,,https://www.facebook.com/karmin.n.grider,https://www.facebook.com/KarminGriderforStateHouse2022,,,,,,,,,,,,,,,,,
,,,,,,,,Collin Duel,Collin,,Duel,,,,Republican Party,OK,,,,,,,,OK State Representative District 31,,,,,,,,https://collinduel.com/,,https://www.duellaw.com/,,,,,,,,,(405) 593-2277,,,,,,,,,,,,,,https://www.facebook.com/profile.php?id=100070096315899,https://www.facebook.com/collinduel,,,,,,,,,,,,,,,,,
,,,,,,,,Arturo Alonso,Arturo,,Alonso,,,,Democratic Party,OK,,,,,,,,OK State Representative District 89,,,arturo@votealonso.com,,,,https://i0.wp.com/www.votealonso.com/wp-content/uploads/2022/05/Arturo-Headshot-Reduced-Double-scaled.jpg?w=1708&ssl=1,https://www.votealonso.com/,,,,,,,,,,"4 NE 10th St. 215 Oklahoma City, OK 73104",,,,,,,,, https://www.twitter.com/our_churro, https://www.twitter.com/votealonso,,,,,https://www.facebook.com/arturo.alonso.792740,https://www.facebook.com/votealonso,,,,,,,,,,,,,,,,,
,,,,,,,,Wade Roberts,Wade,,Roberts,,,,Republican Party,OK,,,,,,,,OK State Representative District 36,,,,,,,,,,,,,,,,,,,,,,,,,,,,,,,,,,https://www.facebook.com/Wade-Roberts-101255245917552/,,,,,,,,,,,,,,,,,
,,,,,,,,Nana Abram Dankwa,Nana,Abram,Dankwa,,,,Democratic Party,OK,,,,,,,,OK State Representative District 90,,,info@nanaforhd90.com,,,,,https://www.nanaforhd90.com/,,,,,,,,,,,,,,,,,,,,,,,,,https://www.facebook.com/nana.dankwa.165,https://www.facebook.com/NanaDforOKC/,,,,,,,,,,,,,,,,,
,,,,,,,,Emilleo Stokes,Emilleo,,Stokes,,,,Democratic Party,OK,,,,,,,,OK State Representative District 90,,,,,,,,,,,,,,,,,,,,,,,,,,,,,,,,,https://www.facebook.com/profile.php?id=100017296480453,,,,,,,,,,,,,,,,,,
,,,,,,,,John George,John,,George,,,,Republican Party,OK,,,,,,,,OK State Representative District 36,,,John@votejohngeorge.com,,,,https://votejohngeorge.com/wp-content/uploads/2021/06/183-JG-621-scaled.jpg,https://votejohngeorge.com/,,,,,,,,,,,(405) 623-5594,,,,,,,, https://www.twitter.com/john_okcfop,,,,,,,https://www.facebook.com/votejohngeorge,,,,,,,,,,,,,,,,,
,,,,,,,,Charles De Furia,Charles,De,Furia,,,,Republican Party,OK,,,,,,,,OK State Representative District 36,,,defuria@airosurf.com,,,,,https://defuria4oklahoma.com/,,,,,,,,,,,(405) 206-1878,,,,,,,,,,,,,,,,,,,,,,,,,,,,,,,,
,,,,,,,,Anita Raglin,Anita,,Raglin,,,,Republican Party,OK,,,,,,,,OK State Representative District 36,,,ajraglin7@gmail.com,,,,http://anitaraglin.com/wp-content/uploads/2022/05/Headshot-web-683x1024.jpg,http://anitaraglin.com/,,,,,,,,,,,(405) 391-5021,,,,,,,,,,,,,,https://www.facebook.com/RaglinforStateRep,https://www.facebook.com/voteanitaraglin36/,,,,,,,,,,,,,,,,,
,,,,,,,,Ken Luttrell,Ken,,Luttrell,,,,Republican Party,OK,,,,,,,,OK State Representative District 37,,,,,,,"https://www.okhouse.gov/members/Pictures/HiRes/Luttrell,%20Ken.jpg",,,,,,,,,,,,,,,,,,,,,,,,,https://www.facebook.com/kenluttrellforoklahoma,https://www.facebook.com/ken.luttrell.39,https://www.facebook.com/kenluttrellforoklahoma,,,,,,,,,,,,,,,,,
,,,,,,,,"Joe Vaden, Jr.",Joe,,"Vaden,",,,Jr.,Republican Party,OK,,,,,,,,OK State Representative District 37,,,campaign@joevaden.com,,,,https://joevaden.com/images/joe.jpg,https://joevaden.com/,,,,,,,,,,"402 E. Grand Ave. #1104 Ponca City, OK 74601",(580) 749-9090,,,,,,,,, https://www.twitter.com/JoeVadenforOK,,,https://www.instagram.com/joevadenforok/,,https://www.facebook.com/jomamma75,https://www.facebook.com/JoeVadenforOK,,,,,,,,,,,,,,,,,
,,,,,,,,Matthew D. Huggans,Matthew,D.,Huggans,,,,Republican Party,OK,,,,,,,,OK State Representative District 42,,,,,,,,https://www.huggans22.com/,,,,,,,,,,,,,,,,,,,,,,,,,https://www.facebook.com/profile.php?id=100057300472975,https://www.facebook.com/profile.php?id=100076091144767,,,,,,,,,,,,,,,,,
,,,,,,,,Cindy Roe,Cindy,,Roe,,,,Republican Party,OK,,,,,,,,OK State Representative District 42,,,CindyRoeforOklahoma@gmail.com,,,,https://www.okhouse.gov/members/Pictures/HiRes/Cindy-Roe.jpg,http://cindyroeforhouse.com/,,,,,,,,,,"P.O. Box 743 Lindsay, OK 73052",(405) 756-0369,,,,,,, https://www.twitter.com/cjoroe,,,,,,https://www.facebook.com/profile.php?id=100068937348576,https://www.facebook.com/cjoroe,https://www.facebook.com/profile.php?id=100072056097079,,,,,,,,,,,,,,,,,
,,,,,,,,Kate Bierman,Kate,,Bierman,,,,Democratic Party,OK,,,,,,,,OK State Representative District 44,,,kate@biermanforhd44.com,,,,https://images.squarespace-cdn.com/content/v1/5862c1e48419c2117f616be9/1627999130804-LDV6X25CMSDLU75KIA61/KB-AnnouncementPhoto.png?format=1000w,https://biermanforhd44.com/,,,,,,,,,,,(405) 652-9444,,,,,,,,, https://www.twitter.com/BiermanForHD44,,https://www.instagram.com/biermanforhd44/,https://www.instagram.com/biermanforhd44/,,https://www.facebook.com/kathrynsbierman,https://www.facebook.com/BiermanForHD44,,,,,,,,,,,,,,,,,
,,,,,,,,Jared Deck,Jared,,Deck,,,,Democratic Party,OK,,,,,,,,OK State Representative District 44,,,info@deckfornorman.com,,,,"https://static.wixstatic.com/media/a6d22c_3bdf0f9d52294c5abe72738abec9ae85~mv2.jpg/v1/fill/w_676,h_892,al_c,q_85,usm_0.66_1.00_0.01,enc_auto/Deck-Lifestyle-_DSC5698_edited.jpg",https://www.deckfornorman.com/,,,,,,,,,,"PO Box 6575 Norman, OK 73070",(405) 561-2123,,,,,,,, https://www.twitter.com/jareddeckmusic, https://www.twitter.com/deckfornorman,,https://www.instagram.com/jareddeckmusic/,https://www.instagram.com/deckfornorman/,,https://www.facebook.com/jaredldeck,https://www.facebook.com/DeckForNorman,,,,,,,,,,,,,,,,,
,,,,,,,,Teresa Sterling,Teresa,,Sterling,,,,Republican Party,OK,,,,,,,,OK State Representative District 45,,,sterling4StateHouse45@gmail.com,,,,,,,,,,,,,,,,(405) 822-0000,,,,,,,,,,,,,,https://www.facebook.com/profile.php?id=100074575194990,https://www.facebook.com/SterlingOKHD45,,,,,,,,,,,,,,,,,
,,,,,,,,Dave Spaulding,Dave,,Spaulding,,,,Republican Party,OK,,,,,,,,OK State Representative District 45,,,davespauldingforhouse@gmail.com,,,,http://davespauldingforhouse.com/wp-content/uploads/2022/02/IMG_2114-Edit.jpg,http://davespauldingforhouse.com/,,,,,,,,,,,(405) 802-7222,,,,,,,,,,,,,,,https://www.facebook.com/davespauldingforhouseofrepresentatives,,,,,,,,,,,,,,,,,
,,,,,,,,Sassan Moghadam,Sassan,,Moghadam,,,,Republican Party,OK,,,,,,,,OK State Representative District 46,,,,,,,,,,,,,,,,,,,,,,,,,,,,,,,,,https://www.facebook.com/sassan.moghadam,,,,,,,,,,,,,,,,,,
,,,,,,,,Nancy Sangirardi,Nancy,,Sangirardi,,,,Republican Party,OK,,,,,,,,OK State Representative District 46,,,nancyforstatehouse@yahoo.com,,,,https://images.squarespace-cdn.com/content/v1/6249f9398ad5ba41fe9d0702/72139637-f939-4703-bbcb-9e96f0ff6f2d/headshot.jpg?format=1500w,https://www.nancyforstatehouse.com/,,,,,,,,,,,(405) 657-0042,,,,,,,,,,,,,,https://www.facebook.com/nancy.fishersangirardi,https://www.facebook.com/nancyforstatehouse,,,,,,,,,,,,,,,,,
,,,,,,,,Josh West,Josh,,West,,,,Republican Party,OK,,,,,,,,OK State Representative District 5,,,joshua.west76@gmail.com,,,,https://www.okhouse.gov/members/Pictures/HiRes/Josh-West.jpg,https://www.electjoshwest.com/,,,,,,,,,,,,,,,,,, https://www.twitter.com/joshwestokhd5,,,,,,https://www.facebook.com/JWestHD5,https://www.facebook.com/josh.west.165,https://www.facebook.com/votejoshwest,,,,,,,,,,,,,,,,,
,,,,,,,,Tony Boodie Wilson,Tony,Boodie,Wilson,,,,Democratic Party,OK,,,,,,,,OK State Senator District 28,,,,,,,,https://boodiesontheballot.com/,,,,,,,,,,,(405) 240-7469,,,,,,,,,,,,,,https://www.facebook.com/tonyw27,https://www.facebook.com/BoodieSD28,,,,,,,,,,,,,,,,,
,,,,,,,,Karen Rackley,Karen,,Rackley,,,,Democratic Party,OK,,,,,,,,OK State Senator District 28,,,,,,,,,,,,,,,,,,,,,,,,,,,,,,,,,,https://www.facebook.com/KarenRackley4SenateDistrict28,,,,,,,,,,,,,,,,,
,,,,,,,,Robert W. Trimble,Robert,W.,Trimble,,,,Republican Party,OK,,,,,,,,OK State Senator District 28,,,info@robertwtrimble2022.com,,,,https://robertwtrimble2022.com/wp-content/uploads/2022/04/AHF-4th-of-July-picture-of-Robert-002.jpg,https://robertwtrimble2022.com/,,,,,,,,,,,,,,,,,,,,,,,,,,,,,,,,,,,,,,,,,,,
,,,,,,,,Jeff McCommas,Jeff,,McCommas,,,,Republican Party,OK,,,,,,,,OK State Senator District 28,,,mccommasconstruction@gmail.com,,,,,,,,,,,,,,,,,,,,,,,,,,,,,,https://www.facebook.com/jeff.mccommas.3,https://www.facebook.com/jeffmccommasforstatesenate,,,,,,,,,,,,,,,,,
,,,,,,,,Jamey Mullin,Jamey,,Mullin,,,,Republican Party,OK,,,,,,,,OK State Senator District 28,,,,,,,,https://jameymullin.com/,,,,,,,,,,,,,,,,,,,,,,,,,https://www.facebook.com/jamey.mullin,https://www.facebook.com/MullinforOK,,,,,,,,,,,,,,,,,
,,,,,,,,Grant Green,Grant,,Green,,,,Republican Party,OK,,,,,,,,OK State Senator District 28,,,,,,,,,,,,,,,,,,,,,,,,,,,,,,,,,https://www.facebook.com/profile.php?id=100019351209666,https://www.facebook.com/profile.php?id=100019351209666,,,,,,,,,,,,,,,,,
,,,,,,,,Dana Prieto,Dana,,Prieto,,,,Republican Party,OK,,,,,,,,OK State Senator District 34,,,info@danaprietoforoksenate.com,,,,http://danaprietoforoksenate.com/wp-content/uploads/2022/01/Dana-Prieto-for-OK-Senate-top-of-page.png,https://danaprietoforoksenate.com/,,,,,,,,,,"P.O. Box 690141 Tulsa, OK 74169",,,,,,,,,,,,,,,,https://www.facebook.com/oksenate34,,,,,,,,,,,,,,,,,
,,,,,,,,Brad Peixotto,Brad,,Peixotto,,,,Republican Party,OK,,,,,,,,OK State Senator District 34,,,,,,,,,,,,,,,,,,,,,,,,,,,,,,,,,https://www.facebook.com/profile.php?id=100012408947671,https://www.facebook.com/peixottoforsenate,,,,,,,,,,,,,,,,,
,,,,,,,,Emily DeLozier,Emily,,DeLozier,,,,Republican Party,OK,,,,,,,,OK State Senator District 10,,,delozier4senate@gmail.com,,,,,,,,,,,,,,,,,,,,,,,, https://www.twitter.com/emily_delozier,,,,,,https://www.facebook.com/emily.delozier.39,https://www.facebook.com/delozier4senate,,,,,,,,,,,,,,,,,
,,,,,,,,John Haste,John,,Haste,,,,Republican Party,OK,,,,,,,,OK State Senator District 36,,,,,,,https://oksenate.gov/sites/default/files/John-Haste.jpg,https://hasteforsenate.com/,,,,,,,,,,,,,,,,,,,,,,,,https://www.facebook.com/senjohnhaste,,https://www.facebook.com/JohnHasteStateSenate,,,,,,,,,,,,,,,,,
,,,,,,,,David Dambroso,David,,Dambroso,,,,Republican Party,OK,,,,,,,,OK State Senator District 36,,,DavidDambroso@gmail.com,,,,,https://d4ok.us/,,,,,,,,,,,(860) 385-2176,,,,,,,,,,,,,,https://www.facebook.com/david.dambroso.7,https://www.facebook.com/davedambroso,,,,,,,,,,,,,,,,,
,,,,,,,,Bill Coleman,Bill,,Coleman,,,,Republican Party,OK,,,,,,,,OK State Senator District 10,,,bill@eteamradio.com,,,,http://colemanforoklahoma.com/wp-content/uploads/2018/03/home.jpg,http://colemanforoklahoma.com/,,http://eteamradio.com/index.php,,,,,,,,,(580) 761-1155,,,,,,,,,,,,,https://www.facebook.com/SenatorBillColeman,https://www.facebook.com/bill.coleman.3597,https://www.facebook.com/billcolemansenate,,,,,,,,,,,,,,,,,
,,,,,,,,Tom Woods,Tom,,Woods,,,,Republican Party,OK,,,,,,,,OK State Senator District 4,,,,,,,http://tomwoodsok.com/wp-content/uploads/2022/05/IMG_4347-Edit-1280x850.jpg,http://tomwoodsok.com/,,,,,,,,,,,(918) 930-0409,,,,,,,,,,,,,,https://www.facebook.com/tom.woods.520125,https://www.facebook.com/profile.php?id=100078031480212,,,,,,,,,,,,,,,,,
,,,,,,,,Tom Callan,Tom,,Callan,,,,Republican Party,OK,,,,,,,,OK State Senator District 4,,,,,,,,http://tomcallan.com/,,,,,,,,,,,,,,,,,,,,,,,,,https://www.facebook.com/tom.callan.714,,,,,,,,,,,,,,,,,,
,,,,,,,,Keith A. Barenberg,Keith,A.,Barenberg,,,,Republican Party,OK,,,,,,,,OK State Senator District 4,,,kbarenbe@gmail.com,,,,,https://www.barenbergforsenate.com/,,,,,,,,,,,,,,,,,,,,,,,,,https://www.facebook.com/keithandsusan.barenberg,https://www.facebook.com/KeithBarenberg4StateSenate,,,,,,,,,,,,,,,,,
,,,,,,,,Todd Gollihare,Todd,,Gollihare,,,,Republican Party,OK,,,,,,,,OK State Senator District 12,,,Todd.Gollihare@gmail.com,,,,,https://gollihare.com/,,,,,,,,,,,(918) 798-4964,,,,,,,,,,,,,,,https://www.facebook.com/profile.php?id=100080470474343,,,,,,,,,,,,,,,,,
,,,,,,,,Rob Ford,Rob,,Ford,,,,Republican Party,OK,,,,,,,,OK State Senator District 12,,,robford@creekcountygop.com,,,,,,,,,,,,,,,,(918) 205-2445,,,,,,,,, https://www.twitter.com/ford4ok,,,,,https://www.facebook.com/rob.ford.7587,https://www.facebook.com/ford4ok/,,,,,,,,,,,,,,,,,
,,,,,,,,Hoguen Apperson,Hoguen,,Apperson,,,,Republican Party,OK,,,,,,,,OK State Senator District 4,,,hoguenapperson@yahoo.com,,,,"https://static.wixstatic.com/media/8e917f_154fb05fd4ec4e318ca30efa161af110~mv2.png/v1/fill/w_510,h_603,al_c,lg_1,q_85,enc_auto/Hoguen-need-to-crop-down-pic-to-top-bottom-of-jacket.png",https://www.appersonforok.com/,,,,,,,,,,,(918) 314-2158,,,,,,,, https://www.twitter.com/hoguen_apperson,,,https://www.instagram.com/hoguenapperson/,,,https://www.facebook.com/hoguen.apperson,https://www.facebook.com/Apperson2022,,,,,,,,,,,,,,,,,
,,,,,,,,Nadine Smith,Nadine,,Smith,,,,Republican Party,OK,,,,,,,,OK State Senator District 40,,,,,,,,,,,,,,,,,,,,,,,,,,,,,,,,,,,,,,,,,,,,,,,,,,,
,,,,,,,,Jack Stewart,Jack,,Stewart,,,,Republican Party,OK,,,,,,,,OK State Senator District 18,,,,,,,"https://static.wixstatic.com/media/8e917f_d0e8c513a30e472caf19d11b4880ae30~mv2.jpg/v1/crop/x_0,y_6,w_600,h_370/fill/w_532,h_318,al_c,q_80,usm_0.66_1.00_0.01,enc_auto/Jack-Office-Pic-Final.jpg",https://www.stewartforoksenate.com/,,,,,,,,,,,(405) 833-5373,,,,,,,,,,,,,,https://www.facebook.com/jack.stewart.315213,https://www.facebook.com/JackStewartForOKStateSenate,,,,,,,,,,,,,,,,,
,,,,,,,,Mariam Daly,Mariam,,Daly,,,,Republican Party,OK,,,,,,,,OK State Senator District 40,,,,,,,,,,,,,,,,,,,,,,,,,,,,,,,,,,,,,,,,,,,,,,,,,,,
,,,,,,,,Christopher Toney,Christopher,,Toney,,,,Republican Party,OK,,,,,,,,OK State Senator District 42,,,,,,,,http://toneyforoklahoma.com/,,,,,,,,,,,,,,,,,,,,,,,,,https://www.facebook.com/christopher.toney.334,https://www.facebook.com/christopher.toney.334,,,,,,,,,,,,,,,,,
,,,,,,,,Hunter Zearley,Hunter,,Zearley,,,,Republican Party,OK,,,,,,,,OK State Senator District 18,,,Info@hunterzearley.com,,,,,https://www.hunterzearley.com/,,,,,,,,,,,(918) 645-6368,,,,,,,,,,,,,,https://www.facebook.com/hunter.zearley,https://www.facebook.com/HunterZearleySenate,,,,,,,,,,,,,,,,,
,,,,,,,,Keith Austin,Keith,,Austin,,,,Republican Party,OK,,,,,,,,OK State Senator District 2,,,austinin2022@gmail.com,,,,,http://keithaustinok.com/,,,,,,,,,,,(539) 333-1558,,,,,,,,,,,,,,https://www.facebook.com/keith.austin.142,https://www.facebook.com/profile.php?id=100075790243467,,,,,,,,,,,,,,,,,
,,,,,,,,Jarrin Jackson,Jarrin,,Jackson,,,,Republican Party,OK,,,,,,,,OK State Senator District 2,,,,,,,,,,https://jarrinjackson.com/,,,,,,,,,,,,,,,,, https://www.twitter.com/JarrinJackson,,,https://www.instagram.com/jarrinjackson/,,,https://www.facebook.com/JarrinJackson,,,,,,,,,,,,,,,,,,
,,,,,,,,Brenda Stanley,Brenda,,Stanley,,,,Republican Party,OK,,,,,,,,OK State Senator District 42,,,,,,,https://oksenate.gov/sites/default/files/Brenda-Stanley_1.jpg,http://senatorbrendastanley.com/,,,,,,,,,,,,,,,,,,,,,,,,https://www.facebook.com/BrendaStanleyOK,https://www.facebook.com/brenda.stanley.9277,https://www.facebook.com/BrendaStanleyOK,,,,,,,,,,,,,,,,,
,,,,,,,,Rico Trayvon Smith,Rico,Trayvon,Smith,,,,Democratic Party,OK,,,,,,,,OK State Senator District 48,,,Rico@RicoForSenate.com,,,,,https://www.ricoforsenate.com/,,,,,,,,,,,(405) 251-8954,,,,,,,, https://www.twitter.com/iamricosmith,,,https://www.instagram.com/iamricosmith/,https://www.instagram.com/RicoForSenate/,,https://www.facebook.com/iamthericosmith,https://www.facebook.com/RICOFORSENATE48,,,,,,,,,,,,,,,,,
,,,,,,,,George E. Young,George,E.,Young,,,,Democratic Party,OK,,,,,,,,OK State Senator District 48,,,,,,,https://oksenate.gov/sites/default/files/senator_release/Young_bio.jpg,https://www.george-young.net/,,,,,,,,,,,,,,,,,, https://www.twitter.com/geysr1954,,,,,,https://www.facebook.com/profile.php?id=100057846528396,https://www.facebook.com/george.e.sr,https://www.facebook.com/profile.php?id=100057846528396,,,,,,,,,,,,,,,,,
,,,,,,,,Coy Jenkins,Coy,,Jenkins,,,,Republican Party,OK,,,,,,,,OK State Senator District 2,,,,,,,"https://static.wixstatic.com/media/012a28_f95a5d64e5f14f769a1c1bd0290d752b~mv2.jpg/v1/crop/x_1455,y_0,w_2563,h_3648/fill/w_822,h_1170,al_c,q_85,usm_0.66_1.00_0.01,enc_auto/IN3A9836.jpg",https://www.jenkinsforok.com/,,,,,,,,,,"PO Box 2821 Claremore, OK 74018",,,,,,,,,,,,,,,https://www.facebook.com/coy.jenkins.90,https://www.facebook.com/CoyJenkinsforOklahoma,,,,,,,,,,,,,,,,,
,,,,,,,,Ally Seifried,Ally,,Seifried,,,,Republican Party,OK,,,,,,,,OK State Senator District 2,,,,,,,https://allyseifried.com/wp-content/uploads/2022/03/ScreenShot2021-11-08at4.35.36PM.png,https://allyseifried.com/,,,,,,,,,,,,,,,,,,,,,,https://www.instagram.com/allyseifried/,,,https://www.facebook.com/ally.seifried,https://www.facebook.com/voteallyseifried,,,,,,,,,,,,,,,,,
,,,,,,,,Kristen Thompson,Kristen,,Thompson,,,,Republican Party,OK,,,,,,,,OK State Senator District 22,,,kristen@kristenforoklahoma.com,,,,https://www.kristenforoklahoma.com/images/kristen-headshot.jpg,https://www.kristenforoklahoma.com/,,,,,,,,,,"PO Box 2524 Oklahoma City, OK 73101",,,,,,,,,,,,,,,https://www.facebook.com/profile.php?id=9601528,https://www.facebook.com/KristenForOklahoma,,,,,,,,,,,,,,,,,
,,,,,,,,Jake A. Merrick,Jake,A.,Merrick,,,,Republican Party,OK,,,,,,,,OK State Senator District 22,,,Jakeforthestate@gmail.com,,,,https://oksenate.gov/sites/default/files/Merrick%2C%20Jake_flags.jpg,https://jakeforthestate.com/,,,,,,,,,,,(405) 534-0309,,,,,,, https://www.twitter.com/jakeamerrick, https://www.twitter.com/jakeamerrick, https://www.twitter.com/jakeamerrick,,,,,https://www.facebook.com/jake.a.merrick,https://www.facebook.com/jakeforthestate,,,,,,,,,,,,,,,,,
,,,,,,,,JJ Stitt,JJ,,Stitt,,,,Republican Party,OK,,,,,,,,OK State Senator District 26,,,admin@jjstitt.com,,,,https://jjstitt.com/index_htm_files/2161@2x.jpg,https://jjstitt.com/,,https://bluecountryfirearms.com/,,,,,,,,,(405) 433-4440,,,,,,,, https://www.twitter.com/jjstitt, https://www.twitter.com/jjstitt,,,,,https://www.facebook.com/jjstitt.x,https://www.facebook.com/jjstittpublic,,,,,,,,,,,,,,,,,
,,,,,,,,Darcy Allen Jech,Darcy,Allen,Jech,,,,Republican Party,OK,,,,,,,,OK State Senator District 26,,,,,,,https://upload.wikimedia.org/wikipedia/commons/thumb/6/6e/DarcyJech.jpg/440px-DarcyJech.jpg,,,,,,,,,,,,,,,,,,,, https://www.twitter.com/jech_darcy,,,,,https://www.facebook.com/SenatorDarcyJech,,,,,,,,,,,,,,,,,,,
,,,,,,,,Brady Butler,Brady,,Butler,,,,Republican Party,OK,,,,,,,,OK State Senator District 26,,,familiesforbradybutler@gmail.com,,,,https://d2114hmso7dut1.cloudfront.net/customers/975cfd38-f156-11eb-96ab-0614187498c1/sites/9767b548-f156-11eb-8116-0614187498c1/files/1ca30118-12b8-11ec-9be7-0614187498c1/_thumbnails/800.webp?t=1631309061&original_extension=jpg,https://www.bradybutler26.com/,,,,,,,,,,,(580) 330-3337,,,,,,,,,,,,,,https://www.facebook.com/profile.php?id=100072645820285,https://www.facebook.com/profile.php?id=100075720165240,,,,,,,,,,,,,,,,,
,,,,,,,,Todd Russ,Todd,,Russ,,,,Republican Party,OK,,,,,,,,OK State Treasurer,,,todd@toddruss.com,,,,,http://toddrussforstatetreasurer.com/,,,,,,,,,,"P.O. Box 892073 Oklahoma City, OK 73189",(405) 510-8419,,,,,,,,,,,,,https://www.facebook.com/RepresentativeToddRuss/,https://www.facebook.com/profile.php?id=100004554646361,https://www.facebook.com/toddrussOK,,,,,,,,,,,,,,,,,
,,,,,,,,David B. Hooten,David,B.,Hooten,,,,Republican Party,OK,,,,,,,,OK State Treasurer,,,info.hooten4treasurer@gmail.com,,,,,https://www.hooten4treasurer.com/,,,,,,,,,,"5030 North May Avenue Suite 112 Oklahoma City, OK 73112",(405) 626-1018,,,,,,,, https://www.twitter.com/davidbhooten, https://www.twitter.com/davidbhooten,,https://www.instagram.com/david_b._hooten/,https://www.instagram.com/david_b._hooten/,,https://www.facebook.com/david.b.hooten,https://www.facebook.com/Hooten4Treasurer,,,,,,,,,,,,,,,,,
,,,,,,,,Clark Jolley,Clark,,Jolley,,,,Republican Party,OK,,,,,,,,OK State Treasurer,,,,,,,,https://www.clarkjolley.com/,,,,,,,,,,,,,,,,,,, https://www.twitter.com/clarkjolley, https://www.twitter.com/clarkjolley,,https://www.instagram.com/clarkjolley/,,,https://www.facebook.com/clarkjolley,https://www.facebook.com/ClarkJolleyForOklahoma,,,,,,,,,,,,,,,,,
,,,,,,,,Pamela Gordon,Pamela,,Gordon,,,,Republican Party,OK,,,,,,,,U.S. Representative District 2,,,info@votepamgordon.com,,,,,https://votepamgordon.com/,,,,,,,,,,,,,,,,,,,, https://www.twitter.com/VotePamGordon,,,https://www.instagram.com/votepamgordon/,,,https://www.facebook.com/VotePamGordon,,,,,,,,,,,,,,,,,
,,,,,,,,Marty Quinn,Marty,,Quinn,,,,Republican Party,OK,,,,,,,,U.S. Representative District 2,,,marty@quinnforok.com,,,,https://oksenate.gov/sites/default/files/Marty_Quinn.jpg,https://quinnforok.com/index.php,,,,,,,,,,,,,,,,,,,,,,,,https://www.facebook.com/MartyQuinnOK,https://www.facebook.com/marty.quinn.9,https://www.facebook.com/quinn4OK,,,,,,,,,,,,,,,,,
,,,,,,,,Josh Brecheen,Josh,,Brecheen,,,,Republican Party,OK,,,,,,,,U.S. Representative District 2,,,,,,,https://upload.wikimedia.org/wikipedia/commons/thumb/f/f7/Brecheen.jpg/400px-Brecheen.jpg,https://joshbrecheen.com/,,https://rawhidedirtworks.com/,,,,,,,,,,,,,,,,,,,,,,,https://www.facebook.com/josh.brecheen.7,https://www.facebook.com/JoshBrecheen,,,,,,,,,,,,,,,,,
,,,,,,,,Johnny Teehee,Johnny,,Teehee,,,,Republican Party,OK,,,,,,,,U.S. Representative District 2,,,,,,,"https://static.wixstatic.com/media/0fd000_35286c5a1e7c4064b3eaaa559d5ceb9e~mv2.png/v1/crop/x_0,y_15,w_1200,h_1112/fill/w_1199,h_1112,al_c,q_90,enc_auto/Teehee%20Headshot%20042122%201200px.png",https://www.johnnyteehee.com/,,,,,,,,,,"PO Box 1942 Muskogee, OK 74402",(918) 351-1322,,,,,,,,,,,,,,,https://www.facebook.com/profile.php?id=100078912533937,,,,,,,,,,,,,,,,,
,,,,,,,,John Bennett,John,,Bennett,,,,Republican Party,OK,,,,,,,,U.S. Representative District 2,,,Info@JohnBennettforCongress.com,,,,https://upload.wikimedia.org/wikipedia/commons/thumb/f/f9/John_R._Bennett.jpg/440px-John_R._Bennett.jpg,https://johnbennettforcongress.com/,,,,,,,,,,,(918) 922-9513,,,,,,,,,,,,,,,https://www.facebook.com/johnbennettforcongress,,,,,,,,,,,,,,,,,
,,,,,,,,Guy Barker,Guy,,Barker,,,,Republican Party,OK,,,,,,,,U.S. Representative District 2,,,contact@barkerforcongress.com,,,,https://secureservercdn.net/198.71.233.168/9b4.729.myftpupload.com/wp-content/uploads/2022/04/Barker_BioPhoto2.jpg,https://barkerforcongress.com/,,,,,,,,,,"PO Box 1153 Claremore, OK 74018",(918) 430-3883,,,,,,,,,,,,,,https://www.facebook.com/guy.barker.7,https://www.facebook.com/barkerforcongress,,,,,,,,,,,,,,,,,
,,,,,,,,Erick P. Wyatt,Erick,P.,Wyatt,,,,Republican Party,OK,,,,,,,,U.S. Representative District 2,,,info@erickwyatt.com,,,,https://d3n8a8pro7vhmx.cloudfront.net/erickwyatt/pages/1/attachments/original/1625156891/thumbnail_IMG_1382.jpg?1625156891,https://www.erickwyatt.com/,,,,,,,,,,"P.O. Box 1073 Kingston, OK 73439",(580) 565-0045,,,,,,,,, https://www.twitter.com/erickwyatt7,,,https://www.instagram.com/erickpwyatt/,,https://www.facebook.com/profile.php?id=100073235902862,https://www.facebook.com/ErickWyattForUSHouse,,,,,,,,,,,,,,,,,
,,,,,,,,Dustin Roberts,Dustin,,Roberts,,,,Republican Party,OK,,,,,,,,U.S. Representative District 2,,,dustin@dustinrobertsforcongress.com,,,,https://www.okhouse.gov/members/Pictures/Dustin-Robertsx175.jpg,https://dustinrobertsforcongress.com/,,,,,,,,,,"PO Box 449 Durant, OK 74702",,,,,,,,,,,,,,,https://www.facebook.com/dustin.roberts.5,https://www.facebook.com/dustinrobertsforcongress,,,,,,,,,,,,,,,,,
,,,,,,,,David Derby,David,,Derby,,,,Republican Party,OK,,,,,,,,U.S. Representative District 2,,,david@derbyforcongress.com,,,,,https://www.derbyforcongress.com/,,,,,,,,,,"500 South Lynn Riggs Blvd, Suite 261, Claremore, OK 74017",(539) 777-2007,,,,,,,,,,,,,,https://www.facebook.com/profile.php?id=100079491728535,https://www.facebook.com/derbyforcongress,,,,,,,,,,,,,,,,,
,,,,,,,,Clint Johnson,Clint,,Johnson,,,,Republican Party,OK,,,,,,,,U.S. Representative District 2,,,cjoh262@aol.com,,,,,https://www.clintjohnsonforcongress.com/,,,,,,,,,,,(918) 316-4043,,,,,,,,,,,,,,https://www.facebook.com/clint.johnson.963,https://www.facebook.com/ClintJohnsonforCongressD2/,,,,,,,,,,,,,,,,,
,,,,,,,,Chris Schiller,Chris,,Schiller,,,,Republican Party,OK,,,,,,,,U.S. Representative District 2,,,info@schillerforcongress.com,,,,https://schillerforcongress.com/wp-content/uploads/2022/03/Schiller-solo-pharmacy.jpg,https://schillerforcongress.com/,,,,,,,,,,,,,,,,,,,, https://www.twitter.com/schillerforok,,,,,https://www.facebook.com/chris.schiller.372,https://www.facebook.com/SchillerforCongress,,,,,,,,,,,,,,,,,
,,,,,,,,Avery Frix,Avery,,Frix,,,,Republican Party,OK,,,,,,,,U.S. Representative District 2,,,avery@averyfrix.com,,,,https://averyfrix.com/wp-content/uploads/2022/04/AveryFrix_MET_2022_04_08-0673-1-scaled.jpg,https://averyfrix.com/,,,,,,,,,,"P.O. Box 1149 Muskogee, OK 74402",(918) 680-1218,,,,,,, https://www.twitter.com/averyfrix,,,,https://www.instagram.com/averyfrix/,,https://www.facebook.com/averyfrix,https://www.facebook.com/averyfrix,https://www.facebook.com/voteaveryfrix,,,,,,,,,,,,,,,,,
,,,,,,,,Wade Burleson,Wade,,Burleson,,,,Republican Party,OK,,,,,,,,U.S. Representative District 3,,,info@burlesonforcongress.com,,,,https://burlesonforcongress.com/wp-content/uploads/2022/01/Wade_Burleson_01-800x728.jpg,https://burlesonforcongress.com/,,,,,,,,,,"PO Box 1147, Enid, OK 73702",(580) 952-4611,,,,,,,, https://www.twitter.com/wade_burleson, https://www.twitter.com/Burleson4USRep,,,https://www.instagram.com/burlesonforcongress/,,https://www.facebook.com/wade.burleson.9,https://www.facebook.com/BurlesonforCongress/,,,,,,,,,,,,,,,,,
,,,,,,,,Stephen Butler,Stephen,,Butler,,,,Republican Party,OK,,,,,,,,U.S. Representative District 3,,,,,,,,,,,,,,,,,,,,,,,,,,,,,,,,,,,,,,,,,,,,,,,,,,,
,,,,,,,,Frank D. Lucas,Frank,D.,Lucas,,,,Republican Party,OK,,,,,,,,U.S. Representative District 3,,,frank@frankdlucas.com,,,,https://upload.wikimedia.org/wikipedia/commons/0/0d/Rep._Frank_Lucas_Official_Photo.png,https://frankdlucas.com/,,,,,,,,,,"P.O. Box 1726 Oklahoma City, OK 73101-1726",(405) 509-3505,,,,,,, https://www.twitter.com/RepFrankLucas,, https://www.twitter.com/FrankDLucas,https://www.instagram.com/repfranklucas/,,,https://www.facebook.com/RepFrankLucas,,https://www.facebook.com/FrankLucasOK03/,,,,,,,,,,,,,,,,,
,,,,,,,,Tom Cole,Tom,,Cole,,,,Republican Party,OK,,,,,,,,U.S. Representative District 4,,,info@tomcoleforcongress.com,,,,https://tomcoleforcongress.com/wp-content/uploads/2021/06/tom-cole-cutout.png,https://tomcoleforcongress.com/,,,,,,,,,,"P.O. Box 722256 Norman, OK 73070",(405) 237-8072,,,,,,, https://www.twitter.com/TomColeOK04,,,https://www.instagram.com/tomcoleok04/,,,https://www.facebook.com/TomColeOK04,,https://www.facebook.com/TomColeForCongress,,,,,,,,,,,,,,,,,
,,,,,,,,James Taylor,James,,Taylor,,,,Republican Party,OK,,,,,,,,U.S. Representative District 4,,,JamesTaylorforOklahoma@gmail.com,,,,"https://static.wixstatic.com/media/0e2e25_622cf7e44f774562be9b137a6b01665e~mv2.png/v1/crop/x_77,y_57,w_1846,h_2177/fill/w_908,h_1070,al_c,q_90,usm_0.66_1.00_0.01,enc_auto/IMG_0599-Edit_edited.png",https://www.taylor4ok.com/,,,,,,,,,,"P.O. Box 5785, Norman, OK 73071",(405) 928-3060,,,,,,,,,,,,,,https://www.facebook.com/profile.php?id=100001396042452,https://www.facebook.com/JamesTaylorForCongress,,,,,,,,,,,,,,,,,
,,,,,,,,Frank W. Blacke,Frank,W.,Blacke,,,,Republican Party,OK,,,,,,,,U.S. Representative District 4,,,,,,,,,,,,,,,,,,,,,,,,,,,,,,,,,,,,,,,,,,,,,,,,,,,
,,,,,,,,Subrina Banks,Subrina,,Banks,,,,Republican Party,OK,,,,,,,,U.S. Representative District 5,,,info@subrina45congress.us,,,,"https://static.wixstatic.com/media/3c60df_31d5b71f0c184402b8646aa27a142f99~mv2.png/v1/fill/w_954,h_1274,al_c,q_90,usm_0.66_1.00_0.01,enc_auto/IMG_9284_heif.png",https://www.subrina45congress.us/,,,,,,,,,,"5207 N Beverly Dr Oklahoma City, OK 73105",(405) 237-5837,,,,,,,,, https://www.twitter.com/subrinaBanks,,https://www.instagram.com/subrinastevensbanks/,,,https://www.facebook.com/subrina.stevensbanks,https://www.facebook.com/SubrinaBanks45Congress,,,,,,,,,,,,,,,,,
,,,,,,,,Stephanie Bice,Stephanie,,Bice,,,,Republican Party,OK,,,,,,,,U.S. Representative District 5,,,contact@biceforcongress.com,,,,http://www.biceforcongress.com/wp-content/uploads/2020/07/DSC_8980-scaled.jpg,https://www.biceforcongress.com/,,,,,,,,,,,,,,,,,, https://www.twitter.com/repbice,, https://www.twitter.com/stephaniebice,https://www.instagram.com/repstephaniebice/,,https://www.instagram.com/stephaniebice/,https://www.facebook.com/RepStephanieBice,,https://www.facebook.com/BiceForCongress,,,,,,,,,,,,,,,,,
,,,,,,,,Wes Nofire,Wes,,Nofire,,,,Republican Party,OK,,,,,,,,U.S. Representative District 2,,,wes@wesnofire.com,,,,"https://static.wixstatic.com/media/f1f223_ddda683f1fc847fe9a23f6ecda4d9b22~mv2.png/v1/fill/w_2850,h_1358,al_t,q_95,usm_0.66_1.00_0.01,enc_auto/f1f223_ddda683f1fc847fe9a23f6ecda4d9b22~mv2.png",https://www.wesnofire.com/,,,,,,,,,,,,,,,,,,, https://www.twitter.com/Nofireboxing, https://www.twitter.com/Nofireboxing,,https://www.instagram.com/wes.nofire/,https://www.instagram.com/wes.nofire/,,https://www.facebook.com/wes.nofire.9,https://www.facebook.com/wes.nofire,,,,,,,,,,,,,,,,,
,,,,,,,,Rhonda Hopkins,Rhonda,,Hopkins,,,,Republican Party,OK,,,,,,,,U.S. Representative District 2,,,ronsharvey@yahoo.com,,,,,,,,,,,,,,,,(918) 506-7831,,,,,,,,,,,,,,https://www.facebook.com/rhonda.hopkins.351,https://www.facebook.com/Cherokeecountyok,,,,,,,,,,,,,,,,,
,,,,,,,,Adam Holley,Adam,,Holley,,,,Republican Party,OK,,,,,,,,U.S. Senator (Unexpired),,,info@AdamForOklahoma.com,,,,https://adamforoklahoma.com/wp-content/uploads/2022/04/Adam-4_55.png,https://adamforoklahoma.com/,,,,,,,,,,"PO BOX 33023, Tulsa OK 74153",,,,,,,,,, https://www.twitter.com/adamforoklahoma,,,https://www.instagram.com/adamforoklahoma/,,https://www.facebook.com/profile.php?id=100070960605957,https://www.facebook.com/profile.php?id=100070960605957,,,,,,,,,,,,,,,,,
,,,,,,,,T.W. Shannon,T.W.,,Shannon,,,,Republican Party,OK,,,,,,,,U.S. Senator (Unexpired),,,,,,,https://upload.wikimedia.org/wikipedia/commons/thumb/8/88/Speaker_Shannon.jpg/440px-Speaker_Shannon.jpg,https://tw4ok.com/,,,,,,,,,,,,,,,,,,, https://www.twitter.com/TWShannon, https://www.twitter.com/TWShannon,,https://www.instagram.com/twshannon/,https://www.instagram.com/twshannon/,,,https://www.facebook.com/twshannon,,,,,,,,,,,,,,,,,
,,,,,,,,Scott Pruitt,Scott,,Pruitt,,,,Republican Party,OK,,,,,,,,U.S. Senator (Unexpired),,,,,,,https://upload.wikimedia.org/wikipedia/commons/thumb/6/62/Scott_Pruitt_official_portrait.jpg/440px-Scott_Pruitt_official_portrait.jpg,,,,,,,,,,,,,,,,,,,,,,,,,,,,,,,,,,,,,,,,,,,,
,,,,,,,,Randy J. Grellner,Randy,J.,Grellner,,,,Republican Party,OK,,,,,,,,U.S. Senator (Unexpired),,,info@drgrellnerussenate.com,,,,https://uploads-ssl.webflow.com/62635f4561ecaec12ee7dd37/627421d03dbe1ba5b2af14a9_Frame%202%20(3).png,https://www.drgrellnerussenate.com/,,,,,,,,,,,,,,,,,,,,,,,,,,https://www.facebook.com/profile.php?id=100080620103373,,,,,,,,,,,,,,,,,
,,,,,,,,Paul Royse,Paul,,Royse,,,,Republican Party,OK,,,,,,,,U.S. Senator (Unexpired),,,paulroyse@yahoo.com,,,,,https://paulroyse.com/,,,,,,,,,,,(918) 928-7987,,,,,,,,,,,,,,https://www.facebook.com/paul.royse.16,https://www.facebook.com/paulroysetulsa,,,,,,,,,,,,,,,,,
,,,,,,,,Nathan Dahm,Nathan,,Dahm,,,,Republican Party,OK,,,,,,,,U.S. Senator (Unexpired),,,contact@DahmForSenate.com,,,,,https://www.dahmforsenate.com/,,,,,,,,,,,(918) 615-2335,,,,,,,, https://www.twitter.com/NathanDahm, https://www.twitter.com/NathanDahm,,https://www.instagram.com/nathandahm/,https://www.instagram.com/nathandahm/,,https://www.facebook.com/dahm.nathan,https://www.facebook.com/NathanDahm,,,,,,,,,,,,,,,,,
,,,,,,,,Madison Horn,Madison,,Horn,,,,Democratic Party,OK,,,,,,,,U.S. Senator,,,info@madisonhorn.com,,,,https://images.squarespace-cdn.com/content/v1/60c2b3f42ec40710bb50301c/d228dde8-feaa-4e53-8600-fc2b0cb4789e/Hero+image+-3.jpg?format=1500w,https://www.madisonhorn.com/,,,,,,,,,,"PO Box 2601 Oklahoma City, OK 73101",(405) 456-9460,,,,,,,,, https://www.twitter.com/madisonhornok,,,https://www.instagram.com/madisonhorn.ok/,,https://www.facebook.com/profile.php?id=100073247787161,https://www.facebook.com/madisonhorn.ok,,,,,,,,,,,,,,,,,
,,,,,,,,Jo Glenn,Jo,,Glenn,,,,Democratic Party,OK,,,,,,,,U.S. Senator,,,info@joglennforsenate.com,,,,"https://static.wixstatic.com/media/a07cfb_db7d9e0bf7054c0680436d9b913fd0d3~mv2.jpg/v1/fill/w_1200,h_800,al_c,q_85,usm_0.66_1.00_0.01,enc_auto/SMK04843.jpg",https://www.joglennforsenate.com/,,,,,,,,,,"PO Box 52122 Tulsa, OK 74152",,,,,,,,,, https://www.twitter.com/glennforsenate,,,,,https://www.facebook.com/profile.php?id=100009393158267,https://www.facebook.com/glennforsenate,,,,,,,,,,,,,,,,,
,,,,,,,,Michael Coibion,Michael,,Coibion,,,,Republican Party,OK,,,,,,,,U.S. Senator (Unexpired),,,,,,,,,,,,,,,,,,,,,,,,,,,,,,,,,,,,,,,,,,,,,,,,,,,
,,,,,,,,Jason Bollinger,Jason,,Bollinger,,,,Democratic Party,OK,,,,,,,,U.S. Senator,,,campaign@jasonforoklahoma.com,,,,https://jasonforoklahoma.com/wp-content/uploads/2021/11/IMG_0598-1536x2048.jpeg,https://jasonforoklahoma.com/,,,,,,,,,,"PO Box 57047 Oklahoma City, OK 73157",(405) 849-6716,,,,,,,,, https://www.twitter.com/jason_bollinger,,https://www.instagram.com/jasonforok/,https://www.instagram.com/jasonforok/,,https://www.facebook.com/jasoncbollinger,https://www.facebook.com/jasonforok,,,,,,,,,,,,,,,,,
,,,,,,,,Dennis L. Baker,Dennis,L.,Baker,,,,Democratic Party,OK,,,,,,,,U.S. Senator,,,Dennis@DennisLBaker.com,,,,"https://img1.wsimg.com/isteam/ip/8dd053ae-1a7e-4db6-a735-a9d623ea1b36/Baker%20Campaign%20Photo%201.png/:/cr=t:2.08%25,l:1.75%25,w:95.66%25,h:95.66%25/rs=w:799,cg:true,m",https://dennislbaker.com/,,,,,,,,,,,(918) 261-1814,,,,,,,,, https://www.twitter.com/DennisLBaker,,,,,,https://www.facebook.com/DennisLBakerUSSenate/,,,,,,,,,,,,,,,,,
,,,,,,,,Brandon Wade,Brandon,,Wade,,,,Democratic Party,OK,,,,,,,,U.S. Senator,,,brandonwadeussenate22@yahoo.com,,,,"https://static.wixstatic.com/media/d8b533_7b788b3945724c15aacab35f2d2d1200~mv2.jpeg/v1/fill/w_750,h_479,al_c,q_80,enc_auto/Untitled.jpeg",https://www.brandonwadeussenate22.com/,,,,,,,,,,,(918) 977-0875,,,,,,,,, https://www.twitter.com/Wade4SenateOk22,,,,,https://www.facebook.com/profile.php?id=100080459469097,https://www.facebook.com/profile.php?id=100080459469097,,,,,,,,,,,,,,,,,
,,,,,,,,Markwayne Mullin,Markwayne,,Mullin,,,,Republican Party,OK,,,,,,,,U.S. Senator (Unexpired),,,info@mullinforamerica.com,,,,https://mullin.house.gov/images/mullin-2022.png,https://mullinforamerica.com/,,,,,,,,,,"P.O. Box 1149 Muskogee, OK 74402",(918) 441-4784,,,,,,, https://www.twitter.com/RepMullin, https://www.twitter.com/markwaynemullin, https://www.twitter.com/markwaynemullin,,https://www.instagram.com/markwaynemullin/,,https://www.facebook.com/RepMullin,,https://www.facebook.com/mullinforamerica,,,,,,,,,,,,,,,,,
,,,,,,,,Luke Holland,Luke,,Holland,,,,Republican Party,OK,,,,,,,,U.S. Senator (Unexpired),,,Davis@LukeHolland.com,,,,"https://static.wixstatic.com/media/f7fa18_ad27d0e85c5240a0b4b3ed14540045df~mv2.png/v1/crop/x_0,y_54,w_3000,h_2004/fill/w_1904,h_1272,al_c,q_95,usm_0.66_1.00_0.01,enc_auto/Asset%201_2x-8_edited_edited.png",https://www.lukeholland.com/,,,,,,,,,,,,,,,,,,,, https://www.twitter.com/LukeHollandOK,,,,,https://www.facebook.com/luke2k,https://www.facebook.com/LukeHollandOK,,,,,,,,,,,,,,,,,
,,,,,,,,Laura Moreno,Laura,,Moreno,,,,Republican Party,OK,,,,,,,,U.S. Senator (Unexpired),,,,,,,,,,,,,,,,,,,,,,,,,,,,,,,,,https://www.facebook.com/laura.a.moreno.56,https://www.facebook.com/profile.php?id=100080772663672,,,,,,,,,,,,,,,,,
,,,,,,,,John F. Tompkins,John,F.,Tompkins,,,,Republican Party,OK,,,,,,,,U.S. Senator (Unexpired),,,,,,,,,,,,,,,,,,,,,,,,,,,,,,,,,,,,,,,,,,,,,,,,,,,
,,,,,,,,Jessica Jean Garrison,Jessica,Jean,Garrison,,,,Republican Party,OK,,,,,,,,U.S. Senator (Unexpired),,,Jessicajeangarrisonforussenate@gmail.com,,,,,,,,,,,,,,,,(918) 810-9552,,,,,,,,,,,https://www.instagram.com/jessicajeangarrison/,,,https://www.facebook.com/jessica.garrison.963871,https://www.facebook.com/JessicaJeanGarrisonforUSSenate,,,,,,,,,,,,,,,,,
,,,,,,,,Alex Gray,Alex,,Gray,,,,Republican Party,OK,,,,,,,,U.S. Senator (Unexpired),,,,,,,https://alexgrayforsenate.com/wp-content/uploads/2022/03/15.jpg,https://alexgrayforsenate.com/,,,,,,,,,,,,,,,,,,,, https://www.twitter.com/AlexGrayForOK,,,,,,https://www.facebook.com/AlexGrayForSenate/,,,,,,,,,,,,,,,,,
,,,,,,,,Arya Azma,Arya,,Azma,,,,Democratic Party,OK,,,,,,,,U.S. Senator,,,,,,,,,,,,,,,,,,,,,,,,,,,,,,,,,,,,,,,,,,,,,,,,,,,
,,,,,,,,Joan Farr,Joan,,Farr,,,,Republican Party,OK,,,,,,,,U.S. Senator,,,joan@joanfarr.com,,,,,https://joanfarr.com/,,,,,,,,,,"P.O. Box 140284 Broken Arrow, OK 74014",(720) 233-5475,,,,,,,, https://www.twitter.com/JoanEFarr, https://www.twitter.com/FarrforUs,,,https://www.instagram.com/joanfarr73/,,https://www.facebook.com/JoanFarr73,https://www.facebook.com/JoanFarrforUSSenate,,,,,,,,,,,,,,,,,
,,,,,,,,James Lankford,James,,Lankford,,,,Republican Party,OK,,,,,,,,U.S. Senator,,,office@jameslankford.com,,,,https://upload.wikimedia.org/wikipedia/commons/thumb/4/4c/James_Lankford_official_Senate_photo.jpg/440px-James_Lankford_official_Senate_photo.jpg,https://jameslankford.com/,,,,,,,,,,"PO Box 1639 Bethany, OK 73008",(405) 509-1182,,,,,,, https://www.twitter.com/SenatorLankford,, https://www.twitter.com/jameslankford,https://www.instagram.com/senatorlankford/,,https://www.instagram.com/jameslankford/,https://www.facebook.com/SenatorLankford,https://www.facebook.com/Lankford5,https://www.facebook.com/lankford.for.america,,,,,,,,,,,,,,,,,
,,,,,,,,Jackson Lahmeyer,Jackson,,Lahmeyer,,,,Republican Party,OK,,,,,,,,U.S. Senator,,,jackson@jacksonlahmeyer.com,,,,"https://static.wixstatic.com/media/012a28_a49456fcc2e6416887affd40ee600bc2~mv2.png/v1/crop/x_457,y_218,w_1167,h_1782/fill/w_1076,h_1638,al_c,q_90,usm_0.66_1.00_0.01,enc_auto/Untitled%20design%20(8).png",https://www.jacksonlahmeyer.com/,,,,,,,,,,"3939 S. Harvard Ave, Ste 140 Tulsa, OK 74135",(918) 838-9996,,,,,,,, https://www.twitter.com/JacksonLahmeyer, https://www.twitter.com/JacksonLahmeyer,,https://www.instagram.com/jacksonlahmeyer/,https://www.instagram.com/jacksonlahmeyer/,,https://www.facebook.com/JacksonRhodesLahmeyer,https://www.facebook.com/jacksonrlahmeyer,,,,,,,,,,,,,,,,,
