name,name_first,name_middle,name_last,nickname,name_prefix,name_suffix,image,party,office,title,state,status,district,ethnicity,race,gender,date_of_birth,date_of_death,education,occupation,bio,email_official,email_other,email_campaign,website_official,website_personal,website_campaign,twitter_official,twitter_personal,twitter_campaign,youtube_official,youtube_personal,youtube_campaign,instagram_official,instagram_personal,instagram_campaign,facebook_official,facebook_personal,facebook_campaign,linkedin,rumble,gab,rss,address_campaign,address_capitol,address_district,phone_campaign,phone_capitol,phone_district,fax_capitol,fax_district,contact_form_url,date_assumed_office,appointed_by,appointed_date,confirmed_date,term_end_date,congress_year,thomas ID,lis_id,cspan_id,govtrack_id,votesmart_id,ballotpedia_id,washington_post_id,icpsr_id,wikipedia_id,google_entity_id,Ballotpedia URL,propublica URL,ballotpedia Office ID,govpackpub_id,govpack_id,fec_id,usio_id,opensecrets_id,district_ocd_id,openstates_id,committee_id
Mike Flood,Mike,,Flood,,,,https://ewscripps.brightspotcdn.com/dims4/default/02db1da/2147483647/strip/true/crop/1500x844+0+0/resize/1280x720!/quality/90/?url=http%3A%2F%2Fewscripps-brightspot.s3.amazonaws.com%2F31%2F04%2F5d9f4cac4464a7af93e93b55fff2%2Fmike-flood.JPG,Republican Party,U.S. House Nebraska District 1,U.S. Representative,NE,Incumbent,Nebraska Congressional District 1,,,Male,1975-02-23,,,,,,,info@mikefloodfornebraska.com,,,https://mikefloodfornebraska.com/,,,https://www.twitter.com/flood4nebraska,,,,,,,,https://www.facebook.com/mike.flood.5074,https://www.facebook.com/FloodforCongress/,,,,,P.O. Box 81041 Lincoln NE 68501,,,(402) 235-8092,,,,,,,,,,,,,,,456868,,40584,,,https://en.wikipedia.org/wiki/Mike_Flood_(politician),,https://ballotpedia.org/Mike_Flood,https://api.propublica.org/congress/v1/members/F000474.json,12674,,,,,,ocd-division/country:us/state:ne/cd:1,,
Patty Pansing Brooks,Patty,Pansing,Brooks,,,,https://pattyforcongress.com/wp-content/uploads/2021/11/PPB-Landing-1024x683.jpg,Democratic Party,U.S. House Nebraska District 1,U.S. Representative,NE,Challenger,Nebraska Congressional District 1,,,Female,,,,,,ppansingbrooks@leg.ne.gov,,patty@pattyforcongress.com,,,https://pattyforcongress.com/,,,https://www.twitter.com/Patty4Nebraska,,,https://www.youtube.com/channel/UC3sTpKhnNyIsuoHWsDEY6ww,,,https://www.instagram.com/pattypansingbrooks/,,https://www.facebook.com/pattypansingbrooks,https://www.facebook.com/Patty4Nebraska,,,,,P.O. Box 82447 Lincoln NE 68501,,,(402) 613-9419,,,,,,,,,,,,,,,,,43412,,,https://en.wikipedia.org/wiki/Patty_Pansing_Brooks,,https://ballotpedia.org/Patty_Pansing_Brooks,,12674,,,,,,ocd-division/country:us/state:ne/cd:1,ocd-person/b66d58c3-9efe-43f5-a3d8-42a8d2058dc3,
Don Bacon,Don,,Bacon,,,,https://upload.wikimedia.org/wikipedia/commons/8/88/Don_Bacon_117th_Congress.jpg,Republican Party,U.S. House Nebraska District 2,U.S. Representative,NE,Incumbent,Nebraska Congressional District 2,,,Male,1963-08-16,,,,,,,Info@donjbacon.com,https://bacon.house.gov,,https://donjbacon.com/,https://www.twitter.com/repdonbacon,https://www.twitter.com/DonJBacon,,https://www.youtube.com/c/RepDonBacon,,,https://www.instagram.com/repdonbacon/,,https://www.instagram.com/donjbacon/,https://www.facebook.com/RepDonBacon,https://www.facebook.com/don.bacon.39,https://www.facebook.com/DonJBacon,,,,,"PO Box 391368 Omaha, NE 68139",1024 Longworth House Office Building,,(402) 506-5646,202-225-4155,,,,,,,,,,,,,103442,412713,166299,14814,,21701,https://en.wikipedia.org/wiki/Don_Bacon,/m/01311t71,https://ballotpedia.org/Don_Bacon,https://api.propublica.org/congress/v1/members/B001298.json,1276,,,H6NE02125,,,ocd-division/country:us/state:ne/cd:2,,
Tony Vargas,Tony,,Vargas,,,,https://npr.brightspotcdn.com/dims4/default/d787676/2147483647/strip/true/crop/720x574+0+0/resize/880x702!/quality/90/?url=http%3A%2F%2Fnpr-brightspot.s3.amazonaws.com%2Flegacy%2Fsites%2Fkios%2Ffiles%2F202111%2Ftony_vargas.png,Democratic Party,U.S. House Nebraska District 2,U.S. Representative,NE,Challenger,Nebraska Congressional District 2,,,Male,,,,,,tvargas@leg.ne.gov,,info@vargasfornebraska.com,,,https://www.vargasfornebraska.com/,https://www.twitter.com/TonyVargas,,,,,,https://www.instagram.com/tonyvargasne/,,https://www.instagram.com/tonyvargasne/,https://www.facebook.com/TonyVargasNE,https://www.facebook.com/thetonyvargas,https://www.facebook.com/vargasfornebraska/,,,,,P.O. Box 746 Boys Town NE 68010,,,(402) 819-8669,,,,,,,,,,,,,,,,,56389,,,https://en.wikipedia.org/wiki/Tony_Vargas,,https://ballotpedia.org/Tony_Vargas,,1276,,,,,,ocd-division/country:us/state:ne/cd:2,ocd-person/f004a111-7ea8-4a83-8f45-3e350e699a39,
Adrian Smith,Adrian,,Smith,,,,https://www.congress.gov/img/member/s001172_200.jpg,Republican Party,U.S. House Nebraska District 3,U.S. Representative,NE,Incumbent,Nebraska Congressional District 3,,,Male,1970-12-19,,,,,,,committee@joinadrian.com,https://adriansmith.house.gov,,http://www.joinadrian.com/,https://www.twitter.com/RepAdrianSmith,,,https://www.youtube.com/c/RepAdrianSmith,,,https://www.instagram.com/repadriansmith/,,,https://www.facebook.com/RepAdrianSmith/,,https://www.facebook.com/AdrianSmithNE/,,,,https://adriansmith.house.gov/rss.xml,"1126 Avenue A #6 Scottsbluff, NE 69361",502 Cannon House Office Building,,(308) 220-3211,202-225-6435,,,,,,,,,,,,,1022845,412217,21284,413,,20729,https://en.wikipedia.org/wiki/Adrian_Smith_(politician),/m/0c505n,https://ballotpedia.org/Adrian_Smith_(Nebraska),https://api.propublica.org/congress/v1/members/S001172.json,9256,,,H6NE03115,,,ocd-division/country:us/state:ne/cd:3,,
Mark Elworth Jr.,Mark,,Elworth,,,Jr.,https://bloximages.newyork1.vip.townnews.com/omaha.com/content/tncms/assets/v3/editorial/4/be/4bee59e6-9117-5a8c-a384-d8021a1c7753/5eed2655049f6.image.jpg?resize=1200%2C1601,Legal Marijuana Now Party,U.S. House Nebraska District 3,U.S. Representative,NE,Challenger,Nebraska Congressional District 3,,,Male,,,,,,,,markelworthjr@aol.com,,,,,https://www.twitter.com/markelworthjr,,,,,,,,,https://www.facebook.com/markelworthjr,https://www.facebook.com/markjr4gov,,,,,,,,(402) 812-1600,,,,,,,,,,,,,,,,,296612,,,,,https://ballotpedia.org/Mark_Elworth,,9256,,,,,,ocd-division/country:us/state:ne/cd:3,,
David Else,David,J.,Else,,,,,Democratic Party,U.S. House Nebraska District 3,U.S. Representative,NE,Challenger,Nebraska Congressional District 3,,,Male,,,,,,,,elseforcongress@gmail.com,,,,,,,,,,,,,,https://www.facebook.com/david.else.1,https://www.facebook.com/DaveElseforCongress/,,,,,,,,(308) 320-0954,,,,,,,,,,,,,,,,,324070,,,,,https://ballotpedia.org/David_Else_(Nebraska),,9256,,,,,,ocd-division/country:us/state:ne/cd:3,,
Mike Hilgers,Mike,,Hilgers,,,,http://www.nebraskalegislature.gov/media/images/blogs/dist21.jpg,Republican Party,Attorney General of Nebraska,Nebraska Attorney General,NE,Challenger,Nebraska Statewide,,,Male,,,,,,mhilgers@leg.ne.gov,,,,,https://www.mikehilgers.com/,,https://www.twitter.com/mikehilgers,https://www.twitter.com/mikehilgers,,,https://www.youtube.com/channel/UCndamOkFEcc92rPTQD5NxtA,,,,,https://www.facebook.com/hilgersmike,https://www.facebook.com/mikehilgers,,,,,,,,(402) 916-0892,,,,,,,,,,,,,,,,,40655,,,https://en.wikipedia.org/wiki/Mike_Hilgers,,https://ballotpedia.org/Mike_Hilgers,,20156,,,,,,ocd-division/country:us/state:ne,ocd-person/3eafc2ab-5448-40ac-9d5f-b317abdbc747,
Larry Bolinger,Larry,,Bolinger,,,,,Legal Marijuana Now Party,Attorney General of Nebraska,Nebraska Attorney General,NE,Challenger,Nebraska Statewide,,,Male,,,,,,,,lb@larrybolinger.com,,,http://larrybolinger.com/index.html,,https://www.twitter.com/bolinger_larry,https://www.twitter.com/bolinger_larry,,,,,,,,https://www.facebook.com/profile.php?id=100004856177770,,,,,,,,,,,,,,,,,,,,,,,,,,296353,,,,,https://ballotpedia.org/Larry_Bolinger,,20156,,,,,,ocd-division/country:us/state:ne,,
Carol Blood,Carol,,Blood,,,,https://pbs.twimg.com/profile_images/660141284812689408/fJpEsBIi_400x400.jpg,Democratic Party,Governor of Nebraska,Nebraska Governor,NE,Challenger,Nebraska Statewide,,,Female,,,,,,cblood@leg.ne.gov,,carol@votecarolblood.com,,,https://www.electcarolblood.com/,https://www.twitter.com/senatorblood,,https://www.twitter.com/Blood4G,,,https://www.youtube.com/channel/UCOzMH5UZA8oroKpTM0TFngw,https://www.instagram.com/senatorblood/,,https://www.instagram.com/blood4governor/,https://www.facebook.com/senatorcarolblood,https://www.facebook.com/carol.blood,https://www.facebook.com/Blood4Governor,,,,,,,,(402) 517-1446,,,,,,,,,,,,,,,,,7232,,,https://en.wikipedia.org/wiki/Carol_Blood,,https://ballotpedia.org/Carol_Blood,,8244,,,,,,ocd-division/country:us/state:ne,ocd-person/adde7784-4e40-4bd5-892d-f45189ad8962,
Scott Zimmerman,Scott,,Zimmerman,,,,,Libertarian Party,Governor of Nebraska,,NE,Challenger,Nebraska Statewide,,,Male,,,,,,,,,,,,,,,,,,,,,,,,,,,,,,,,,,,,,,,,,,,,,,,,50726,,,,,https://ballotpedia.org/Scott_Zimmerman,,8244,,,,,,ocd-division/country:us/state:ne,,
Jim Pillen,Jim,,Pillen,,,,https://www.unomaha.edu/news/2020/02/img/jim-pillen.jpg,Republican Party,Governor of Nebraska,Nebraska Governor,NE,Challenger,Nebraska Statewide,,,Male,,,,,,,,info@jimpillen.com,,,https://www.jimpillen.com/,,,https://www.twitter.com/jim_pillen,,,https://www.youtube.com/channel/UCIzKXspR05a-D5QwX75C8Fw,,,,,,https://www.facebook.com/JimPillenforGovernor,,,,,"PO Box 6145 Lincoln, NE 68506",,,(402) 937-0308,,,,,,,,,,,,,,,,,296015,,,,,https://ballotpedia.org/Jim_Pillen,,8244,,,,,,ocd-division/country:us/state:ne,,
Al Davis,Al,,Davis,,,,,Democratic Party,Lieutenant Governor of Nebraska,,NE,Challenger,Nebraska Statewide,,,,,,,,,,,,,,,,,,,,,,,,,,,,,,,,,,,,,,,,,,,,,,,,,,,491,,,,,https://ballotpedia.org/Al_Davis_(Nebraska),,403,,,,,,ocd-division/country:us/state:ne,,
Joe Kelly,Joe,,Kelly,,,,,Republican Party,Lieutenant Governor of Nebraska,,NE,Challenger,Nebraska Statewide,,,,,,,,,,,,,,,,,,,,,,,,,,,,,,,,,,,,,,,,,,,,,,,,,,,291356,,,,,https://ballotpedia.org/Joe_Kelly_(Nebraska),,403,,,,,,ocd-division/country:us/state:ne,,
Jason Blumenthal,Jason,,Blumenthal,,,,,Libertarian Party,Lieutenant Governor of Nebraska,,NE,Challenger,Nebraska Statewide,,,,,,,,,,,,,,,,,,,,,,,,,,,,,,,,,,,,,,,,,,,,,,,,,,,375944,,,,,https://ballotpedia.org/Jason_Blumenthal,,403,,,,,,ocd-division/country:us/state:ne,,
Mike Foley,Mike,,Foley,,,,https://ltgov.nebraska.gov/sites/ltgov.nebraska.gov/files/foley-headshot.jpg,Republican Party,Nebraska Auditor of Public Accounts,Nebraska State Auditor of Public Accounts,NE,Challenger,Nebraska Statewide,,,Male,,,,,,,,mikefoley100@gmail.com,,,,,,,,,,,,,,https://www.facebook.com/AuditorMikeFoley,,,,,,,,,,,,,,,,,,,,,,,,,,40586,,,https://en.wikipedia.org/wiki/Mike_Foley_(Nebraska_politician),,https://ballotpedia.org/Mike_Foley,,11052,,,,,,ocd-division/country:us/state:ne,,
Gene Siadek,Gene,,Siadek,,,,,Libertarian Party,Nebraska Auditor of Public Accounts,Nebraska State Auditor of Public Accounts,NE,Challenger,Nebraska Statewide,,,Male,,,,,,,,siadekforauditor@gmail.com,,,,,,,,,,,,,,https://www.facebook.com/gene.siadek,https://www.facebook.com/SiadekforSenate,,,,,,,,,,,,,,,,,,,,,,,,,325102,,,,,https://ballotpedia.org/Gene_Siadek,,11052,,,,,,ocd-division/country:us/state:ne,,
L. Leroy Lopez,L.,Leroy,Lopez,,,,,Legal Marijuana Now Party,Nebraska Auditor of Public Accounts,Nebraska State Auditor of Public Accounts,NE,Challenger,Nebraska Statewide,,,,,,,,,,,leroylopez2022@yahoo.com,,,,,,,,,,,,,,https://www.facebook.com/snookpimp,,,,,,,,,,,,,,,,,,,,,,,,,,349186,,,,,https://ballotpedia.org/L._Leroy_Lopez,,11052,,,,,,ocd-division/country:us/state:ne,,
Eric Kamler,Eric,,Kamler,,,,,Republican Party,Nebraska Public Service Commission District 4,Nebraska Public Service Commissioner,NE,Challenger,Nebraska Public Service Commission District 4,,,,,,,,,,,kamler.eric@gmail.com,,,https://www.kamler4psc.com/,https://www.twitter.com/erickamler,,https://www.twitter.com/erickamler,,,,,,,,https://www.facebook.com/ekamler,https://www.facebook.com/kamler4PSC/,,,,,P.O. Box 89 Geneva NE 68361,,,(402) 759-2665,,,,,,,,,,,,,,,,,348555,,,,,https://ballotpedia.org/Eric_Kamler,,22299,,,,,,ocd-division/country:us/state:ne/public_service_commission:4,,
Kevin Stocker,Kevin,,Stocker,,,,,Republican Party,Nebraska Public Service Commission District 5,Nebraska Public Service Commissioner,NE,Challenger,Nebraska Public Service Commission District 5,,,,,,,,,,,committee@kevinstocker.com,,,https://www.kevinstocker.com/,,,,,,,,,,,,https://www.facebook.com/Kevin-Stocker-for-Nebraska-Public-Service-Commission-106024328646466/,,,,,P.O. Box 1432 Scottsbluff NE 69363,,,(308) 631-8884,,,,,,,,,,,,,,,,,348556,,,,,https://ballotpedia.org/Kevin_Stocker_(Nebraska),,3809,,,,,,ocd-division/country:us/state:ne/public_service_commission:5,,
Bob Evnen,Bob,,Evnen,,,,,Republican Party,Nebraska Secretary of State,Nebraska Secretary of State,NE,Incumbent,Nebraska Statewide,,,Male,,,,,,,,,,,,https://www.twitter.com/NEvnen,,,,,,,,,https://www.facebook.com/Nebraska-Secretary-of-State-368792313908501/,https://www.facebook.com/bob.evnen,https://www.facebook.com/bobevnenfornebraska,,,,,,,,,,,,,,,,,,,,,,,,,298480,,,https://en.wikipedia.org/wiki/Bob_Evnen,,https://ballotpedia.org/Bob_Evnen,,7146,,,,,,ocd-division/country:us/state:ne,,
Kirk Penner,Kirk,,Penner,,,,,Nonpartisan,Nebraska State Board of Education District 5,Nebraska School Board Member,NE,Incumbent,Nebraska State Board of Education District 5,,,Male,,,,,,,,kirk@kirkpenner.com,,,https://kirkpenner.com/,,https://www.twitter.com/KirkPenner,,,,,,,,,https://www.facebook.com/kirk.penner,https://www.facebook.com/PennerSBOE/,,,,,,,,(402) 694-5295,,,,,,,,,,,,,,,,,290976,,,,,https://ballotpedia.org/Kirk_Penner,,32182,,,,,,ocd-division/country:us/state:ne/board_of_education:5,,
Helen Raikes,Helen,,Raikes,,,,,Nonpartisan,Nebraska State Board of Education District 5,Nebraska School Board Member,NE,Challenger,Nebraska State Board of Education District 5,,,Female,,,,,,,,info@helenraikes.com,,,http://helenraikes.com/,,,https://www.twitter.com/helenraikesne,,,,,,,,https://www.facebook.com/helen.h.raikes,https://www.facebook.com/HelenRaikesBoardofEd,,,,,,,,(402) 202-7212,,,,,,,,,,,,,,,,,325116,,,,,https://ballotpedia.org/Helen_Raikes,,32182,,,,,,ocd-division/country:us/state:ne/board_of_education:5,,
Sherry Jones,Sherry,,Jones,,,,,Nonpartisan,Nebraska State Board of Education District 6,Nebraska School Board Member,NE,Challenger,Nebraska State Board of Education District 6,,,,,,,,,,,sherry4nekids@kdsi.net,,,https://www.sherry4nekids.com/,,,,,,,,,,,https://www.facebook.com/sherry.jones.16503323,https://www.facebook.com/sherry4nekids,,,,,P.O. Box 742 Grand Island NE 68802,,,(308) 258-3184,,,,,,,,,,,,,,,,,348557,,,,,https://ballotpedia.org/Sherry_Jones_(Nebraska),,32183,,,,,,ocd-division/country:us/state:ne/board_of_education:6,,
Danielle Helzer,Danielle,,Helzer,,,,,Nonpartisan,Nebraska State Board of Education District 6,Nebraska School Board Member,NE,Challenger,Nebraska State Board of Education District 6,,,,,,,,,,,info@helzer4education.com,,,https://www.helzer4education.com/,,,https://www.twitter.com/Helzer4Edu,,,,,,https://www.instagram.com/Helzer4Edu/,,https://www.facebook.com/profile.php?id=76802030,https://www.facebook.com/Helzer4Edu/,,,,,P.O. Box 5673 Grand Island NE 68802,,,,,,,,,,,,,,,,,,,,349187,,,,,https://ballotpedia.org/Danielle_Helzer,,32183,,,,,,ocd-division/country:us/state:ne/board_of_education:6,,
Robin Stevens,Robin,,Stevens,,,,https://cdn.education.ne.gov/wp-content/uploads/2019/01/2019Stevens_Robin-600x600.jpg,Nonpartisan,Nebraska State Board of Education District 7,Nebraska School Board Member,NE,Incumbent,Nebraska State Board of Education District 7,,,Male,,,,,,,,,,,,,,,,,,,,,,https://www.facebook.com/stevens.for.state.board.of.ed,,,,,,,,,(402) 615-4095,,,,,,,,,,,,,,,,,296637,,,,,https://ballotpedia.org/Robin_Stevens,,32184,,,,,,ocd-division/country:us/state:ne/board_of_education:7,,
Elizabeth Tegtmeier,Elizabeth,,Tegtmeier,,,,,Nonpartisan,Nebraska State Board of Education District 7,Nebraska School Board Member,NE,Challenger,Nebraska State Board of Education District 7,,,Female,,,,,,,,elizabeth4stateschoolboard@gmail.com,,,https://www.elizabeth4stateschoolboard.com/,,,,,,,,,,,https://www.facebook.com/elizabeth.tegtmeier,https://www.facebook.com/elizabeth4stateschoolboard/,,,,,16887 N. Hwy. 83 North Platte NE 69101,,,(308) 534-4530,,,,,,,,,,,,,,,,,348559,,,,,https://ballotpedia.org/Elizabeth_Tegtmeier,,32184,,,,,,ocd-division/country:us/state:ne/board_of_education:7,,
Deborah Neary,Deborah,,Neary,,,,https://cdn.education.ne.gov/wp-content/uploads/2019/01/2019Neary_Deborah-600x600.jpg,Nonpartisan,Nebraska State Board of Education District 8,Nebraska School Board Member,NE,Incumbent,Nebraska State Board of Education District 8,,,,,,,,,,,contact@debfored.com,,,https://www.debfored.com/,,https://www.twitter.com/educ8nebraska,,,,,,,,https://www.facebook.com/DeborahNeary4StateEducation,https://www.facebook.com/deborah.neary,https://www.facebook.com/DeborahNeary4StateEducation,,,,,,,,(402) 215-9139,,,,,,,,,,,,,,,,,296639,,,,,https://ballotpedia.org/Deborah_Neary,,32185,,,,,,ocd-division/country:us/state:ne/board_of_education:8,,
Marni Hodgen,Marni,,Hodgen,,,,,Nonpartisan,Nebraska State Board of Education District 8,Nebraska School Board Member,NE,Challenger,Nebraska State Board of Education District 8,,,Female,,,,,,,,marni@marni4nekids.com,,,https://www.marni4nekids.com/,,,,,,,,,,,https://www.facebook.com/profile.php?id=100078784080752,https://www.facebook.com/MarniHodgenSBOE/,,,,,"3606 N 156th St, Ste 101 #312 Omaha NE 68116",,,,,,,,,,,,,,,,,,,,349188,,,,,https://ballotpedia.org/Marni_Hodgen,,32185,,,,,,ocd-division/country:us/state:ne/board_of_education:8,,
John Murante,John,,Murante,,,,https://statetreasurer.nebraska.gov/images/johnMurante.jpg,Republican Party,Nebraska Treasurer,Nebraska State Treasurer,NE,Incumbent,Nebraska Statewide,,,Male,,,,,,,,,,,http://www.johnmurante.com/,https://www.twitter.com/netreasurer,,,https://www.youtube.com/channel/UCbzF4Q1aMLUi4SRbs14T3NQ,https://www.youtube.com/channel/UCbzF4Q1aMLUi4SRbs14T3NQ,,,,,https://www.facebook.com/NebraskaTreasurer/,https://www.facebook.com/johnfornebraska,https://www.facebook.com/Senatormurante/,,,,,,,,,,,,,,,,,,,,,,,,,28330,,,https://en.wikipedia.org/wiki/John_Murante,,https://ballotpedia.org/John_Murante,,19996,,,,,,ocd-division/country:us/state:ne,,
Katrina Tomsen,Katrina,,Tomsen,,,,,Libertarian Party,Nebraska Treasurer,Nebraska State Treasurer,NE,Challenger,Nebraska Statewide,,,Female,,,,,,,,,,,,,,,,,,,,,,,,,,,,P.O. Box 6363 Omaha NE 68106,,,,,,,,,,,,,,,,,,,,349185,,,,,https://ballotpedia.org/Katrina_Tomsen,,19996,,,,,,ocd-division/country:us/state:ne,,
Paul Kenney,Paul,,Kenney,,,,,Nonpartisan,University of Nebraska Board of Regents District 6,,NE,Incumbent,University of Nebraska Board of Regents District 6,,,,,,,,,,,,,,,,,,,,,,,,,,,,,,,,,,,,,,,,,,,,,,,,,,,314076,,,,,https://ballotpedia.org/Paul_Kenney,,33672,,,,,,ocd-division/country:us/state:ne/board_of_regents:6,,
Julie Hehnke,Julie,,Hehnke,,,,,Nonpartisan,University of Nebraska Board of Regents District 6,,NE,Challenger,University of Nebraska Board of Regents District 6,,,,,,,,,,,,,,,,,,,,,,,,,,,,,,,,,,,,,,,,,,,,,,,,,,,349189,,,,,https://ballotpedia.org/Julie_Hehnke,,33672,,,,,,ocd-division/country:us/state:ne/board_of_regents:6,,
Matt Williams,Matt,,Williams,,,,http://www.nebraskalegislature.gov/media/images/blogs/dist36.jpg,Nonpartisan,University of Nebraska Board of Regents District 7,,NE,Challenger,University of Nebraska Board of Regents District 7,,,Male,,,,,,mwilliams@leg.ne.gov,,,,,,,,,,,,,,,,,,,,,,,,,,,,,,,,,,,,,,,,,,38381,,,,,https://ballotpedia.org/Matt_Williams_(Nebraska),,33673,,,,,,ocd-division/country:us/state:ne/board_of_regents:7,ocd-person/722ce6e5-9834-4fe8-a64c-439132ee5745,
Kathy Wilmot,Kathy,,Wilmot,,,,,Nonpartisan,University of Nebraska Board of Regents District 7,,NE,Challenger,University of Nebraska Board of Regents District 7,,,,,,,,,,,,,,,,,,,,,,,,,,,,,,,,,,,,,,,,,,,,,,,,,,,349191,,,,,https://ballotpedia.org/Kathy_Wilmot,,33673,,,,,,ocd-division/country:us/state:ne/board_of_regents:7,,
Lou Ann Goding,Lou,Ann,Goding,,,,https://bloximages.newyork1.vip.townnews.com/omaha.com/content/tncms/assets/v3/editorial/0/15/015a20ce-afc2-5476-9200-b4b46f37ba96/5dd8c53b91b4b.image.jpg?resize=1024%2C1280,Nonpartisan,Nebraska State Senate District 10,Nebraska State Senator,NE,Challenger,Nebraska State Senate District 10,,,Female,,,,,,,,louann@louanngoding.com,,,https://louanngoding.com/,,,,,,,,,,,https://www.facebook.com/louann.goding,https://www.facebook.com/GodingForLegislature,,,,,,,,,,,,,,,,,,,,,,,,,35457,,,,,https://ballotpedia.org/Lou_Ann_Goding,,3332,,,,,,ocd-division/country:us/state:ne/sldu:10,,
Wendy DeBoer,Wendy,,DeBoer,,,,https://nebraskalegislature.gov/media/images/senators/dist10/dist10.jpg,Nonpartisan,Nebraska State Senate District 10,Nebraska State Senator,NE,Incumbent,Nebraska State Senate District 10,,,Female,,,,,,wdeboer@leg.ne.gov,,VoteDeBoer@gmail.com,,,https://deboerforlegislature.com/,,,,,,,,,,https://www.facebook.com/WendyDeBoerNE,https://www.facebook.com/wendy.deboer.18,https://www.facebook.com/votedeboer,,,,,,,,,,,,,,,,,,,,,,,,,296379,,,https://en.wikipedia.org/wiki/Wendy_DeBoer,,https://ballotpedia.org/Wendy_DeBoer,,3332,,,,,,ocd-division/country:us/state:ne/sldu:10,ocd-person/bc906a77-5932-4042-9ede-a13b24924236,
Merv Riepe,Merv,,Riepe,,,,https://www.ralstonschools.org/cms/lib/NE02214612/Centricity/Domain/34/MRippeweb.jpg,Nonpartisan,Nebraska State Senate District 12,Nebraska State Senator,NE,Challenger,Nebraska State Senate District 12,,,Male,,,,,,,,,,,https://voteriepe.com/,,,,,,,,,,,https://www.facebook.com/mervin.riepe,,,,,,,,,,,,,,,,,,,,,,,,,,39043,,,https://en.wikipedia.org/wiki/Merv_Riepe,,https://ballotpedia.org/Merv_Riepe,,21562,,,,,,ocd-division/country:us/state:ne/sldu:12,,
Robin Richards,Robin,,Richards,,,,https://www.ralstonschools.org/cms/lib/NE02214612/Centricity/Domain/34/Robin%20Richards%20Photo.jpg,Nonpartisan,Nebraska State Senate District 12,Nebraska State Senator,NE,Challenger,Nebraska State Senate District 12,,,Female,,,,,,,,,,,,,,,,,,,,,,https://www.facebook.com/robinshark,,,,,,,,,,,,,,,,,,,,,,,,,,325039,,,,,https://ballotpedia.org/Robin_Richards,,21562,,,,,,ocd-division/country:us/state:ne/sldu:12,,
John Arch,John,,Arch,,,,https://nebraskalegislature.gov/media/images/senators/dist14/dist14.jpg,Nonpartisan,Nebraska State Senate District 14,Nebraska State Senator,NE,Incumbent,Nebraska State Senate District 14,,,Male,,,,,,jarch@leg.ne.gov,,,,,,,,,,,,,,,https://www.facebook.com/JohnArchLD14,,https://www.facebook.com/JohnArchLD14,,,,,,,,,,,,,,,,,,,,,,,,,296382,,,https://en.wikipedia.org/wiki/John_Arch_(politician),,https://ballotpedia.org/John_Arch,,3356,,,,,,ocd-division/country:us/state:ne/sldu:14,ocd-person/f5d27385-af4c-4c08-8654-3e27ef120d94,
Cori Villegas,Cori,,Villegas,,,,https://votecorivillegas.com/wp-content/uploads/2021/08/Outdoore5.jpg,Nonpartisan,Nebraska State Senate District 14,Nebraska State Senator,NE,Challenger,Nebraska State Senate District 14,,,Female,,,,,,,,votevillegas@outlook.com,,,https://votecorivillegas.com/,,,https://www.twitter.com/CoriVillegasNE,,,,,,https://www.instagram.com/CoriVillegasNE/,,https://www.facebook.com/profile.php?id=100070744294180,https://www.facebook.com/CoriVillegasNE,,,,,,,,,,,,,,,,,,,,,,,,,348522,,,,,https://ballotpedia.org/Cori_Villegas,,3356,,,,,,ocd-division/country:us/state:ne/sldu:14,,
Ben Hansen,Ben,,Hansen,,,,https://nebraskalegislature.gov/media/images/senators/dist16/dist16.jpg,Nonpartisan,Nebraska State Senate District 16,Nebraska State Senator,NE,Incumbent,Nebraska State Senate District 16,,,Male,,,,,,bhansen@leg.ne.gov,,,,,http://www.votebenhansen.com/,,,,,,,,,,https://www.facebook.com/BenHansenforNebraska,https://www.facebook.com/benjamin.hansen.94695,,,,,,,,,,,,,,,,,,,,,,,,,,296383,,,,,https://ballotpedia.org/Ben_Hansen,,3357,,,,,,ocd-division/country:us/state:ne/sldu:16,ocd-person/bfc9dd37-6a7b-4ea2-acf5-c8e161a27764,
Connie Petersen,Connie,L.,Petersen,,,,https://norfolknebraska.com/uploads/team-member-55.jpg,Nonpartisan,Nebraska State Senate District 16,Nebraska State Senator,NE,Challenger,Nebraska State Senate District 16,,,Female,,,,,,,,petersen4ne@gmail.com,,,https://petersen4ne.com/,,,,,,,,,,,https://www.facebook.com/connie.peterson.961993,https://www.facebook.com/Connie-Petersen-District-16-Legislative-Candidate-108701435053833/,,,,,,,,(402) 841-7720,,,,,,,,,,,,,,,,,348524,,,,,https://ballotpedia.org/Connie_Petersen,,3357,,,,,,ocd-division/country:us/state:ne/sldu:16,,
Michael Young,Michael,,Young,,,,https://mccneb.smartcatalogiq.com/-/media/Institution/Metropolitan-CC/Current-Board-Member-Pictures-125x156/2019-2020/20190129_FOC_BOG_MichaelYoung-09271.ashx?la=en,Nonpartisan,Nebraska State Senate District 18,Nebraska State Senator,NE,Challenger,Nebraska State Senate District 18,,,Male,,,,,,,,michael@youngforne.com,,,https://www.youngforne.com/,,,https://www.twitter.com/youngforne,,,,,,https://www.instagram.com/youngforne/,,https://www.facebook.com/mjjava83,https://www.facebook.com/young4ne,,,,,,,,(402) 714-5401,,,,,,,,,,,,,,,,,291302,,,,,https://ballotpedia.org/Michael_Young_(Nebraska),,9137,,,,,,ocd-division/country:us/state:ne/sldu:18,,
Christy Armendariz,Christy,,Armendariz,,,,,Nonpartisan,Nebraska State Senate District 18,Nebraska State Senator,NE,Challenger,Nebraska State Senate District 18,,,Female,,,,,,,,,,,https://www.christyforne.com/,,,,,,,,,,,https://www.facebook.com/profile.php?id=100076612414998,https://www.facebook.com/ChristyforNE,,,,,,,,(402) 680-3594,,,,,,,,,,,,,,,,,348526,,,,,https://ballotpedia.org/Christy_Armendariz,,9137,,,,,,ocd-division/country:us/state:ne/sldu:18,,
Robert Clements,Robert,,Clements,,,,https://nebraskalegislature.gov/media/images/senators/dist02/dist02.jpg,Nonpartisan,Nebraska State Senate District 2,Nebraska State Senator,NE,Incumbent,Nebraska State Senate District 2,,,Male,,,,,,rclements@leg.ne.gov,,,,,https://www.senatorclements.com/,,,,,,,,,,https://www.facebook.com/Senator.Clements,,,,,,,"PO Box 198 Elmwood, NE 68349",,,,,,,,,,,,,,,,,,,,96430,,,https://en.wikipedia.org/wiki/Robert_Clements_(Nebraska_politician),,https://ballotpedia.org/Robert_Clements,,8349,,,,,,ocd-division/country:us/state:ne/sldu:2,ocd-person/809c0698-2669-426a-819a-275a0773ff84,
Sarah Slattery,Sarah,J.,Slattery,,,,https://bloximages.chicago2.vip.townnews.com/fremonttribune.com/content/tncms/assets/v3/editorial/d/9f/d9f72bb8-9ce1-5056-8686-6daacf52c5fa/613fc7ff0c371.image.jpg?resize=443%2C500,Nonpartisan,Nebraska State Senate District 2,Nebraska State Senator,NE,Challenger,Nebraska State Senate District 2,,,Female,,,,,,,,sarah@slatteryforlegislature.com,,,https://www.slatteryforlegislature.com/,,,,,,,,,https://www.instagram.com/slatteryforlegislature/,,,https://www.facebook.com/SlatteryforNE,,,,,,,,(402) 740-3400,,,,,,,,,,,,,,,,,348516,,,,,https://ballotpedia.org/Sarah_Slattery,,8349,,,,,,ocd-division/country:us/state:ne/sldu:2,,
Stuart Dornan,Stuart,,Dornan,,,,,Nonpartisan,Nebraska State Senate District 20,Nebraska State Senator,NE,Challenger,Nebraska State Senate District 20,,,Male,,,,,,,,,,,,,,,,,,,,,,,,,,,,,,,,,,,,,,,,,,,,,,,,291324,,,,,https://ballotpedia.org/Stuart_Dornan,,21376,,,,,,ocd-division/country:us/state:ne/sldu:20,,
John Fredrickson,John,A.,Fredrickson,,,,https://media-exp1.licdn.com/dms/image/C5603AQEZtB47I7L_SA/profile-displayphoto-shrink_800_800/0/1516763978016?e=1652313600&v=beta&t=TixZK7l-RG2YrtRxvvB_10PHZBJZ3t7kixYNqgSamt4,Nonpartisan,Nebraska State Senate District 20,Nebraska State Senator,NE,Challenger,Nebraska State Senate District 20,,,Male,,,,,,,,hello@johnfornebraska.com,,,https://www.johnfornebraska.com/,,,https://www.twitter.com/JohnforNE,,,,,,https://www.instagram.com/johnforne/,,,https://www.facebook.com/profile.php?id=100076096687574,,,,,,,,,,,,,,,,,,,,,,,,,342964,,,,,https://ballotpedia.org/John_Fredrickson,,21376,,,,,,ocd-division/country:us/state:ne/sldu:20,,
Roy Zach,Roy,M.,Zach,,,,,Nonpartisan,Nebraska State Senate District 22,Nebraska State Senator,NE,Challenger,Nebraska State Senate District 22,,,,,,,,,,,,,,,,,,,,,,,,,,,,,,,,,,,,,,,,,,,,,,,,,,,49133,,,,,https://ballotpedia.org/Roy_Zach,,5437,,,,,,ocd-division/country:us/state:ne/sldu:22,,
Mike Moser,Mike,,Moser,,,,https://nebraskalegislature.gov/media/images/senators/dist22/dist22.jpg,Nonpartisan,Nebraska State Senate District 22,Nebraska State Senator,NE,Incumbent,Nebraska State Senate District 22,,,Male,,,,,,mmoser@leg.ne.gov,,,,,,,,,,,,,,,https://www.facebook.com/senatormoser,https://www.facebook.com/mike.moser.3979,,,,,,,,,,,,,,,,,,,,,,,,,,296487,,,https://en.wikipedia.org/wiki/Mike_Moser_(politician),,https://ballotpedia.org/Mike_Moser,,5437,,,,,,ocd-division/country:us/state:ne/sldu:22,ocd-person/471fb0d6-b798-4c0c-bac1-021db8b68801,
Jana Hughes,Jana,,Hughes,,,,https://cdn4.creativecirclemedia.com/seward/original/20211021-113055-hughes%20image1.jpeg,Nonpartisan,Nebraska State Senate District 24,Nebraska State Senator,NE,Challenger,Nebraska State Senate District 24,,,Female,,,,,,,,janahughes89@gmail.com,,,,,,,,,,,,,,https://www.facebook.com/jana.hughes8,https://www.facebook.com/photo/,,,,,,,,,,,,,,,,,,,,,,,,,348528,,,,,https://ballotpedia.org/Jana_Hughes,,4042,,,,,,ocd-division/country:us/state:ne/sldu:24,,
Patrick Hotovy,Patrick,,Hotovy,,,,https://bloximages.chicago2.vip.townnews.com/yorknewstimes.com/content/tncms/assets/v3/editorial/8/4e/84eeaaae-842f-11ec-902a-b7d3cd55d8ed/61fa8cf5e892d.image.jpg?resize=1200%2C1600,Nonpartisan,Nebraska State Senate District 24,Nebraska State Senator,NE,Challenger,Nebraska State Senate District 24,,,Male,,,,,,,,patrickhotovy@gmail.com,,,,,,,,,,,,,,,https://www.facebook.com/Patrick-Hotovy-for-Legislature-100498909267408,,,,,,,,,,,,,,,,,,,,,,,,,348529,,,,,https://ballotpedia.org/Patrick_Hotovy,,4042,,,,,,ocd-division/country:us/state:ne/sldu:24,,
George Dungan III,George,C.,Dungan,,,III,https://bloximages.newyork1.vip.townnews.com/kpvi.com/content/tncms/assets/v3/editorial/9/95/9953e891-730a-56a3-97fe-ddd56f07f4d0/624b2b3428def.image.jpg?resize=389%2C500,Nonpartisan,Nebraska State Senate District 26,Nebraska State Senator,NE,Challenger,Nebraska State Senate District 26,,,Male,,,,,,,,george@georgefornebraska.com,,,https://georgefornebraska.com/,,,https://www.twitter.com/George4NE,,,,,,https://www.instagram.com/George4NE/,,https://www.facebook.com/profile.php?id=16830511,https://www.facebook.com/George4Ne/,,,,,,,,,,,,,,,,,,,,,,,,,338998,,,,,https://ballotpedia.org/George_Dungan_III,,2418,,,,,,ocd-division/country:us/state:ne/sldu:26,,
Russ Barger,Russ,,Barger,,,,,Nonpartisan,Nebraska State Senate District 26,Nebraska State Senator,NE,Challenger,Nebraska State Senate District 26,,,Male,,,,,,,,info@bargerforlegislature.com,,,https://bargerforlegislature.com/,,,,,,,,,,,https://www.facebook.com/russ.barger.73,,,,,,,,,(531) 510-8546,,,,,,,,,,,,,,,,,349236,,,,,https://ballotpedia.org/Russ_Barger,,2418,,,,,,ocd-division/country:us/state:ne/sldu:26,,
Jane Raybould,Jane,,Raybould,,,,https://www.lincoln.ne.gov/files/sharedassets/public/city-council/profile-images/raybould480.jpg?dimension=pageimage&w=480,Nonpartisan,Nebraska State Senate District 28,Nebraska State Senator,NE,Challenger,Nebraska State Senate District 28,,,Female,,,,,,,,info@janeraybould.com,,,https://raybouldforlegislature.com/,https://www.twitter.com/janeraybould,,https://www.twitter.com/RaybouldJane,,,,,,,,,https://www.facebook.com/JaneRaybouldNE,,,,,,,,,,,,,,,,,,,,,,,,,23550,,,,,https://ballotpedia.org/Jane_Raybould,,9350,,,,,,ocd-division/country:us/state:ne/sldu:28,,
Roy Christensen,Roy,A.,Christensen,,,,https://www.kfornow.com/wp-content/uploads/2017/05/roy-christensen-250x300-400x400.jpg,Nonpartisan,Nebraska State Senate District 28,Nebraska State Senator,NE,Challenger,Nebraska State Senate District 28,,,Male,,,,,,,,,,,,,,,,,,,,,,https://www.facebook.com/roy.christensen.16,,,,,,,,,,,,,,,,,,,,,,,,,,49078,,,,,https://ballotpedia.org/Roy_Christensen,,9350,,,,,,ocd-division/country:us/state:ne/sldu:28,,
Myron Dorn,Myron,,Dorn,,,,https://nebraskalegislature.gov/media/images/senators/dist30/dist30.jpg,Nonpartisan,Nebraska State Senate District 30,Nebraska State Senator,NE,Incumbent,Nebraska State Senate District 30,,,Male,,,,,,mdorn@leg.ne.gov,,,,,,,,,,,,,,,https://www.facebook.com/people/State-Senator-Myron-Dorn/100068941968451/,https://www.facebook.com/myron.dorn.9,https://www.facebook.com/profile.php?id=100057948106517,,,,,,,,,,,,,,,,,,,,,,,,,296391,,,,,https://ballotpedia.org/Myron_Dorn,,9408,,,,,,ocd-division/country:us/state:ne/sldu:30,ocd-person/4a8d555a-4bba-4f76-a3e1-88eee6030413,
Tom Brandt,Tom,,Brandt,,,,https://nebraskalegislature.gov/media/images/senators/dist32/dist32.jpg,Nonpartisan,Nebraska State Senate District 32,Nebraska State Senator,NE,Incumbent,Nebraska State Senate District 32,,,Male,,,,,,tbrandt@leg.ne.gov,,,,,,,,,,,,,,,https://www.facebook.com/tombrandt32,,,,,,,,,,,,,,,,,,,,,,,,,,,296396,,,,,https://ballotpedia.org/Tom_Brandt,,8172,,,,,,ocd-division/country:us/state:ne/sldu:32,ocd-person/37ed5b35-3aea-40a2-95ed-ecc5120fbe82,
Loren Lippincott,Loren,,Lippincott,,,,https://bloximages.chicago2.vip.townnews.com/theindependent.com/content/tncms/assets/v3/editorial/2/c9/2c9588ee-a25f-11eb-ae08-875130f78bcd/607fb2adda06e.image.jpg,Nonpartisan,Nebraska State Senate District 34,Nebraska State Senator,NE,Challenger,Nebraska State Senate District 34,,,Male,,,,,,,,ldlippincott@yahoo.com,,,http://lorenlippincott.com/,,,,,,https://www.youtube.com/channel/UCsD6T8-5_goGZxkurjCYbNw,,,,,https://www.facebook.com/loren.lippincott.1,https://www.facebook.com/LorenLippincottNE,,,,,,,,(402) 984-9065,,,,,,,,,,,,,,,,,338292,,,,,https://ballotpedia.org/Loren_Lippincott,,19411,,,,,,ocd-division/country:us/state:ne/sldu:34,,
Michael Reimers,Michael,,Reimers,,,,https://www.auroranewsregister.com/sites/auroranewsregister.com/files/styles/article_420/public/2021-07/721%20Reimers%2C%20Mike.jpg?itok=HHP5ynaM,Nonpartisan,Nebraska State Senate District 34,Nebraska State Senator,NE,Challenger,Nebraska State Senate District 34,,,Male,,,,,,,,reimers4ne@gmail.com,,,,,,,,,,,,,,,https://www.facebook.com/profile.php?id=100062693285077,,,,,,,,(402) 205-4040,,,,,,,,,,,,,,,,,348530,,,,,https://ballotpedia.org/Michael_Reimers,,19411,,,,,,ocd-division/country:us/state:ne/sldu:34,,
Rick Holdcroft,Rick,,Holdcroft,,,,https://bloximages.chicago2.vip.townnews.com/journalstar.com/content/tncms/assets/v3/editorial/f/d7/fd7739c9-ae4f-5bb2-860e-c2f9958e2ef2/5f879977b8f32.image.jpg,Nonpartisan,Nebraska State Senate District 36,Nebraska State Senator,NE,Challenger,Nebraska State Senate District 36,,,Male,,,,,,,,Rick@RickHoldcroft.com,,,https://rickholdcroft.com/,,,,,,,,,,,https://www.facebook.com/richard.holdcroft.7,https://www.facebook.com/HoldcroftforLegislature,,,,,,,,,,,,,,,,,,,,,,,,,325107,,,,,https://ballotpedia.org/Rick_Holdcroft,,20373,,,,,,ocd-division/country:us/state:ne/sldu:36,,
Angie Lauritsen,Angie,,Lauritsen,,,,https://bloximages.chicago2.vip.townnews.com/nonpareilonline.com/content/tncms/assets/v3/editorial/9/25/925e55f4-2c3c-11ec-8300-7f57a8b29c7d/6166ff10af6a0.image.jpg?crop=1176%2C1176%2C0%2C293&resize=1200%2C1200&order=crop%2Cresize,Nonpartisan,Nebraska State Senate District 36,Nebraska State Senator,NE,Challenger,Nebraska State Senate District 36,,,Female,,,,,,,,angie@angielauritsenforlegislature.com,,,https://angielauritsenforlegislature.com/,,https://www.twitter.com/angielauritsen,,,,,,https://www.instagram.com/angielauritsen/,https://www.instagram.com/angielauritsen/,,https://www.facebook.com/angie.lauritsen,https://www.facebook.com/AngieLauritsenForLegislature,,,,,"21700 W Angus Road Gretna, NE 68028",,,,,,,,,,,,,,,,,,,,348531,,,,,https://ballotpedia.org/Angie_Lauritsen,,20373,,,,,,ocd-division/country:us/state:ne/sldu:36,,
Dave Murman,Dave,,Murman,,,,https://nebraskalegislature.gov/media/images/senators/dist38/highres/dist38.jpg,Nonpartisan,Nebraska State Senate District 38,Nebraska State Senator,NE,Incumbent,Nebraska State Senate District 38,,,Male,,,,,,dmurman@leg.ne.gov,,dkmurman@windstream.net,,,,,,,,,,,,,https://www.facebook.com/senatormurman,https://www.facebook.com/dave.murman.5,https://www.facebook.com/votedavemurman,,,,,,,,(402) 469-1241,,,,,,,,,,,,,,,,,296401,,,,,https://ballotpedia.org/Dave_Murman,,25315,,,,,,ocd-division/country:us/state:ne/sldu:38,ocd-person/25c29fce-5de4-46cd-97f0-887033d446ce,
Tyler Cappel,Tyler,R.,Cappel,,,,https://www.mccookgazette.com/photos/36/66/87/3666874-M.jpg,Nonpartisan,Nebraska State Senate District 38,Nebraska State Senator,NE,Challenger,Nebraska State Senate District 38,,,Male,,,,,,,,tylercappelforlegislature@gmail.com,,,https://www.tylercappelforlegislature.com/,,https://www.twitter.com/tylercappel,,,,,,,,,https://www.facebook.com/tyler.cappel,https://www.facebook.com/TylerCappelforLegislature,,,,,,,,,,,,,,,,,,,,,,,,,341428,,,,,https://ballotpedia.org/Tyler_Cappel,,25315,,,,,,ocd-division/country:us/state:ne/sldu:38,,
Cindy Maxwell-Ostdiek,Cindy,,Maxwell-Ostdiek,,,,https://images.squarespace-cdn.com/content/v1/5c7c635b65019ffb694cbbf3/1642967260950-1QYR6MULU6OSYH4DNK98/Cindy%2BMaxwell%2BOstdiek.jpg?format=500w,Nonpartisan,Nebraska State Senate District 4,Nebraska State Senator,NE,Challenger,Nebraska State Senate District 4,,,Female,,,,,,,,cindy@cindyfornebraska.com,,,https://www.cindyfornebraska.com/,,https://www.twitter.com/CMaxwellOstdiek,https://www.twitter.com/CMaxwellOstdiek,,,,,,https://www.instagram.com/cindyfornebraska/,,https://www.facebook.com/profile.php?id=1648020744,https://www.facebook.com/CindyForNebraska,,,,,,,,,,,,,,,,,,,,,,,,,348517,,,,,https://ballotpedia.org/Cindy_Maxwell-Ostdiek,,474,,,,,,ocd-division/country:us/state:ne/sldu:4,,
R. Brad von Gillern,R.,Brad von,Gillern,,,,https://bloximages.newyork1.vip.townnews.com/omaha.com/content/tncms/assets/v3/editorial/6/8d/68db3fa1-f31c-5d16-a350-84d2c0a9762a/54251cd5f3d32.image.jpg?resize=333%2C500,Nonpartisan,Nebraska State Senate District 4,Nebraska State Senator,NE,Challenger,Nebraska State Senate District 4,,,Male,,,,,,,,,,,https://vongillern4ne.com/,,,,,,,,,,,https://www.facebook.com/brad.vongillern,https://www.facebook.com/vongillern4ne,,,,,,,,,,,,,,,,,,,,,,,,,348518,,,,,https://ballotpedia.org/R._Brad_von_Gillern,,474,,,,,,ocd-division/country:us/state:ne/sldu:4,,
Keith Kube,Keith,F.,Kube,,,,https://bloximages.newyork1.vip.townnews.com/omaha.com/content/tncms/assets/v3/editorial/7/bf/7bf6a9e9-e192-5705-b003-3eadef7aab47/5ba5d2077c95c.image.jpg?crop=420%2C482%2C184%2C5,Nonpartisan,Nebraska State Senate District 40,Nebraska State Senator,NE,Challenger,Nebraska State Senate District 40,,,Male,,,,,,,,keith@keithkube.com,,,https://keithkube.com/,,https://www.twitter.com/keithfkube,,,,,,,,,https://www.facebook.com/keith.f.kube,https://www.facebook.com/profile.php?id=100066392781165,,,,,,,,,,,,,,,,,,,,,,,,,31583,,,,,https://ballotpedia.org/Keith_Kube,,3359,,,,,,ocd-division/country:us/state:ne/sldu:40,,
Barry DeKay,Barry,,DeKay,,,,https://northeastncn.images.worldnow.com/images/22085769_G.png?auto=webp&disable=upscale&height=560&fit=bounds&lastEditedDate=1643133788000,Nonpartisan,Nebraska State Senate District 40,Nebraska State Senator,NE,Challenger,Nebraska State Senate District 40,,,Male,,,,,,,,,,,https://barrydekay.com/,,,,,,,,,,,https://www.facebook.com/barry.dekay,,,,,,,,,,,,,,,,,,,,,,,,,,348532,,,,,https://ballotpedia.org/Barry_DeKay,,3359,,,,,,ocd-division/country:us/state:ne/sldu:40,,
Michael Jacobson,Michael,,Jacobson,,,,,Nonpartisan,Nebraska State Senate District 42,Nebraska State Senator,NE,Incumbent,Nebraska State Senate District 42,,,Male,,,,,,,,,,,,,,,,,,,,,,,,,,,,,,,,,,,,,,,,,,,,,,,,39633,,,,,https://ballotpedia.org/Michael_Jacobson,,9015,,,,,,ocd-division/country:us/state:ne/sldu:42,,
Chris Bruns,Chris,,Bruns,,,,https://bloximages.chicago2.vip.townnews.com/nptelegraph.com/content/tncms/assets/v3/editorial/5/72/5720eef4-8cfe-11ea-9952-4b2c27414d0e/5eae55bc104e7.image.jpg?crop=941%2C761%2C100%2C145,Nonpartisan,Nebraska State Senate District 42,Nebraska State Senator,NE,Challenger,Nebraska State Senate District 42,,,Male,,,,,,,,,,,https://www.chrisbruns.com/,,,,,,https://www.youtube.com/channel/UC-PWgh8OrOXP7GUbOnCo2Ig,,,,,https://www.facebook.com/christopher.bruns.33,https://www.facebook.com/votebruns,,,,,P.O. Box 2286 North Platte NE 69103,,,(308) 660-6049,,,,,,,,,,,,,,,,,340429,,,,,https://ballotpedia.org/Chris_Bruns,,9015,,,,,,ocd-division/country:us/state:ne/sldu:42,,
Edward Dunn,Edward,,Dunn,,,,https://www.granttribune.com/sites/granttribune.etypegoogle9.com/files/field/image/ed_dunn_dist_44_5064.jpg,Nonpartisan,Nebraska State Senate District 44,Nebraska State Senator,NE,Challenger,Nebraska State Senate District 44,,,Male,,,,,,,,edwarddunnforNebraska@gmail.com,,,https://dunnfornebraska.godaddysites.com/,,,,,,,,,,,https://www.facebook.com/EdwardDunn30,https://www.facebook.com/EdwardDunnforNebraskaLegislature,,,,,P.O. Box 764 Grant NE 69140,,,(308) 414-1070,,,,,,,,,,,,,,,,,338045,,,,,https://ballotpedia.org/Edward_Dunn_(Nebraska_State_Senate_candidate),,6187,,,,,,ocd-division/country:us/state:ne/sldu:44,,
Teresa Ibach,Teresa,J.,Ibach,,,,https://www.mccookgazette.com/photos/37/34/68/3734680-M.jpg,Nonpartisan,Nebraska State Senate District 44,Nebraska State Senator,NE,Challenger,Nebraska State Senate District 44,,,Female,,,,,,,,,,,,,,,,,,,,,,https://www.facebook.com/teresa.ibach,,,,,,,,,,,,,,,,,,,,,,,,,,349239,,,,,https://ballotpedia.org/Teresa_Ibach,,6187,,,,,,ocd-division/country:us/state:ne/sldu:44,,
Danielle Conrad,Danielle,,Conrad,,,,https://bloximages.chicago2.vip.townnews.com/journalstar.com/content/tncms/assets/v3/editorial/8/86/886b1db3-f267-512c-b56c-1d97093183e9/621ebd5fa66dc.image.jpg?resize=334%2C500,Nonpartisan,Nebraska State Senate District 46,Nebraska State Senator,NE,Challenger,Nebraska State Senate District 46,,,Female,,,,,,,,danielle.conrad1@yahoo.com,,,https://www.conradforlegislature.net/,,,,,,,,,https://www.instagram.com/conradforlegislature/,,,https://www.facebook.com/ConradforLegislature,,,,,,,,,,,,,,,,,,,,,,,,,11651,,,https://en.wikipedia.org/wiki/Danielle_Conrad,,https://ballotpedia.org/Danielle_Conrad,,4541,,,,,,ocd-division/country:us/state:ne/sldu:46,,
James Michael Bowers,James,Michael,Bowers,,,,https://www.lincoln.ne.gov/files/sharedassets/public/city-council/profile-images/bowers480.jpg?dimension=pageimage&w=480,Nonpartisan,Nebraska State Senate District 46,Nebraska State Senator,NE,Challenger,Nebraska State Senate District 46,,,Male,,,,,,,,james@bowersfornebraska.com,,,https://bowersfornebraska.com/,https://www.twitter.com/bowers4nebraska,,https://www.twitter.com/bowers4nebraska,,,,,,https://www.instagram.com/bowersfornebraska/,,https://www.facebook.com/profile.php?id=17221903,https://www.facebook.com/BowersForNebraska,,,,,,,,,,,,,,,,,,,,,,,,,23077,,,,,https://ballotpedia.org/James_Michael_Bowers,,4541,,,,,,ocd-division/country:us/state:ne/sldu:46,,
Brian Hardin,Brian,,Hardin,,,,https://bloximages.chicago2.vip.townnews.com/starherald.com/content/tncms/assets/v3/editorial/5/99/599cbb1a-cf1b-55b8-8436-13c916f7f4f7/61a3179c27b2e.image.jpg?crop=709%2C709%2C145%2C0&resize=1200%2C1200&order=crop%2Cresize,Nonpartisan,Nebraska State Senate District 48,Nebraska State Senator,NE,Challenger,Nebraska State Senate District 48,,,Male,,,,,,,,,,,,,,,,,,,,,,,https://www.facebook.com/brianhardin2022,,,,,,,,,,,,,,,,,,,,,,,,,342363,,,,,https://ballotpedia.org/Brian_Hardin,,26266,,,,,,ocd-division/country:us/state:ne/sldu:48,,
Don Lease II,Don,L.,Lease,,,II,,Nonpartisan,Nebraska State Senate District 48,Nebraska State Senator,NE,Challenger,Nebraska State Senate District 48,,,,,,,,,,,donlease48@gmail.com,,,,,,,,,,,,,,,,,,,,,,,,,,,,,,,,,,,,,,,,348534,,,,,https://ballotpedia.org/Don_Lease_II,,26266,,,,,,ocd-division/country:us/state:ne/sldu:48,,
Machaela Cavanaugh,Machaela,,Cavanaugh,,,,https://nebraskalegislature.gov/media/images/senators/dist06/dist06.jpg,Nonpartisan,Nebraska State Senate District 6,Nebraska State Senator,NE,Incumbent,Nebraska State Senate District 6,,,Female,,,,,,mcavanaugh@leg.ne.gov,,machaela@cavanaughforlegislature.org,,,https://cavanaughforlegislature.org/,https://www.twitter.com/CavanaughforLeg,,https://www.twitter.com/CavanaughforLeg,,,,https://www.instagram.com/senatormachaela/,,,,https://www.facebook.com/machaela.cavanaugh,https://www.facebook.com/cavanaughforlegislature,,,,,,,,,,,,,,,,,,,,,,,,,296374,,,https://en.wikipedia.org/wiki/Machaela_Cavanaugh,,https://ballotpedia.org/Machaela_Cavanaugh,,3651,,,,,,ocd-division/country:us/state:ne/sldu:6,ocd-person/fd6e1947-c274-4ff5-b2ee-5e5a79d6a729,
Christian Mirch,Christian,,Mirch,,,,https://bloximages.newyork1.vip.townnews.com/omaha.com/content/tncms/assets/v3/editorial/5/e0/5e099e38-3805-11ec-baec-dfe74a7dc710/617ac48ff0b62.image.jpg?crop=279%2C371%2C251%2C25,Nonpartisan,Nebraska State Senate District 6,Nebraska State Senator,NE,Challenger,Nebraska State Senate District 6,,,Male,,,,,,,,christian.mirch@gmail.com,,,https://votemirch.com/,,https://www.twitter.com/votemirch,,,,,,,,,https://www.facebook.com/christian.mirch,https://www.facebook.com/votemirch/,,,,,,,,,,,,,,,,,,,,,,,,,328125,,,,,https://ballotpedia.org/Christian_Mirch,,3651,,,,,,ocd-division/country:us/state:ne/sldu:6,,
Megan Hunt,Megan,,Hunt,,,,https://nebraskalegislature.gov/media/images/senators/dist08/dist08.jpg,Nonpartisan,Nebraska State Senate District 8,Nebraska State Senator,NE,Incumbent,Nebraska State Senate District 8,,,Female,,,,,,mhunt@leg.ne.gov,,hello@meganfornebraska.com,,,https://meganfornebraska.com/,https://www.twitter.com/NebraskaMegan,https://www.twitter.com/NebraskaMegan,,https://www.youtube.com/channel/UCHsKwhV49YZnVnsVlPYcu3g,,,https://www.instagram.com/nebraskamegan/,,https://www.instagram.com/nebraskamegan/,https://www.facebook.com/MeganHuntNE,https://www.facebook.com/megancatherinehunt,https://www.facebook.com/MeganHuntNE,,,,,,,,,,,,,,,,,,,,,,,,,296377,,,https://en.wikipedia.org/wiki/Megan_Hunt_(politician),,https://ballotpedia.org/Megan_Hunt,,3354,,,,,,ocd-division/country:us/state:ne/sldu:8,ocd-person/1b988941-ec1a-4f87-b17a-51fb0309dea0,
Marilyn Asher,Marilyn,Arant,Asher,,,,,Nonpartisan,Nebraska State Senate District 8,Nebraska State Senator,NE,Challenger,Nebraska State Senate District 8,,,Female,,,,,,,,masher50@gmail.com,,,,,,,,,,,,,,,,,,,,,,,,,,,,,,,,,,,,,,,,349234,,,,,https://ballotpedia.org/Marilyn_Asher,,3354,,,,,,ocd-division/country:us/state:ne/sldu:8,,
Riko E. Bishop,Riko,E.,Bishop,,,,,Nonpartisan,Nebraska Court of Appeals District 1 Bishop's seat,,NE,Incumbent,Nebraska Court of Appeals District 1,,,Female,,,,,,,,,,,,,,,,,,,,,,,,,,,,,,,,,,,,,,,,,,,,,,,,86721,,,,,https://ballotpedia.org/Riko_E._Bishop,,26275,,,,,,ocd-division/country:us/state:ne/court_of_appeals:1,,
Francie Riedmann Weis,Francie,Riedmann,Weis,,,,,Nonpartisan,Nebraska Court of Appeals District 3 Riedmann Weis' seat,,NE,Incumbent,Nebraska Court of Appeals District 3,,,Female,,,,,,,,,,,,,,,,,,,,,,,,,,,,,,,,,,,,,,,,,,,,,,,,68921,,,,,https://ballotpedia.org/Francie_Riedmann_Weis,,25333,,,,,,ocd-division/country:us/state:ne/court_of_appeals:3,,
Lawrence Welch,Lawrence,,Welch,,,,,Nonpartisan,Nebraska Court of Appeals District 5 Welch's seat,,NE,Incumbent,Nebraska Court of Appeals District 5,,,Male,,,,,,,,,,,,,,,,,,,,,,,,,,,,,,,,,,,,,,,,,,,,,,,,293609,,,,,"https://ballotpedia.org/Lawrence_Welch,_Jr.",,8946,,,,,,ocd-division/country:us/state:ne/court_of_appeals:5,,
Frankie J. Moore,Frankie,J.,Moore,,,,,Nonpartisan,Nebraska Court of Appeals District 6 Moore's seat,,NE,Incumbent,Nebraska Court of Appeals District 6,,,Female,,,,,,,,,,,,,,,,,,,,,,,,,,,,,,,,,,,,,,,,,,,,,,,,69165,,,,,https://ballotpedia.org/Frankie_Moore,,27304,,,,,,ocd-division/country:us/state:ne/court_of_appeals:6,,
Michael Heavican,Michael,,Heavican,,,,,Nonpartisan,Nebraska Supreme Court Chief Justice Heavican's seat,,NE,Incumbent,Nebraska Statewide,,,Male,,,,,,,,,,,,,,,,,,,,,,,,,,,,,,,,,,,,,,,,,,,,,,,,82383,,,,,https://ballotpedia.org/Michael_Heavican,,32034,,,,,,ocd-division/country:us/state:ne,,
William Cassel,William,,Cassel,,,,,Nonpartisan,Nebraska Supreme Court District 3 Cassel's seat,,NE,Incumbent,Nebraska Supreme Court District 3,,,Male,,,,,,,,,,,,,,,,,,,,,,,,,,,,,,,,,,,,,,,,,,,,,,,,93811,,,,,https://ballotpedia.org/William_Cassel,,26760,,,,,,ocd-division/country:us/state:ne/supreme_court:3,,
Jonathan Papik,Jonathan,,Papik,,,,,Nonpartisan,Nebraska Supreme Court District 4 Papik's seat,,NE,Incumbent,Nebraska Supreme Court District 4,,,Male,,,,,,,,,,,,,,,,,,,,,,,,,,,,,,,,,,,,,,,,,,,,,,,,297030,,,,,https://ballotpedia.org/Jonathan_Papik,,26740,,,,,,ocd-division/country:us/state:ne/supreme_court:4,,
John Freudenberg,John,,Freudenberg,,,,,Nonpartisan,Nebraska Supreme Court District 6 Freudenberg's seat,,NE,Incumbent,Nebraska Supreme Court District 6,,,Male,,,,,,,,,,,,,,,,,,,,,,,,,,,,,,,,,,,,,,,,,,,,,,,,112297,,,,,https://ballotpedia.org/John_Freudenberg,,25624,,,,,,ocd-division/country:us/state:ne/supreme_court:6,,
Walt Peffer,Walt,,Peffer,,,,,Republican Party,Douglas County Assessor-Register of Deeds,,NE,Challenger,Douglas,,,Male,,,,,,,,,,,,,,,,,,,,,,,,,,,,,,,,,,,,,,,,,,,,,,,,295817,,,,,https://ballotpedia.org/Walt_Peffer,,23120,,,,,,ocd-division/country:us/state:ne/county:douglas,,
Donald Kleine,Donald,,Kleine,,,,,Republican Party,Douglas County Attorney,,NE,Incumbent,Douglas,,,,,,,,,,,,,,,,,,,,,,,,,,,,,,,,,,,,,,,,,,,,,,,,,,,291294,,,,,https://ballotpedia.org/Donald_Kleine,,22908,,,,,,ocd-division/country:us/state:ne/county:douglas,,
Dave Pantos,Dave,,Pantos,,,,,Democratic Party,Douglas County Attorney,,NE,Challenger,Douglas,,,Male,,,,,,,,,,,,,,,,,,,,,,,,,,,,,,,,,,,,,,,,,,,,,,,,291303,,,,,https://ballotpedia.org/Dave_Pantos,,22908,,,,,,ocd-division/country:us/state:ne/county:douglas,,
James Cavanaugh,James,,Cavanaugh,,,,,Democratic Party,Douglas County Board of Commissioners District 2,,NE,Incumbent,Douglas County Commission District 2,,,,,,,,,,,,,,,,,,,,,,,,,,,,,,,,,,,,,,,,,,,,,,,,,,,291286,,,,,https://ballotpedia.org/James_Cavanaugh_(Nebraska),,22919,,,,,,ocd-division/country:us/state:ne/county:douglas/council_district:2,,
P.J. Morgan,P.J.,,Morgan,,,,,Republican Party,Douglas County Board of Commissioners District 4,,NE,Incumbent,Douglas County Commission District 4,,,Male,,,,,,,,,,,,,,,,,,,,,,,,,,,,,,,,,,,,,,,,,,,,,,,,291288,,,,,https://ballotpedia.org/P.J._Morgan,,23096,,,,,,ocd-division/country:us/state:ne/county:douglas/council_district:4,,
Mary Ann Borgeson,Mary,Ann,Borgeson,,,,,Republican Party,Douglas County Board of Commissioners District 6,,NE,Incumbent,Douglas County Commission District 6,,,Female,,,,,,,,,,,,,,,,,,,,,,,,,,,,,,,,,,,,,,,,,,,,,,,,291290,,,,,https://ballotpedia.org/Mary_Ann_Borgeson,,23078,,,,,,ocd-division/country:us/state:ne/county:douglas/council_district:6,,
Jim Rose,Jim,,Rose,,,,,Democratic Party,Douglas County Engineer,,NE,Challenger,Douglas,,,Male,,,,,,,,,,,,,,,,,,,,,,,,,,,,,,,,,,,,,,,,,,,,,,,,349253,,,,,https://ballotpedia.org/Jim_Rose_(Nebraska),,22981,,,,,,ocd-division/country:us/state:ne/county:douglas,,
Todd Pfitzer,Todd,,Pfitzer,,,,,Republican Party,Douglas County Engineer,,NE,Challenger,Douglas,,,Male,,,,,,,,,,,,,,,,,,,,,,,,,,,,,,,,,,,,,,,,,,,,,,,,349254,,,,,https://ballotpedia.org/Todd_Pfitzer,,22981,,,,,,ocd-division/country:us/state:ne/county:douglas,,
Aaron Hanson,Aaron,,Hanson,,,,,Republican Party,Douglas County Sheriff,,NE,Challenger,Douglas,,,Male,,,,,,,,,,,,,,,,,,,,,,,,,,,,,,,,,,,,,,,,,,,,,,,,349255,,,,,https://ballotpedia.org/Aaron_Hanson,,22968,,,,,,ocd-division/country:us/state:ne/county:douglas,,
Greg Gonzalez,Greg,,Gonzalez,,,,,Democratic Party,Douglas County Sheriff,,NE,Challenger,Douglas,,,Male,,,,,,,,,,,,,,,,,,,,,,,,,,,,,,,,,,,,,,,,,,,,,,,,349256,,,,,https://ballotpedia.org/Greg_Gonzalez,,22968,,,,,,ocd-division/country:us/state:ne/county:douglas,,
John Ewing Jr.,John,,Ewing,,,Jr.,,Democratic Party,Douglas County Treasurer,,NE,Incumbent,Douglas,,,,,,,,,,,,,,,,,,,,,,,,,,,,,,,,,,,,,,,,,,,,,,,,,,,27682,,,,,https://ballotpedia.org/John_Ewing_Jr.,,23080,,,,,,ocd-division/country:us/state:ne/county:douglas,,
Dan Nolte,Dan,,Nolte,,,,,Democratic Party,Lancaster County Assessor-Register of Deeds,,NE,Challenger,Lancaster,,,Male,,,,,,,,,,,,,,,,,,,,,,,,,,,,,,,,,,,,,,,,,,,,,,,,291357,,,,,https://ballotpedia.org/Dan_Nolte,,22846,,,,,,ocd-division/country:us/state:ne/county:lancaster,,
Rob Ogden,Rob,,Ogden,,,,,Republican Party,Lancaster County Assessor-Register of Deeds,,NE,Incumbent,Lancaster,,,Male,,,,,,,,,,,,,,,,,,,,,,,,,,,,,,,,,,,,,,,,,,,,,,,,295937,,,,,https://ballotpedia.org/Rob_Ogden,,22846,,,,,,ocd-division/country:us/state:ne/county:lancaster,,
Adam Morfeld,Adam,,Morfeld,,,,http://www.nebraskalegislature.gov/media/images/blogs/dist46.jpg,Democratic Party,Lancaster County Attorney,,NE,Challenger,Lancaster,,,Male,,,,,,amorfeld@leg.ne.gov,,,,,,,,,,,,,,,,,,,,,,,,,,,,,,,,,,,,,,,,,,322,,,,,https://ballotpedia.org/Adam_Morfeld,,23038,,,,,,ocd-division/country:us/state:ne/county:lancaster,ocd-person/9873bf80-df7e-41ac-9d8a-0ed4c33120be,
Pat Condon,Pat,,Condon,,,,,Republican Party,Lancaster County Attorney,,NE,Incumbent,Lancaster,,,Male,,,,,,,,,,,,,,,,,,,,,,,,,,,,,,,,,,,,,,,,,,,,,,,,295938,,,,,https://ballotpedia.org/Pat_Condon,,23038,,,,,,ocd-division/country:us/state:ne/county:lancaster,,
Sean Flowerday,Sean,,Flowerday,,,,,Democratic Party,Lancaster County Board of Commissioners District 1,,NE,Incumbent,Lancaster County Commission District 1,,,Male,,,,,,,,,,,,,,,,,,,,,,,,,,,,,,,,,,,,,,,,,,,,,,,,295935,,,,,https://ballotpedia.org/Sean_Flowerday,,28782,,,,,,ocd-division/country:us/state:ne/county:lancaster/council_district:1,,
Cameron Hall,Cameron,,Hall,,,,,Republican Party,Lancaster County Board of Commissioners District 1,,NE,Challenger,Lancaster County Commission District 1,,,Male,,,,,,,,,,,,,,,,,,,,,,,,,,,,,,,,,,,,,,,,,,,,,,,,349319,,,,,https://ballotpedia.org/Cameron_Hall,,28782,,,,,,ocd-division/country:us/state:ne/county:lancaster/council_district:1,,
Matt Schulte,Matt,,Schulte,,,,,Republican Party,Lancaster County Board of Commissioners District 3,,NE,Challenger,Lancaster County Commission District 3,,,Male,,,,,,,,,,,,,,,,,,,,,,,,,,,,,,,,,,,,,,,,,,,,,,,,38343,,,,,https://ballotpedia.org/Matt_Schulte,,22967,,,,,,ocd-division/country:us/state:ne/county:lancaster/council_district:3,,
Rick Vest,Rick,,Vest,,,,,Democratic Party,Lancaster County Board of Commissioners District 5,,NE,Incumbent,Lancaster County Commission District 5,,,Male,,,,,,,,,,,,,,,,,,,,,,,,,,,,,,,,,,,,,,,,,,,,,,,,46903,,,,,https://ballotpedia.org/Rick_Vest,,23040,,,,,,ocd-division/country:us/state:ne/county:lancaster/council_district:5,,
Jason Krueger,Jason,,Krueger,,,,,Republican Party,Lancaster County Board of Commissioners District 5,,NE,Challenger,Lancaster County Commission District 5,,,Male,,,,,,,,,,,,,,,,,,,,,,,,,,,,,,,,,,,,,,,,,,,,,,,,336847,,,,,https://ballotpedia.org/Jason_Krueger,,23040,,,,,,ocd-division/country:us/state:ne/county:lancaster/council_district:5,,
Matt Hansen,Matt,,Hansen,,,,http://www.nebraskalegislature.gov/media/images/blogs/dist26.jpg,Democratic Party,Lancaster County Clerk,,NE,Challenger,Lancaster,,,Male,,,,,,mhansen@leg.ne.gov,,,,,,,,,,,,,,,,,,,,,,,,,,,,,,,,,,,,,,,,,,38236,,,,,https://ballotpedia.org/Matt_Hansen,,22877,,,,,,ocd-division/country:us/state:ne/county:lancaster,ocd-person/b48fe3f4-0d9c-4a70-9a91-f47130a8aef4,
Kris Beckenbach,Kris,,Beckenbach,,,,,Republican Party,Lancaster County Clerk,,NE,Challenger,Lancaster,,,Female,,,,,,,,,,,,,,,,,,,,,,,,,,,,,,,,,,,,,,,,,,,,,,,,349321,,,,,https://ballotpedia.org/Kris_Beckenbach,,22877,,,,,,ocd-division/country:us/state:ne/county:lancaster,,
Troy Hawk,Troy,,Hawk,,,,,Republican Party,Lancaster County Clerk of the District Court,,NE,Incumbent,Lancaster,,,Male,,,,,,,,,,,,,,,,,,,,,,,,,,,,,,,,,,,,,,,,,,,,,,,,291361,,,,,https://ballotpedia.org/Troy_Hawk,,23021,,,,,,ocd-division/country:us/state:ne/county:lancaster,,
Lin Quenzer,Lin,,Quenzer,,,,,Democratic Party,Lancaster County Clerk of the District Court,,NE,Challenger,Lancaster,,,Female,,,,,,,,,,,,,,,,,,,,,,,,,,,,,,,,,,,,,,,,,,,,,,,,349322,,,,,https://ballotpedia.org/Lin_Quenzer,,23021,,,,,,ocd-division/country:us/state:ne/county:lancaster,,
Pamela Dingman,Pamela,,Dingman,,,,,Republican Party,Lancaster County Engineer,,NE,Incumbent,Lancaster,,,Female,,,,,,,,,,,,,,,,,,,,,,,,,,,,,,,,,,,,,,,,,,,,,,,,291358,,,,,https://ballotpedia.org/Pamela_Dingman,,22902,,,,,,ocd-division/country:us/state:ne/county:lancaster,,
Kristi Egger,Kristi,,Egger,,,,,Democratic Party,Lancaster County Public Defender,,NE,Challenger,Lancaster,,,Female,,,,,,,,,,,,,,,,,,,,,,,,,,,,,,,,,,,,,,,,,,,,,,,,349323,,,,,https://ballotpedia.org/Kristi_Egger,,23016,,,,,,ocd-division/country:us/state:ne/county:lancaster,,
Trevin Preble,Trevin,,Preble,,,,,Republican Party,Lancaster County Public Defender,,NE,Challenger,Lancaster,,,Male,,,,,,,,,,,,,,,,,,,,,,,,,,,,,,,,,,,,,,,,,,,,,,,,349324,,,,,https://ballotpedia.org/Trevin_Preble,,23016,,,,,,ocd-division/country:us/state:ne/county:lancaster,,
Terry Wagner,Terry,,Wagner,,,,,Republican Party,Lancaster County Sheriff,,NE,Incumbent,Lancaster,,,Male,,,,,,,,,,,,,,,,,,,,,,,,,,,,,,,,,,,,,,,,,,,,,,,,291360,,,,,https://ballotpedia.org/Terry_Wagner,,23081,,,,,,ocd-division/country:us/state:ne/county:lancaster,,
Jay Pitts,Jay,,Pitts,,,,,Democratic Party,Lancaster County Sheriff,,NE,Challenger,Lancaster,,,Male,,,,,,,,,,,,,,,,,,,,,,,,,,,,,,,,,,,,,,,,,,,,,,,,349325,,,,,https://ballotpedia.org/Jay_Pitts,,23081,,,,,,ocd-division/country:us/state:ne/county:lancaster,,
Conan Thomas,Conan,,Thomas,,,,,Libertarian Party,Lancaster County Sheriff,,NE,Challenger,Lancaster,,,Male,,,,,,,,,,,,,,,,,,,,,,,,,,,,,,,,,,,,,,,,,,,,,,,,349326,,,,,https://ballotpedia.org/Conan_Thomas,,23081,,,,,,ocd-division/country:us/state:ne/county:lancaster,,
Rachel Garver,Rachel,,Garver,,,,,Democratic Party,Lancaster County Treasurer,,NE,Incumbent,Lancaster,,,Female,,,,,,,,,,,,,,,,,,,,,,,,,,,,,,,,,,,,,,,,,,,,,,,,295939,,,,,https://ballotpedia.org/Rachel_Garver,,23105,,,,,,ocd-division/country:us/state:ne/county:lancaster,,
Tracy Refior,Tracy,,Refior,,,,,Republican Party,Lancaster County Treasurer,,NE,Challenger,Lancaster,,,Male,,,,,,,,,,,,,,,,,,,,,,,,,,,,,,,,,,,,,,,,,,,,,,,,336848,,,,,https://ballotpedia.org/Tracy_Refior,,23105,,,,,,ocd-division/country:us/state:ne/county:lancaster,,
John Horsechief,John,,Horsechief,,,,,Nonpartisan,Metropolitan Community College Board of Governors At-large,,NE,Challenger,Metropolitan Community College,,,Male,,,,,,,,,,,,,,,,,,,,,,,,,,,,,,,,,,,,,,,,,,,,,,,,349259,,,,,https://ballotpedia.org/John_Horsechief,,22979,,,,,,,,
Kristen DuPree,Kristen,,DuPree,,,,,Nonpartisan,Metropolitan Community College Board of Governors At-large,,NE,Challenger,Metropolitan Community College,,,Female,,,,,,,,,,,,,,,,,,,,,,,,,,,,,,,,,,,,,,,,,,,,,,,,349260,,,,,https://ballotpedia.org/Kristen_DuPree,,22979,,,,,,,,
Phillip Klein,Phillip,,Klein,,,,,Nonpartisan,Metropolitan Community College Board of Governors District 1,,NE,Incumbent,Metropolitan Community College Board of Governors District 1,,,,,,,,,,,,,,,,,,,,,,,,,,,,,,,,,,,,,,,,,,,,,,,,,,,291299,,,,,https://ballotpedia.org/Phillip_Klein,,22858,,,,,,,,
Mark Stoj,Mark,,Stoj,,,,,Nonpartisan,Metropolitan Community College Board of Governors District 1,,NE,Challenger,Metropolitan Community College Board of Governors District 1,,,Male,,,,,,,,,,,,,,,,,,,,,,,,,,,,,,,,,,,,,,,,,,,,,,,,349262,,,,,https://ballotpedia.org/Mark_Stoj,,22858,,,,,,,,
Erin Feichtinger,Erin,,Feichtinger,,,,,Nonpartisan,Metropolitan Community College Board of Governors District 2,,NE,Incumbent,Metropolitan Community College Board of Governors District 2,,,Female,,,,,,,,,,,,,,,,,,,,,,,,,,,,,,,,,,,,,,,,,,,,,,,,295819,,,,,https://ballotpedia.org/Erin_Feichtinger,,22894,,,,,,,,
Tammy Wright,Tammy,,Wright,,,,,Nonpartisan,Metropolitan Community College Board of Governors District 2,,NE,Challenger,Metropolitan Community College Board of Governors District 2,,,Female,,,,,,,,,,,,,,,,,,,,,,,,,,,,,,,,,,,,,,,,,,,,,,,,349264,,,,,https://ballotpedia.org/Tammy_Wright,,22894,,,,,,,,
Maureen Monahan,Maureen,,Monahan,,,,,Nonpartisan,Metropolitan Community College Board of Governors District 3,,NE,Incumbent,Metropolitan Community College Board of Governors District 3,,,Female,,,,,,,,,,,,,,,,,,,,,,,,,,,,,,,,,,,,,,,,,,,,,,,,295901,,,,,https://ballotpedia.org/Maureen_Monahan,,22862,,,,,,,,
Tyler Fausset,Tyler,,Fausset,,,,,Nonpartisan,Metropolitan Community College Board of Governors District 3,,NE,Challenger,Metropolitan Community College Board of Governors District 3,,,Male,,,,,,,,,,,,,,,,,,,,,,,,,,,,,,,,,,,,,,,,,,,,,,,,349265,,,,,https://ballotpedia.org/Tyler_Fausset,,22862,,,,,,,,
Ron Hug,Ron,,Hug,,,,,Nonpartisan,Metropolitan Community College Board of Governors District 4,,NE,Incumbent,Metropolitan Community College Board of Governors District 4,,,Male,,,,,,,,,,,,,,,,,,,,,,,,,,,,,,,,,,,,,,,,,,,,,,,,291308,,,,,https://ballotpedia.org/Ron_Hug,,20339,,,,,,,,
Kimara Snipes,Kimara,,Snipes,,,,,Nonpartisan,Metropolitan Community College Board of Governors District 4,,NE,Challenger,Metropolitan Community College Board of Governors District 4,,,Female,,,,,,,,,,,,,,,,,,,,,,,,,,,,,,,,,,,,,,,,,,,,,,,,296503,,,,,https://ballotpedia.org/Kimara_Snipes,,20339,,,,,,,,
Sandra Hoffman,Sandra,,Hoffman,,,,,Nonpartisan,Southeast Community College Board of Governors District 1,,NE,Challenger,Southeast Community College Board of Governors District 1,,,Female,,,,,,,,,,,,,,,,,,,,,,,,,,,,,,,,,,,,,,,,,,,,,,,,349336,,,,,https://ballotpedia.org/Sandra_Hoffman,,22872,,,,,,,,
Keith Hammons,Keith,,Hammons,,,,,Nonpartisan,Southeast Community College Board of Governors District 2,,NE,Incumbent,Southeast Community College Board of Governors District 2,,,Male,,,,,,,,,,,,,,,,,,,,,,,,,,,,,,,,,,,,,,,,,,,,,,,,296429,,,,,https://ballotpedia.org/Keith_Hammons,,22958,,,,,,,,
Brandon Gunther,Brandon,,Gunther,,,,,Nonpartisan,Southeast Community College Board of Governors District 2,,NE,Challenger,Southeast Community College Board of Governors District 2,,,Male,,,,,,,,,,,,,,,,,,,,,,,,,,,,,,,,,,,,,,,,,,,,,,,,349337,,,,,https://ballotpedia.org/Brandon_Gunther,,22958,,,,,,,,
Nancy Seim,Nancy,,Seim,,,,,Nonpartisan,Southeast Community College Board of Governors District 3,,NE,Incumbent,Southeast Community College Board of Governors District 3,,,,,,,,,,,,,,,,,,,,,,,,,,,,,,,,,,,,,,,,,,,,,,,,,,,291423,,,,,https://ballotpedia.org/Nancy_Seim,,22824,,,,,,,,
James Garver,James,,Garver,,,,,Nonpartisan,Southeast Community College Board of Governors District 4,,NE,Incumbent,Southeast Community College Board of Governors District 4,,,,,,,,,,,,,,,,,,,,,,,,,,,,,,,,,,,,,,,,,,,,,,,,,,,291424,,,,,https://ballotpedia.org/James_Garver,,22892,,,,,,,,
Megan Neiles-Brasch,Megan,,Neiles-Brasch,,,,,Nonpartisan,Southeast Community College Board of Governors District 5,,NE,Challenger,Southeast Community College Board of Governors District 5,,,,,,,,,,,,,,,,,,,,,,,,,,,,,,,,,,,,,,,,,,,,,,,,,,,349339,,,,,https://ballotpedia.org/Megan_Neiles-Brasch,,22871,,,,,,,,
Joann Herrington,Joann,,Herrington,,,,,Nonpartisan,Southeast Community College Board of Governors District 5,,NE,Challenger,Southeast Community College Board of Governors District 5,,,Female,,,,,,,,,,,,,,,,,,,,,,,,,,,,,,,,,,,,,,,,,,,,,,,,349340,,,,,https://ballotpedia.org/Joann_Herrington,,22871,,,,,,,,
Crystal Rhoades,Crystal,,Rhoades,,,,,Democratic Party,Douglas County Clerk of the District Court,,NE,Challenger,Douglas,,,Female,,,,,,,,,,,,,,,,,,,,,,,,,,,,,,,,,,,,,,,,,,,,,,,,10504,,,,,https://ballotpedia.org/Crystal_Rhoades,,32063,,,,,,ocd-division/country:us/state:ne/county:douglas,,
Thomas Flynn,Thomas,,Flynn,,,,,Republican Party,Douglas County Clerk of the District Court,,NE,Challenger,Douglas,,,Male,,,,,,,,,,,,,,,,,,,,,,,,,,,,,,,,,,,,,,,,,,,,,,,,349251,,,,,https://ballotpedia.org/Thomas_Flynn,,32063,,,,,,ocd-division/country:us/state:ne/county:douglas,,
Amy Parks,Amy,,Parks,,,,,Nonpartisan,Elkhorn Public Schools school board At-large,,NE,Incumbent,Elkhorn Public Schools,,,Female,,,,,,,,,,,,,,,,,,,,,,,,,,,,,,,,,,,,,,,,,,,,,,,,296489,,,,,https://ballotpedia.org/Amy_Parks_(Nebraska),,32162,,,,,,,,
Nancy A. Rogic-Greufe,Nancy,A.,Rogic-Greufe,,,,,Nonpartisan,Elkhorn Public Schools school board At-large,,NE,Incumbent,Elkhorn Public Schools,,,Female,,,,,,,,,,,,,,,,,,,,,,,,,,,,,,,,,,,,,,,,,,,,,,,,296491,,,,,https://ballotpedia.org/Nancy_A._Rogic-Greufe,,32162,,,,,,,,
Jerid Tingelhoff,Jerid,,Tingelhoff,,,,,Nonpartisan,Elkhorn Public Schools school board At-large,,NE,Challenger,Elkhorn Public Schools,,,Male,,,,,,,,,,,,,,,,,,,,,,,,,,,,,,,,,,,,,,,,,,,,,,,,352959,,,,,https://ballotpedia.org/Jerid_Tingelhoff,,32162,,,,,,,,
Luther Starks,Luther,,Starks,,,,,Nonpartisan,Elkhorn Public Schools school board At-large,,NE,Challenger,Elkhorn Public Schools,,,Male,,,,,,,,,,,,,,,,,,,,,,,,,,,,,,,,,,,,,,,,,,,,,,,,352962,,,,,https://ballotpedia.org/Luther_Starks,,32162,,,,,,,,
Brett Elliott,Brett,,Elliott,,,,,Nonpartisan,Elkhorn Public Schools school board At-large,,NE,Challenger,Elkhorn Public Schools,,,Male,,,,,,,,,,,,,,,,,,,,,,,,,,,,,,,,,,,,,,,,,,,,,,,,352963,,,,,https://ballotpedia.org/Brett_Elliott,,32162,,,,,,,,
Mark Wortman,Mark,,Wortman,,,,,Nonpartisan,Elkhorn Public Schools school board At-large,,NE,Challenger,Elkhorn Public Schools,,,Male,,,,,,,,,,,,,,,,,,,,,,,,,,,,,,,,,,,,,,,,,,,,,,,,352965,,,,,https://ballotpedia.org/Mark_Wortman,,32162,,,,,,,,
Brian Thommes,Brian,,Thommes,,,,,Nonpartisan,Learning Community Coordinating Council Achievement Subcouncil 1,,NE,Incumbent,Learning Community Coordinating Council Achievement Subcouncil 1,,,Male,,,,,,,,,,,,,,,,,,,,,,,,,,,,,,,,,,,,,,,,,,,,,,,,97382,,,,,https://ballotpedia.org/Brian_Thommes,,32111,,,,,,,,
Gerald Kuhn,Gerald,,Kuhn,,,,,Nonpartisan,Learning Community Coordinating Council Achievement Subcouncil 1,,NE,Challenger,Learning Community Coordinating Council Achievement Subcouncil 1,,,Male,,,,,,,,,,,,,,,,,,,,,,,,,,,,,,,,,,,,,,,,,,,,,,,,328111,,,,,https://ballotpedia.org/Gerald_Kuhn,,32111,,,,,,,,
Brenda Banks,Brenda,,Banks,,,,,Nonpartisan,Learning Community Coordinating Council Achievement Subcouncil 1,,NE,Challenger,Learning Community Coordinating Council Achievement Subcouncil 1,,,Female,,,,,,,,,,,,,,,,,,,,,,,,,,,,,,,,,,,,,,,,,,,,,,,,349266,,,,,https://ballotpedia.org/Brenda_Banks,,32111,,,,,,,,
Ryan Cohagan,Ryan,,Cohagan,,,,,Nonpartisan,Learning Community Coordinating Council Achievement Subcouncil 1,,NE,Challenger,Learning Community Coordinating Council Achievement Subcouncil 1,,,,,,,,,,,,,,,,,,,,,,,,,,,,,,,,,,,,,,,,,,,,,,,,,,,349267,,,,,https://ballotpedia.org/Ryan_Cohagan,,32111,,,,,,,,
Mark Hoeger,Mark,,Hoeger,,,,,Nonpartisan,Learning Community Coordinating Council Achievement Subcouncil 3,,NE,Incumbent,Learning Community Coordinating Council Achievement Subcouncil 3,,,Male,,,,,,,,,,,,,,,,,,,,,,,,,,,,,,,,,,,,,,,,,,,,,,,,295830,,,,,https://ballotpedia.org/Mark_Hoeger,,32112,,,,,,,,
Sally Otis,Sally,,Otis,,,,,Nonpartisan,Learning Community Coordinating Council Achievement Subcouncil 3,,NE,Challenger,Learning Community Coordinating Council Achievement Subcouncil 3,,,Female,,,,,,,,,,,,,,,,,,,,,,,,,,,,,,,,,,,,,,,,,,,,,,,,349268,,,,,https://ballotpedia.org/Sally_Otis,,32112,,,,,,,,
Chris Tooker,Chris,,Tooker,,,,,Nonpartisan,Learning Community Coordinating Council Achievement Subcouncil 3,,NE,Challenger,Learning Community Coordinating Council Achievement Subcouncil 3,,,Male,,,,,,,,,,,,,,,,,,,,,,,,,,,,,,,,,,,,,,,,,,,,,,,,349269,,,,,https://ballotpedia.org/Chris_Tooker,,32112,,,,,,,,
Tonya Ward,Tonya,,Ward,,,,,Nonpartisan,Learning Community Coordinating Council Achievement Subcouncil 5,,NE,Incumbent,Learning Community Coordinating Council Achievement Subcouncil 5,,,Female,,,,,,,,,,,,,,,,,,,,,,,,,,,,,,,,,,,,,,,,,,,,,,,,291318,,,,,https://ballotpedia.org/Tonya_Ward,,32113,,,,,,,,
Erik Servellon,Erik,,Servellon,,,,,Nonpartisan,Learning Community Coordinating Council Achievement Subcouncil 5,,NE,Challenger,Learning Community Coordinating Council Achievement Subcouncil 5,,,Male,,,,,,,,,,,,,,,,,,,,,,,,,,,,,,,,,,,,,,,,,,,,,,,,295833,,,,,https://ballotpedia.org/Erik_Servellon,,32113,,,,,,,,
Douglas Brady,Douglas,,Brady,,,,,Nonpartisan,Learning Community Coordinating Council Achievement Subcouncil 5,,NE,Challenger,Learning Community Coordinating Council Achievement Subcouncil 5,,,Male,,,,,,,,,,,,,,,,,,,,,,,,,,,,,,,,,,,,,,,,,,,,,,,,349270,,,,,https://ballotpedia.org/Douglas_Brady_(Nebraska),,32113,,,,,,,,
Andy Allen,Andy,,Allen,,,,,Nonpartisan,Learning Community Coordinating Council Achievement Subcouncil 5,,NE,Challenger,Learning Community Coordinating Council Achievement Subcouncil 5,,,Male,,,,,,,,,,,,,,,,,,,,,,,,,,,,,,,,,,,,,,,,,,,,,,,,349271,,,,,https://ballotpedia.org/Andy_Allen,,32113,,,,,,,,
David Landis,David,,Landis,,,,,Nonpartisan,Lower Platte South Natural Resources District At-large,,NE,Incumbent,Lower Platte South Natural Resources District,,,,,,,,,,,,,,,,,,,,,,,,,,,,,,,,,,,,,,,,,,,,,,,,,,,291396,,,,,https://ballotpedia.org/David_Landis,,22952,,,,,,,,
Gary Hellerich,Gary,,Hellerich,,,,,Nonpartisan,Lower Platte South Natural Resources District Subdistrict 1,,NE,Incumbent,Lower Platte South Natural Resources District Subdistrict 1,,,Male,,,,,,,,,,,,,,,,,,,,,,,,,,,,,,,,,,,,,,,,,,,,,,,,291378,,,,,https://ballotpedia.org/Gary_Hellerich,,22795,,,,,,,,
Jim Schultz,Jim,,Schultz,,,,,Nonpartisan,Lower Platte South Natural Resources District Subdistrict 1,,NE,Challenger,Lower Platte South Natural Resources District Subdistrict 1,,,Male,,,,,,,,,,,,,,,,,,,,,,,,,,,,,,,,,,,,,,,,,,,,,,,,296360,,,,,https://ballotpedia.org/Jim_Schultz_(Nebraska),,22795,,,,,,,,
Susan Seacrest,Susan,,Seacrest,,,,,Nonpartisan,Lower Platte South Natural Resources District Subdistrict 10,,NE,Incumbent,Lower Platte South Natural Resources District Subdistrict 10,,,,,,,,,,,,,,,,,,,,,,,,,,,,,,,,,,,,,,,,,,,,,,,,,,,349332,,,,,https://ballotpedia.org/Susan_Seacrest,,22883,,,,,,,,
Mark Spangler,Mark,,Spangler,,,,,Nonpartisan,Lower Platte South Natural Resources District Subdistrict 2,,NE,Incumbent,Lower Platte South Natural Resources District Subdistrict 2,,,Male,,,,,,,,,,,,,,,,,,,,,,,,,,,,,,,,,,,,,,,,,,,,,,,,291380,,,,,https://ballotpedia.org/Mark_Spangler,,22974,,,,,,,,
Melissa Baker,Melissa,,Baker,,,,,Nonpartisan,Lower Platte South Natural Resources District Subdistrict 3,,NE,Challenger,Lower Platte South Natural Resources District Subdistrict 3,,,Female,,,,,,,,,,,,,,,,,,,,,,,,,,,,,,,,,,,,,,,,,,,,,,,,349329,,,,,https://ballotpedia.org/Melissa_Baker,,22822,,,,,,,,
Annette Thompson,Annette,,Thompson,,,,,Nonpartisan,Lower Platte South Natural Resources District Subdistrict 3,,NE,Challenger,Lower Platte South Natural Resources District Subdistrict 3,,,Female,,,,,,,,,,,,,,,,,,,,,,,,,,,,,,,,,,,,,,,,,,,,,,,,349330,,,,,https://ballotpedia.org/Annette_Thompson_(Nebraska),,22822,,,,,,,,
Larry Ruth,Larry,,Ruth,,,,,Nonpartisan,Lower Platte South Natural Resources District Subdistrict 4,,NE,Incumbent,Lower Platte South Natural Resources District Subdistrict 4,,,Male,,,,,,,,,,,,,,,,,,,,,,,,,,,,,,,,,,,,,,,,,,,,,,,,291383,,,,,https://ballotpedia.org/Larry_Ruth,,22823,,,,,,,,
Greg Osborn,Greg,,Osborn,,,,,Nonpartisan,Lower Platte South Natural Resources District Subdistrict 5,,NE,Challenger,Lower Platte South Natural Resources District Subdistrict 5,,,Male,,,,,,,,,,,,,,,,,,,,,,,,,,,,,,,,,,,,,,,,,,,,,,,,291384,,,,,https://ballotpedia.org/Greg_Osborn,,22799,,,,,,,,
Stacie Sinclair,Stacie,,Sinclair,,,,,Nonpartisan,Lower Platte South Natural Resources District Subdistrict 5,,NE,Challenger,Lower Platte South Natural Resources District Subdistrict 5,,,Female,,,,,,,,,,,,,,,,,,,,,,,,,,,,,,,,,,,,,,,,,,,,,,,,349331,,,,,https://ballotpedia.org/Stacie_Sinclair,,22799,,,,,,,,
Deborah Eagan,Deborah,,Eagan,,,,,Nonpartisan,Lower Platte South Natural Resources District Subdistrict 6,,NE,Incumbent,Lower Platte South Natural Resources District Subdistrict 6,,,Female,,,,,,,,,,,,,,,,,,,,,,,,,,,,,,,,,,,,,,,,,,,,,,,,291387,,,,,https://ballotpedia.org/Deborah_Eagan,,22878,,,,,,,,
Luke Peterson,Luke,,Peterson,,,,,Nonpartisan,Lower Platte South Natural Resources District Subdistrict 7,,NE,Incumbent,Lower Platte South Natural Resources District Subdistrict 7,,,Male,,,,,,,,,,,,,,,,,,,,,,,,,,,,,,,,,,,,,,,,,,,,,,,,295942,,,,,https://ballotpedia.org/Luke_Peterson,,22886,,,,,,,,
Tom Green,Tom,,Green,,,,,Nonpartisan,Lower Platte South Natural Resources District Subdistrict 8,,NE,Incumbent,Lower Platte South Natural Resources District Subdistrict 8,,,,,,,,,,,,,,,,,,,,,,,,,,,,,,,,,,,,,,,,,,,,,,,,,,,295943,,,,,https://ballotpedia.org/Tom_Green,,23058,,,,,,,,
Bob Andersen,Bob,,Andersen,,,,,Nonpartisan,Lower Platte South Natural Resources District Subdistrict 9,,NE,Incumbent,Lower Platte South Natural Resources District Subdistrict 9,,,Male,,,,,,,,,,,,,,,,,,,,,,,,,,,,,,,,,,,,,,,,,,,,,,,,291393,,,,,https://ballotpedia.org/Bob_Andersen,,22959,,,,,,,,
John McCollister,John,,McCollister,,,,http://www.nebraskalegislature.gov/media/images/blogs/dist20.jpg,Nonpartisan,Metropolitan Utilities District Board of Directors Subdivision 6,,NE,Challenger,Metropolitan Utilities District Board of Directors Subdivision 6,,,Male,,,,,,jmccollister@leg.ne.gov,,,,,,,,,,,,,,,,,,,,,,,,,,,,,,,,,,,,,,,,,,28238,,,,,https://ballotpedia.org/John_McCollister,,22882,,,,,,,ocd-person/d1bc7ffe-45ef-4132-8fc4-48529c08f9e7,
Mike McGowan,Mike,,McGowan,,,,,Nonpartisan,Metropolitan Utilities District Board of Directors Subdivision 6,,NE,Incumbent,Metropolitan Utilities District Board of Directors Subdivision 6,,,Male,,,,,,,,,,,,,,,,,,,,,,,,,,,,,,,,,,,,,,,,,,,,,,,,291349,,,,,https://ballotpedia.org/Mike_McGowan,,22882,,,,,,,,
Scott Murray,Scott,,Murray,,,,,Nonpartisan,Metropolitan Utilities District Board of Directors Subdivision 7,,NE,Challenger,Metropolitan Utilities District Board of Directors Subdivision 7,,,Male,,,,,,,,,,,,,,,,,,,,,,,,,,,,,,,,,,,,,,,,,,,,,,,,350079,,,,,https://ballotpedia.org/Scott_Murray,,22870,,,,,,,,
Bob Sidzyik,Bob,,Sidzyik,,,,,Nonpartisan,Metropolitan Utilities District Board of Directors Subdivision 7,,NE,Challenger,Metropolitan Utilities District Board of Directors Subdivision 7,,,Male,,,,,,,,,,,,,,,,,,,,,,,,,,,,,,,,,,,,,,,,,,,,,,,,350080,,,,,https://ballotpedia.org/Bob_Sidzyik,,22870,,,,,,,,
Mike Kennedy,Mike,,Kennedy,,,,,Nonpartisan,Millard Board of Education At-large,,NE,Incumbent,Millard Public Schools,,,,,,,,,,,,,,,,,,,,,,,,,,,,,,,,,,,,,,,,,,,,,,,,,,,40710,,,,,https://ballotpedia.org/Mike_Kennedy_(Nebraska),,1093,,,,,,,,
Terry Dale,Terry,,Dale,,,,,Nonpartisan,Millard Board of Education At-large,,NE,Challenger,Millard Public Schools,,,,,,,,,,,,,,,,,,,,,,,,,,,,,,,,,,,,,,,,,,,,,,,,,,,54287,,,,,https://ballotpedia.org/Terry_Dale_(Nebraska),,1093,,,,,,,,
Stacy Jolley,Stacy,,Jolley,,,,,Nonpartisan,Millard Board of Education At-large,,NE,Incumbent,Millard Public Schools,,,Female,,,,,,,,,,,,,,,,,,,,,,,,,,,,,,,,,,,,,,,,,,,,,,,,296464,,,,,https://ballotpedia.org/Stacy_Jolley,,1093,,,,,,,,
Lisa Schoenberger,Lisa,,Schoenberger,,,,,Nonpartisan,Millard Board of Education At-large,,NE,Challenger,Millard Public Schools,,,Female,,,,,,,,,,,,,,,,,,,,,,,,,,,,,,,,,,,,,,,,,,,,,,,,328121,,,,,https://ballotpedia.org/Lisa_Schoenberger,,1093,,,,,,,,
Sean Swanson,Sean,,Swanson,,,,,Nonpartisan,Millard Board of Education At-large,,NE,Challenger,Millard Public Schools,,,Male,,,,,,,,,,,,,,,,,,,,,,,,,,,,,,,,,,,,,,,,,,,,,,,,352969,,,,,https://ballotpedia.org/Sean_Swanson,,1093,,,,,,,,
Mark Krueger,Mark,,Krueger,,,,,Nonpartisan,Millard Board of Education At-large,,NE,Challenger,Millard Public Schools,,,,,,,,,,,,,,,,,,,,,,,,,,,,,,,,,,,,,,,,,,,,,,,,,,,352970,,,,,https://ballotpedia.org/Mark_Krueger,,1093,,,,,,,,
Ken Malone,Ken,,Malone,,,,,Nonpartisan,Nemaha Natural Resources District Board of Directors At-large,,NE,Challenger,Nemaha Natural Resources District,,,,,,,,,,,,,,,,,,,,,,,,,,,,,,,,,,,,,,,,,,,,,,,,,,,349334,,,,,https://ballotpedia.org/Ken_Malone,,23031,,,,,,,,
Jason Armknech,Jason,,Armknech,,,,,Nonpartisan,Nemaha Natural Resources District Board of Directors At-large,,NE,Challenger,Nemaha Natural Resources District,,,,,,,,,,,,,,,,,,,,,,,,,,,,,,,,,,,,,,,,,,,,,,,,,,,349335,,,,,https://ballotpedia.org/Jason_Armknech,,23031,,,,,,,,
Tim Loseke,Tim,,Loseke,,,,,Nonpartisan,Nemaha Natural Resources District Board of Directors Subdistrict 1,,NE,Incumbent,Nemaha Natural Resources District Board of Directors Subdistrict 1,,,Male,,,,,,,,,,,,,,,,,,,,,,,,,,,,,,,,,,,,,,,,,,,,,,,,291398,,,,,https://ballotpedia.org/Tim_Loseke,,22942,,,,,,,,
Matthew Bloss,Matthew,,Bloss,,,,,Nonpartisan,Nemaha Natural Resources District Board of Directors Subdistrict 10,,NE,Challenger,Nemaha Natural Resources District Board of Directors Subdistrict 10,,,Male,,,,,,,,,,,,,,,,,,,,,,,,,,,,,,,,,,,,,,,,,,,,,,,,349333,,,,,https://ballotpedia.org/Matthew_Bloss,,22879,,,,,,,,
Russel Moss,Russel,,Moss,,,,,Nonpartisan,Nemaha Natural Resources District Board of Directors Subdistrict 2,,NE,Incumbent,Nemaha Natural Resources District Board of Directors Subdistrict 2,,,,,,,,,,,,,,,,,,,,,,,,,,,,,,,,,,,,,,,,,,,,,,,,,,,291417,,,,,https://ballotpedia.org/Russel_Moss,,22844,,,,,,,,
Doug Iske,Doug,,Iske,,,,,Nonpartisan,Nemaha Natural Resources District Board of Directors Subdistrict 3,,NE,Incumbent,Nemaha Natural Resources District Board of Directors Subdistrict 3,,,,,,,,,,,,,,,,,,,,,,,,,,,,,,,,,,,,,,,,,,,,,,,,,,,291402,,,,,https://ballotpedia.org/Doug_Iske,,22898,,,,,,,,
Kevin Thorne,Kevin,,Thorne,,,,,Nonpartisan,Nemaha Natural Resources District Board of Directors Subdistrict 5,,NE,Incumbent,Nemaha Natural Resources District Board of Directors Subdistrict 5,,,,,,,,,,,,,,,,,,,,,,,,,,,,,,,,,,,,,,,,,,,,,,,,,,,291406,,,,,https://ballotpedia.org/Kevin_Thorne,,22891,,,,,,,,
J. Duane Sugden,J.,Duane,Sugden,,,,,Nonpartisan,Nemaha Natural Resources District Board of Directors Subdistrict 6,,NE,Incumbent,Nemaha Natural Resources District Board of Directors Subdistrict 6,,,,,,,,,,,,,,,,,,,,,,,,,,,,,,,,,,,,,,,,,,,,,,,,,,,291400,,,,,https://ballotpedia.org/J._Duane_Sugden,,22854,,,,,,,,
Daniel Stukenholtz,Daniel,,Stukenholtz,,,,,Nonpartisan,Nemaha Natural Resources District Board of Directors Subdistrict 7,,NE,Incumbent,Nemaha Natural Resources District Board of Directors Subdistrict 7,,,Male,,,,,,,,,,,,,,,,,,,,,,,,,,,,,,,,,,,,,,,,,,,,,,,,291410,,,,,https://ballotpedia.org/Daniel_Stukenholtz,,22920,,,,,,,,
William Niedfeldt,William,,Niedfeldt,,,,,Nonpartisan,Nemaha Natural Resources District Board of Directors Subdistrict 8,,NE,Incumbent,Nemaha Natural Resources District Board of Directors Subdistrict 8,,,,,,,,,,,,,,,,,,,,,,,,,,,,,,,,,,,,,,,,,,,,,,,,,,,291414,,,,,https://ballotpedia.org/William_Niedfeldt,,22838,,,,,,,,
Alan Romine,Alan,,Romine,,,,,Nonpartisan,Nemaha Natural Resources District Board of Directors Subdistrict 9,,NE,Incumbent,Nemaha Natural Resources District Board of Directors Subdistrict 9,,,,,,,,,,,,,,,,,,,,,,,,,,,,,,,,,,,,,,,,,,,,,,,,,,,291416,,,,,https://ballotpedia.org/Alan_Romine,,22973,,,,,,,,
Patty Bentzinger,Patty,,Bentzinger,,,,,Nonpartisan,Norris School District 160 school board Ward 2,,NE,Incumbent,Norris School District 160,,,Female,,,,,,,,,,,,,,,,,,,,,,,,,,,,,,,,,,,,,,,,,,,,,,,,296494,,,,,https://ballotpedia.org/Patty_Bentzinger,,32163,,,,,,,,
Justin Drahota,Justin,,Drahota,,,,,Nonpartisan,Norris School District 160 school board Ward 2,,NE,Challenger,Norris School District 160,,,Male,,,,,,,,,,,,,,,,,,,,,,,,,,,,,,,,,,,,,,,,,,,,,,,,352966,,,,,https://ballotpedia.org/Justin_Drahota,,32163,,,,,,,,
Jim Craig,Jim,,Craig,,,,,Nonpartisan,Norris School District 160 school board Ward 4,,NE,Incumbent,Norris School District 160,,,Male,,,,,,,,,,,,,,,,,,,,,,,,,,,,,,,,,,,,,,,,,,,,,,,,296495,,,,,https://ballotpedia.org/Jim_Craig_(Nebraska),,32164,,,,,,,,
Aaron Wubbels,Aaron,,Wubbels,,,,,Nonpartisan,Norris School District 160 school board Ward 4,,NE,Challenger,Norris School District 160,,,,,,,,,,,,,,,,,,,,,,,,,,,,,,,,,,,,,,,,,,,,,,,,,,,352968,,,,,https://ballotpedia.org/Aaron_Wubbels,,32164,,,,,,,,
Craig Gana,Craig,,Gana,,,,,Nonpartisan,Norris School District 160 school board Ward 6,,NE,Incumbent,Norris School District 160,,,Male,,,,,,,,,,,,,,,,,,,,,,,,,,,,,,,,,,,,,,,,,,,,,,,,296496,,,,,https://ballotpedia.org/Craig_Gana,,32165,,,,,,,,
Matt Core,Matt,,Core,,,,,Nonpartisan,Omaha Public Power District Board of Directors Subdivision 4,,NE,Challenger,Omaha Public Power District,,,,,,,,,,,,,,,,,,,,,,,,,,,,,,,,,,,,,,,,,,,,,,,,,,,350082,,,,,https://ballotpedia.org/Matt_Core,,37200,,,,,,,,
Jim Grotrian,Jim,,Grotrian,,,,,Nonpartisan,Omaha Public Power District Board of Directors Subdivision 4,,NE,Challenger,Omaha Public Power District,,,Male,,,,,,,,,,,,,,,,,,,,,,,,,,,,,,,,,,,,,,,,,,,,,,,,350083,,,,,https://ballotpedia.org/Jim_Grotrian,,37200,,,,,,,,
Craig Moody,Craig,,Moody,,,,,Nonpartisan,Omaha Public Power District Board of Directors Subdivision 5,,NE,Incumbent,Omaha Public Power District,,,Male,,,,,,,,,,,,,,,,,,,,,,,,,,,,,,,,,,,,,,,,,,,,,,,,291341,,,,,https://ballotpedia.org/Craig_Moody,,23020,,,,,,,,
Kevin Ryan,Kevin,,Ryan,,,,,Nonpartisan,Omaha Public Power District Board of Directors Subdivision 5,,NE,Challenger,Omaha Public Power District,,,,,,,,,,,,,,,,,,,,,,,,,,,,,,,,,,,,,,,,,,,,,,,,,,,349274,,,,,https://ballotpedia.org/Kevin_Ryan_(Nebraska),,23020,,,,,,,,
Marque A. Snow,Marque,A.,Snow,,,,,Nonpartisan,Omaha Public Schools Board of Education Subdistrict 2,,NE,Incumbent,Omaha Public Schools Board of Education Subdistrict 2,,,Male,,,,,,,,,,,,,,,,,,,,,,,,,,,,,,,,,,,,,,,,,,,,,,,,37470,,,,,https://ballotpedia.org/Marque_A._Snow,,6239,,,,,,,,
Brianna Full,Brianna,,Full,,,,,Nonpartisan,Omaha Public Schools Board of Education Subdistrict 2,,NE,Challenger,Omaha Public Schools Board of Education Subdistrict 2,,,Female,,,,,,,,,,,,,,,,,,,,,,,,,,,,,,,,,,,,,,,,,,,,,,,,361287,,,,,https://ballotpedia.org/Brianna_Full,,6239,,,,,,,,
Shavonna Holman,Shavonna,,Holman,,,,,Nonpartisan,Omaha Public Schools Board of Education Subdistrict 4,,NE,Incumbent,Omaha Public Schools Board of Education Subdistrict 4,,,Female,,,,,,,,,,,,,,,,,,,,,,,,,,,,,,,,,,,,,,,,,,,,,,,,296499,,,,,https://ballotpedia.org/Shavonna_Holman,,32166,,,,,,,,
Nancy Kratky,Nancy,,Kratky,,,,,Nonpartisan,Omaha Public Schools Board of Education Subdistrict 6,,NE,Incumbent,Omaha Public Schools Board of Education Subdistrict 6,,,,,,,,,,,,,,,,,,,,,,,,,,,,,,,,,,,,,,,,,,,,,,,,,,,296501,,,,,https://ballotpedia.org/Nancy_Kratky,,21555,,,,,,,,
Hina Agarwal,Hina,,Agarwal,,,,,Nonpartisan,Omaha Public Schools Board of Education Subdistrict 6,,NE,Challenger,Omaha Public Schools Board of Education Subdistrict 6,,,Female,,,,,,,,,,,,,,,,,,,,,,,,,,,,,,,,,,,,,,,,,,,,,,,,361289,,,,,https://ballotpedia.org/Hina_Agarwal,,21555,,,,,,,,
Margo Juarez,Margo,,Juarez,,,,,Nonpartisan,Omaha Public Schools Board of Education Subdistrict 8,,NE,Incumbent,Omaha Public Schools Board of Education Subdistrict 8,,,,,,,,,,,,,,,,,,,,,,,,,,,,,,,,,,,,,,,,,,,,,,,,,,,349073,,,,,https://ballotpedia.org/Margo_Juarez,,30414,,,,,,,,
Carl Satterfield Jr.,Carl,,Satterfield,,,Jr.,,Nonpartisan,Omaha Public Schools Board of Education Subdistrict 8,,NE,Challenger,Omaha Public Schools Board of Education Subdistrict 8,,,Male,,,,,,,,,,,,,,,,,,,,,,,,,,,,,,,,,,,,,,,,,,,,,,,,361292,,,,,https://ballotpedia.org/Carl_Satterfield_Jr.,,30414,,,,,,,,
Fred Conley,Fred,,Conley,,,,,Nonpartisan,Papio-Missouri River Natural Resources District Board Subdistrict 2,,NE,Incumbent,Papio-Missouri River Natural Resources District Board Subdistrict 2,,,Male,,,,,,,,,,,,,,,,,,,,,,,,,,,,,,,,,,,,,,,,,,,,,,,,291331,,,,,https://ballotpedia.org/Fred_Conley,,23116,,,,,,,,
Tim McCormick,Tim,,McCormick,,,,,Nonpartisan,Papio-Missouri River Natural Resources District Board Subdistrict 4,,NE,Incumbent,Papio-Missouri River Natural Resources District Board Subdistrict 4,,,Male,,,,,,,,,,,,,,,,,,,,,,,,,,,,,,,,,,,,,,,,,,,,,,,,295835,,,,,https://ballotpedia.org/Tim_McCormick,,22975,,,,,,,,
Barb Nichols,Barb,,Nichols,,,,,Nonpartisan,Papio-Missouri River Natural Resources District Board Subdistrict 4,,NE,Challenger,Papio-Missouri River Natural Resources District Board Subdistrict 4,,,,,,,,,,,,,,,,,,,,,,,,,,,,,,,,,,,,,,,,,,,,,,,,,,,296421,,,,,https://ballotpedia.org/Barb_Nichols,,22975,,,,,,,,
Jim Thompson,Jim,,Thompson,,,,,Nonpartisan,Papio-Missouri River Natural Resources District Board Subdistrict 6,,NE,Incumbent,Papio-Missouri River Natural Resources District Board Subdistrict 6,,,,,,,,,,,,,,,,,,,,,,,,,,,,,,,,,,,,,,,,,,,,,,,,,,,291334,,,,,https://ballotpedia.org/Jim_Thompson_(Nebraska),,22848,,,,,,,,
Tim Fowler,Tim,,Fowler,,,,,Nonpartisan,Papio-Missouri River Natural Resources District Board Subdistrict 8,,NE,Incumbent,Papio-Missouri River Natural Resources District Board Subdistrict 8,,,Male,,,,,,,,,,,,,,,,,,,,,,,,,,,,,,,,,,,,,,,,,,,,,,,,291336,,,,,https://ballotpedia.org/Tim_Fowler_(Nebraska),,23017,,,,,,,,
Mary Roarty,Mary,,Roarty,,,,,Nonpartisan,Ralston Public Schools school board At-large,,NE,Incumbent,Ralston Public Schools,,,Female,,,,,,,,,,,,,,,,,,,,,,,,,,,,,,,,,,,,,,,,,,,,,,,,296505,,,,,https://ballotpedia.org/Mary_Roarty,,32167,,,,,,,,
Elizabeth Kumru,Elizabeth,,Kumru,,,,,Nonpartisan,Ralston Public Schools school board At-large,,NE,Incumbent,Ralston Public Schools,,,Female,,,,,,,,,,,,,,,,,,,,,,,,,,,,,,,,,,,,,,,,,,,,,,,,307844,,,,,https://ballotpedia.org/Elizabeth_Kumru,,32167,,,,,,,,
Carrie Hough,Carrie,,Hough,,,,,Nonpartisan,Ralston Public Schools school board At-large,,NE,Challenger,Ralston Public Schools,,,,,,,,,,,,,,,,,,,,,,,,,,,,,,,,,,,,,,,,,,,,,,,,,,,361285,,,,,https://ballotpedia.org/Carrie_Hough,,32167,,,,,,,,
Jessica Fountain Zuniga,Jessica,Fountain,Zuniga,,,,,Nonpartisan,Waverly School District school board Ward 1,,NE,Incumbent,Waverly School District School Board Ward 1,,,,,,,,,,,,,,,,,,,,,,,,,,,,,,,,,,,,,,,,,,,,,,,,,,,296506,,,,,https://ballotpedia.org/Jessica_Fountain_Zuniga,,32168,,,,,,,,
Scott Claycomb,Scott,,Claycomb,,,,,Nonpartisan,Waverly School District school board Ward 3,,NE,Incumbent,Waverly School District School Board Ward 3,,,,,,,,,,,,,,,,,,,,,,,,,,,,,,,,,,,,,,,,,,,,,,,,,,,296507,,,,,https://ballotpedia.org/Scott_Claycomb,,32169,,,,,,,,
Chad Kendall,Chad,,Kendall,,,,,Nonpartisan,Waverly School District school board Ward 5,,NE,Incumbent,Waverly School District School Board Ward 5,,,,,,,,,,,,,,,,,,,,,,,,,,,,,,,,,,,,,,,,,,,,,,,,,,,296509,,,,,https://ballotpedia.org/Chad_Kendall,,32170,,,,,,,,
Kris Karnes,Kris,,Karnes,,,,,Nonpartisan,Westside Community Schools school board At-large,,NE,Incumbent,Westside Community Schools,,,,,,,,,,,,,,,,,,,,,,,,,,,,,,,,,,,,,,,,,,,,,,,,,,,347916,,,,,https://ballotpedia.org/Kris_Karnes,,32171,,,,,,,,
Jessica Powell,Jessica,,Powell,,,,,Nonpartisan,Westside Community Schools school board At-large,,NE,Challenger,Westside Community Schools,,,Female,,,,,,,,,,,,,,,,,,,,,,,,,,,,,,,,,,,,,,,,,,,,,,,,347917,,,,,https://ballotpedia.org/Jessica_Powell,,32171,,,,,,,,
Adam Yale,Adam,,Yale,,,,,Nonpartisan,Westside Community Schools school board At-large,,NE,Incumbent,Westside Community Schools,,,Male,,,,,,,,,,,,,,,,,,,,,,,,,,,,,,,,,,,,,,,,,,,,,,,,347918,,,,,https://ballotpedia.org/Adam_Yale,,32171,,,,,,,,
Terry Buckman,Terry,,Buckman,,,,,Nonpartisan,Westside Community Schools school board At-large,,NE,Challenger,Westside Community Schools,,,,,,,,,,,,,,,,,,,,,,,,,,,,,,,,,,,,,,,,,,,,,,,,,,,347919,,,,,https://ballotpedia.org/Terry_Buckman,,32171,,,,,,,,
Stu Dornan,Stu,,Dornan,,,,https://gray-wowt-prod.cdn.arcpublishing.com/resizer/kI_yKLwGPm7G0nqA0yfipaNfFfI=/980x0/filters:focal(242x161:252x151):quality(70)/cloudfront-us-east-1.images.arcpublishing.com/gray/6ZTATXH4XBH3JLJI7H6QHHXYBU.jpg,Nonpartisan,Nebraska State Senate District 20,Nebraska State Senator,NE,Challenger,Nebraska State Senate District 20,,,,,,,,,,,votestudornan@gmail.com,,,https://votestudornan.com/,,,https://www.twitter.com/votestudornan,,,https://www.youtube.com/channel/UC2C0uWTb2LT-xik-Ig3Ywzw,,,,,,https://www.facebook.com/VoteStuDornan,,,,,,,,,,,,,,,,,,,,,,,,,,,,,,,,,,,,,,ocd-division/country:us/state:ne/sldu:20,,
Mike Jacobson,Mike,,Jacobson,,,,https://bloximages.chicago2.vip.townnews.com/nptelegraph.com/content/tncms/assets/v3/editorial/3/78/37828cd0-c7f1-5398-89d4-5091027136c3/622176324aea3.image.jpg?resize=333%2C500,Nonpartisan,Nebraska State Senate District 42,Nebraska State Senator,NE,Incumbent,Nebraska State Senate District 42,,,,,,,,,mjacobson@leg.ne.gov,,mjacobson@nlnb.com,,,,,,,,,,,,,https://www.facebook.com/SenJacobson/,https://www.facebook.com/mike.jacobson.1023,https://www.facebook.com/SenJacobson/,,,,,,,,,,,,,,,,,,,,,,,,,,,,https://en.wikipedia.org/wiki/Mike_Jacobson,,,,,,,,,,ocd-division/country:us/state:ne/sldu:42,ocd-person/70b3f826-87f3-43c6-9762-27a178156a55,
Anna Wishart,Anna,,Wishart,,,,http://www.nebraskalegislature.gov/media/images/blogs/dist27.jpg,Nonpartisan,,,NE,Incumbent,,,,,,,,,,awishart@leg.ne.gov,,,,,,,,,,,,,,,,,,,,,,,,,,,,,,,,,,,,,,,,,,,,,,,,,,,,,,,,ocd-person/3acb7032-1f3a-4087-a2cd-0f3786b9f9c9,
Brett Lindstrom,Brett,,Lindstrom,,,,http://www.nebraskalegislature.gov/media/images/blogs/dist18.jpg,Nonpartisan,,,NE,Incumbent,,,,,,,,,,blindstrom@leg.ne.gov,,,,,,,,,,,,,,,,,,,,,,,,,,,,,,,,,,,,,,,,,,,,,,,,,,,,,,,,ocd-person/cd3cf273-2f34-489b-bbe8-cbc416d312cc,
Bruce Bostelman,Bruce,,Bostelman,,,,http://www.nebraskalegislature.gov/media/images/blogs/dist23.jpg,Nonpartisan,,,NE,Incumbent,,,,,,,,,,bbostelman@leg.ne.gov,,,,,,,,,,,,,,,,,,,,,,,,,,,,,,,,,,,,,,,,,,,,,,,,,,,,,,,,ocd-person/53e9667b-b61b-4ca5-a3e0-a30282382851,
Curt Friesen,Curt,,Friesen,,,,http://www.nebraskalegislature.gov/media/images/blogs/dist34.jpg,Nonpartisan,,,NE,Incumbent,,,,,,,,,,cfriesen@leg.ne.gov,,,,,,,,,,,,,,,,,,,,,,,,,,,,,,,,,,,,,,,,,,,,,,,,,,,,,,,,ocd-person/9ad25ac2-b727-4890-9447-8e5c567c4e07,
Dan Hughes,Dan,,Hughes,,,,http://www.nebraskalegislature.gov/media/images/blogs/dist44.jpg,Nonpartisan,,,NE,Incumbent,,,,,,,,,,dhughes@leg.ne.gov,,,,,,,,,,,,,,,,,,,,,,,,,,,,,,,,,,,,,,,,,,,,,,,,,,,,,,,,ocd-person/739a537b-a94d-4147-a1fa-c3f3df959282,
Eliot Bostar,Eliot,,Bostar,,,,http://www.nebraskalegislature.gov/media/images/blogs/dist29.jpg,Nonpartisan,,,NE,Incumbent,,,,,,,,,,ebostar@leg.ne.gov,,,,,,,,,,,,,,,,,,,,,,,,,,,,,,,,,,,,,,,,,,,,,,,,,,,,,,,,ocd-person/5e6ca662-d4e3-405b-a060-d0150546eede,
Jen Day,Jen,,Day,,,,http://www.nebraskalegislature.gov/media/images/blogs/dist49.jpg,Nonpartisan,,,NE,Incumbent,,,,,,,,,,jday@leg.ne.gov,,,,,,,,,,,,,,,,,,,,,,,,,,,,,,,,,,,,,,,,,,,,,,,,,,,,,,,,ocd-person/f1aff840-9cc2-44a1-a117-c96d5f0837b9,
John Cavanaugh,John,,Cavanaugh,,,,http://www.nebraskalegislature.gov/media/images/blogs/dist09.jpg,Nonpartisan,,,NE,Incumbent,,,,,,,,,,jcavanaugh@leg.ne.gov,,,,,,,,,,,,,,,,,,,,,,,,,,,,,,,,,,,,,,,,,,,,,,,,,,,,,,,,ocd-person/0436186a-3b62-46f1-8f36-55e09fca3e77,
John Lowe,John,,Lowe,,,,http://www.nebraskalegislature.gov/media/images/blogs/dist37.jpg,Nonpartisan,,,NE,Incumbent,,,,,,,,,,jlowe@leg.ne.gov,,,,,,,,,,,,,,,,,,,,,,,,,,,,,,,,,,,,,,,,,,,,,,,,,,,,,,,,ocd-person/b68e46b2-ab04-4e52-8269-be6f9b5cf134,
John Stinner,John,,Stinner,,,,http://www.nebraskalegislature.gov/media/images/blogs/dist48.jpg,Nonpartisan,,,NE,Incumbent,,,,,,,,,,jstinner@leg.ne.gov,,,,,,,,,,,,,,,,,,,,,,,,,,,,,,,,,,,,,,,,,,,,,,,,,,,,,,,,ocd-person/53f7b221-8167-4f40-b7cd-38e2cd44c5f4,
Joni Albrecht,Joni,,Albrecht,,,,http://www.nebraskalegislature.gov/media/images/blogs/dist17.jpg,Nonpartisan,,,NE,Incumbent,,,,,,,,,,jalbrecht@leg.ne.gov,,,,,,,,,,,,,,,,,,,,,,,,,,,,,,,,,,,,,,,,,,,,,,,,,,,,,,,,ocd-person/06ad0015-2e29-435a-b13c-170181bab0d8,
Julie Slama,Julie,,Slama,,,,http://www.nebraskalegislature.gov/media/images/blogs/dist01.jpg,Nonpartisan,,,NE,Incumbent,,,,,,,,,,jslama@leg.ne.gov,,,,,,,,,,,,,,,,,,,,,,,,,,,,,,,,,,,,,,,,,,,,,,,,,,,,,,,,ocd-person/695496e5-c9c9-4337-9891-ae31f21fdd06,
Justin Wayne,Justin,,Wayne,,,,http://www.nebraskalegislature.gov/media/images/blogs/dist13.jpg,Nonpartisan,,,NE,Incumbent,,,,,,,,,,jwayne@leg.ne.gov,,,,,,,,,,,,,,,,,,,,,,,,,,,,,,,,,,,,,,,,,,,,,,,,,,,,,,,,ocd-person/59757a4e-8be9-4282-a753-91fe7ab665bd,
Kathleen Kauth,Kathleen,,Kauth,,,,http://www.nebraskalegislature.gov/media/images/blogs/dist31.jpg,Nonpartisan,,,NE,Incumbent,,,,,,,,,,kkauth@leg.ne.gov,,,,,,,,,,,,,,,,,,,,,,,,,,,,,,,,,,,,,,,,,,,,,,,,,,,,,,,,ocd-person/9d6fd408-5497-4038-9716-c1f487e348d2,
Lou Ann Linehan,Lou,Ann,Linehan,,,,http://www.nebraskalegislature.gov/media/images/blogs/dist39.jpg,Nonpartisan,,,NE,Incumbent,,,,,,,,,,llinehan@leg.ne.gov,,,,,,,,,,,,,,,,,,,,,,,,,,,,,,,,,,,,,,,,,,,,,,,,,,,,,,,,ocd-person/c2eb46a6-7524-41e6-a5c3-31e364a23183,
Lynne Walz,Lynne,,Walz,,,,http://www.nebraskalegislature.gov/media/images/blogs/dist15.jpg,Nonpartisan,,,NE,Incumbent,,,,,,,,,,lwalz@leg.ne.gov,,,,,,,,,,,,,,,,,,,,,,,,,,,,,,,,,,,,,,,,,,,,,,,,,,,,,,,,ocd-person/c5b78494-5d8f-4ef6-b83e-cf00d2604b3e,
Mark Kolterman,Mark,,Kolterman,,,,http://www.nebraskalegislature.gov/media/images/blogs/dist24.jpg,Nonpartisan,,,NE,Incumbent,,,,,,,,,,mkolterman@leg.ne.gov,,,,,,,,,,,,,,,,,,,,,,,,,,,,,,,,,,,,,,,,,,,,,,,,,,,,,,,,ocd-person/3f74a814-1ac6-4919-940f-944c81104228,
Michael Flood,Michael,,Flood,,,,http://www.nebraskalegislature.gov/media/images/blogs/dist19.jpg,Nonpartisan,,,NE,Incumbent,,,,,,,,,,mflood@leg.ne.gov,,,,,,,,,,,,,,,,,,,,,,,,,,,,,,,,,,,,,,,,,,,,,,,,,,,,,,,,ocd-person/201c908a-cb5d-4121-adfb-2a02d907007d,
Mike McDonnell,Mike,,McDonnell,,,,http://www.nebraskalegislature.gov/media/images/blogs/dist05.jpg,Nonpartisan,,,NE,Incumbent,,,,,,,,,,mmcdonnell@leg.ne.gov,,,,,,,,,,,,,,,,,,,,,,,,,,,,,,,,,,,,,,,,,,,,,,,,,,,,,,,,ocd-person/8560f373-d2af-4c14-887d-6ec11534dba0,
Raymond Aguilar,Raymond,,Aguilar,,,,http://www.nebraskalegislature.gov/media/images/blogs/dist35.jpg,Nonpartisan,,,NE,Incumbent,,,,,,,,,,raguilar@leg.ne.gov,,,,,,,,,,,,,,,,,,,,,,,,,,,,,,,,,,,,,,,,,,,,,,,,,,,,,,,,ocd-person/c52425e7-796a-427b-bf66-3bad19439493,
Rita Sanders,Rita,,Sanders,,,,http://www.nebraskalegislature.gov/media/images/blogs/dist45.jpg,Nonpartisan,,,NE,Incumbent,,,,,,,,,,rsanders@leg.ne.gov,,,,,,,,,,,,,,,,,,,,,,,,,,,,,,,,,,,,,,,,,,,,,,,,,,,,,,,,ocd-person/de8d4e0a-36dd-4a84-96ee-e4b7bc4cf69d,
Robert Hilkemann,Robert,,Hilkemann,,,,http://www.nebraskalegislature.gov/media/images/blogs/dist04.jpg,Nonpartisan,,,NE,Incumbent,,,,,,,,,,rhilkemann@leg.ne.gov,,,,,,,,,,,,,,,,,,,,,,,,,,,,,,,,,,,,,,,,,,,,,,,,,,,,,,,,ocd-person/f67af2dd-b3a3-4310-bb63-c9cfc6b42f62,
Steve Erdman,Steve,,Erdman,,,,http://www.nebraskalegislature.gov/media/images/blogs/dist47.jpg,Nonpartisan,,,NE,Incumbent,,,,,,,,,,serdman@leg.ne.gov,,,,,,,,,,,,,,,,,,,,,,,,,,,,,,,,,,,,,,,,,,,,,,,,,,,,,,,,ocd-person/9b133798-e217-40a2-b6ce-77b12e58f428,
Steve Halloran,Steve,,Halloran,,,,http://www.nebraskalegislature.gov/media/images/blogs/dist33.jpg,Nonpartisan,,,NE,Incumbent,,,,,,,,,,shalloran@leg.ne.gov,,,,,,,,,,,,,,,,,,,,,,,,,,,,,,,,,,,,,,,,,,,,,,,,,,,,,,,,ocd-person/161479ed-b2dd-46e6-b43d-d82d2cce898e,
Steve Lathrop,Steve,,Lathrop,,,,http://www.nebraskalegislature.gov/media/images/blogs/dist12.jpg,Nonpartisan,,,NE,Incumbent,,,,,,,,,,slathrop@leg.ne.gov,,,,,,,,,,,,,,,,,,,,,,,,,,,,,,,,,,,,,,,,,,,,,,,,,,,,,,,,ocd-person/e8cdba62-b191-4fc8-ae40-3b7f23f98564,
Suzanne Geist,Suzanne,,Geist,,,,http://www.nebraskalegislature.gov/media/images/blogs/dist25.jpg,Nonpartisan,,,NE,Incumbent,,,,,,,,,,sgeist@leg.ne.gov,,,,,,,,,,,,,,,,,,,,,,,,,,,,,,,,,,,,,,,,,,,,,,,,,,,,,,,,ocd-person/4b03ece6-61db-436e-beee-3e10d1f04f3e,
Terrell McKinney,Terrell,,McKinney,,,,http://www.nebraskalegislature.gov/media/images/blogs/dist11.jpg,Nonpartisan,,,NE,Incumbent,,,,,,,,,,tmckinney@leg.ne.gov,,,,,,,,,,,,,,,,,,,,,,,,,,,,,,,,,,,,,,,,,,,,,,,,,,,,,,,,ocd-person/27784792-d54f-4a64-8408-a4a1ce0c26b1,
Tim Gragert,Tim,,Gragert,,,,http://www.nebraskalegislature.gov/media/images/blogs/dist40.jpg,Nonpartisan,,,NE,Incumbent,,,,,,,,,,tgragert@leg.ne.gov,,,,,,,,,,,,,,,,,,,,,,,,,,,,,,,,,,,,,,,,,,,,,,,,,,,,,,,,ocd-person/1014e346-ab31-4f24-9734-32ad45952da5,
Tom Brewer,Tom,,Brewer,,,,http://www.nebraskalegislature.gov/media/images/blogs/dist43.jpg,Nonpartisan,,,NE,Incumbent,,,,,,,,,,tbrewer@leg.ne.gov,,,,,,,,,,,,,,,,,,,,,,,,,,,,,,,,,,,,,,,,,,,,,,,,,,,,,,,,ocd-person/5ffe6af7-c819-416a-ae92-f575baae1d75,
Tom Briese,Tom,,Briese,,,,http://www.nebraskalegislature.gov/media/images/blogs/dist41.jpg,Nonpartisan,,,NE,Incumbent,,,,,,,,,,tbriese@leg.ne.gov,,,,,,,,,,,,,,,,,,,,,,,,,,,,,,,,,,,,,,,,,,,,,,,,,,,,,,,,ocd-person/b7b2494c-4f79-4abf-865b-9cbf3f3aaf5d,
Jeff Fortenberry,Jeff,,Fortenberry,,,,,Republican Party,U.S. House Nebraska District 1,U.S. Representative,NE,Out of Office,Nebraska Congressional District 1,,,Male,1960-12-27,,,,,,,,https://fortenberry.house.gov,,,https://www.twitter.com/JeffFortenberry,,,https://www.youtube.com/c/JeffFortenberry,,,,,,https://www.facebook.com/jefffortenberry,,,,,,https://fortenberry.house.gov/rss.xml,,1514 Longworth House Office Building,,,202-225-4806,,,,,,,,,,,,,1013049,400640,41929,,,20518,,/m/04fcch,,https://api.propublica.org/congress/v1/members/F000449.json,,,,H4NE01064,,,ocd-division/country:us/state:ne/cd:1,,
Deb Fischer,Deb,,Fischer,,,,,Republican Party,U.S. Senate Nebraska,U.S. Senator,NE,Incumbent,Nebraska Statewide,,,Female,1951-03-01,,,,,,,,https://www.fischer.senate.gov,,,https://www.twitter.com/SenatorFischer,,,https://www.youtube.com/c/senatordebfischer,,,,,,https://www.facebook.com/senatordebfischer,,,,,,,,454 Russell Senate Office Building,,,202-224-6551,,,,http://www.fischer.senate.gov/public/index.cfm/contact,,,,,,,,S357,1034067,412556,41963,,,41302,,/m/0c4cp0,,https://api.propublica.org/congress/v1/members/F000463.json,,,,S2NE00094,,,ocd-division/country:us/state:ne,,
Ben Sasse,Ben,,Sasse,,,,,Republican Party,U.S. Senate Nebraska,U.S. Senator,NE,Incumbent,Nebraska Statewide,,,Male,1972-02-22,,,,,,,,https://www.sasse.senate.gov/public,,,https://www.twitter.com/SenSasse,,,,,,,,,https://www.facebook.com/SenatorSasse,,,,,,https://www.sasse.senate.gov/public/?a=rss.feed,,107 Russell Senate Office Building,,,202-224-4224,,,,http://www.sasse.senate.gov/public/index.cfm/email-ben,,,,,,,,S382,77429,412671,150182,,,41503,,/m/0j5wk_6,,https://api.propublica.org/congress/v1/members/S001197.json,,,,S4NE00090,,,ocd-division/country:us/state:ne,,
