govpackpub_id,govpack_id,fec_id,usio_id,opensecrets_id,district_ocd_id,openstates_id,committee_id,name,name_first,name_middle,name_last,nickname,name_prefix,name_suffix,title,party,state,status,district,ethnicity,race,gender,education,occupation,Office,email_official,email_other,email_campaign,Bio,date_of_birth,date_of_death,Image,website_campaign,website_official,website_personal,address_capitol,phone_capitol,fax_capitol,address_district,phone_district,fax_district,contact_form_url,address_campaign,phone_campaign,date_assumed_office,appointed_by,appointed_data,confirmed_date,term_end_data,congress_year,twitter_official,twitter_personal,twitter_campaign,youtube_official,youtube_personal,youtube_campaign,instagram_official,instagram_personal,instagram_campaign,facebook_official,facebook_personal,facebook_campaign,linkedin,rumble,gab,RSS,thomas ID,lis_id,cspan_id,govtrack_id,votesmart_id,ballotpedia_id,washington_post_id,icpsr_id,wikipedia_id,google_entity_id,Ballotpedia URL,propublica URL,Ballotpedia Office ID
,,,,,ocd-division/country:us/state:ky/sldl:4,,,Byron L. Hobgood,Byron,L.,Hobgood,,,,,Democratic Party,KY,Challenger,,,,,,,KY State Representative District 4,n/a,,,,,,https://hopkinscounty.ky.gov/images/Byron%20Hobgood.jpg,,n/a,,n/a,n/a,n/a,n/a,n/a,n/a,,,,n/a,n/a,n/a,n/a,n/a,n/a,n/a,,,n/a,,,n/a,,,n/a,https://www.facebook.com/byron.hobgood,,,,,,,,,,,,,,,,,,
,,,,,ocd-division/country:us/state:ky/cd:2,,,Hank Linderman,Hank,,Linderman,,,,,Democratic Party,KY,Challenger,,,,,,,U.S. Representative District 2,n/a,,,,,,https://bloximages.chicago2.vip.townnews.com/bgdailynews.com/content/tncms/assets/v3/editorial/f/47/f475b580-7d17-5292-9424-631139477761/5f808cc592acb.image.jpg?resize=1396%2C1438,,n/a,,n/a,n/a,n/a,n/a,n/a,n/a,,,(270) 925-9498,n/a,n/a,n/a,n/a,n/a,n/a,n/a,,https://www.twitter.com/hank4ky,n/a,,,n/a,,https://www.instagram.com/hanklinderman,n/a,https://www.facebook.com/hank.linderman,https://www.facebook.com/hank4ky,,,,,,,,,,,,,,,,,
,,,,,ocd-division/country:us/state:ky/sldl:97,ocd-person/22e056d2-728a-425a-a0a1-19e0e5cc59cb,,Bobby W. McCool,Bobby,W.,McCool,,,,,Republican Party,KY,Incumbent,State House District 97,,,,,,KY State Representative District 97,Bobby.McCool@lrc.ky.gov,,bobby@bobbymccool.com,,,,https://legislature.ky.gov/Legislators%20Thumbnail%20Images/house97.jpg,,,,,,,"702 Capital Ave Annex Room 357E Frankfort, KY 40601",,,,,,,,,,,,,,,,,,,,,https://www.facebook.com/profile.php?id=100000828578202,,https://www.facebook.com/BobbyWMcCool,,,,,,,,,,,,,,,,,
,,,,,ocd-division/country:us/state:ky/sldl:98,ocd-person/f56d6e0d-20b2-4cf4-aa7a-fd1d5c591d60,,Danny R. Bentley,Danny,R.,Bentley,,,,,Republican Party,KY,Incumbent,State House District 98,,,,,,KY State Representative District 98,Danny.Bentley@lrc.ky.gov,,,,,,https://legislature.ky.gov/Legislators%20Thumbnail%20Images/house98.jpg,,,,,,,"702 Capital Ave Annex Room 367C Frankfort, KY 40601",,,,,,,,,,,,https://www.twitter.com/drdanbentley,https://www.twitter.com/dannybentley12,https://www.twitter.com/drdanbentley,,,,,,,https://www.facebook.com/drdanbentley,,,,,,,,,,,,,,,,,,,
,,,,,ocd-division/country:us/state:ky/sldl:99,,,Kevin Anderson,Kevin,,Anderson,,,,,Democratic Party,KY,Challenger,,,,,,,KY State Representative District 99,n/a,,,,,,,,n/a,,n/a,n/a,n/a,n/a,n/a,n/a,,,,n/a,n/a,n/a,n/a,n/a,n/a,n/a,,,n/a,,,n/a,,,n/a,,https://www.facebook.com/KevinAnderson4KY/,,,,,,,,,,,,,,,,,
,,,,,ocd-division/country:us/state:ky/sldu:20,,,"Gex ""Jay"" Williams",Gex,,Williams,"""Jay""",,,,Republican Party,KY,Challenger,,,,,,,KY State Senator District 20,n/a,,,,,,,,n/a,,n/a,n/a,n/a,n/a,n/a,n/a,,,,n/a,n/a,n/a,n/a,n/a,n/a,n/a,,,n/a,,,n/a,,,n/a,https://www.facebook.com/egex.williamsiii,,,,,,,,,,,,,,,,,,
,,,,,ocd-division/country:us/state:ky/sldl:62,ocd-person/91e57008-84f5-42ad-9f31-a2869bced4bb,,Phillip R. Pratt,Phillip,R.,Pratt,,,,,Republican Party,KY,Incumbent,State House District 62,,,,,,KY State Representative District 62,Phillip.Pratt@lrc.ky.gov,,,,,,https://legislature.ky.gov/Legislators%20Thumbnail%20Images/house62.jpg,http://prattforky.com/,,,,,,"702 Capital Ave Annex Room 367B Frankfort, KY 40601",,,,,,,,,,,,https://www.twitter.com/prattforky,,,,,,,,,https://www.facebook.com/PrattforKY,https://www.facebook.com/phillip.pratt.35,https://www.facebook.com/PrattforKY,,,,,,,,,,,,,https://en.wikipedia.org/wiki/Phillip_Pratt,,,,
,,,,,ocd-division/country:us/state:ky/sldl:64,ocd-person/92511255-ca06-4241-bd91-0cafd92e3d5c,,Kimberly Poore Moser,Kimberly,Poore,Moser,,,,,Republican Party,KY,Incumbent,State House District 64,,,,,,KY State Representative District 64,Kimberly.Moser@lrc.ky.gov,,kimmoser@fuse.net,,,,https://legislature.ky.gov/Legislators%20Thumbnail%20Images/house64.jpg,https://moserforkentucky.com/,,,,,,"702 Capital Ave Annex Room 315 Frankfort, KY 40601",,,,"P.O. Box 143, Independence, KY 41051",(859) 694-0064,,,,,,,https://www.twitter.com/5boymom,,,,,https://www.youtube.com/channel/UCtQGbD6n4i9K33aMf3CVUOg,,,,https://www.facebook.com/KimMoserKY/,https://www.facebook.com/kimberly.p.moser.5,,,,,,,,,,,,,,https://en.wikipedia.org/wiki/Kimberly_Poore_Moser,,,,
,,,,,ocd-division/country:us/state:ky/sldl:41,ocd-person/2973d2c4-1ca8-4842-a3d9-d5444b212c00,,Josie Raymond,Josie,,Raymond,,,,,Democratic Party,KY,Challenger,State House District 31,,,,,,KY State Representative District 41,n/a,,info@josieraymond.com,,,,https://legislature.ky.gov/Legislators%20Thumbnail%20Images/house31.jpg,https://www.josieraymond.com/,n/a,,n/a,n/a,n/a,n/a,n/a,n/a,,,,n/a,n/a,n/a,n/a,n/a,n/a,n/a,,https://www.twitter.com/repjosieraymond,n/a,,,n/a,,,n/a,https://www.facebook.com/josie.s.raymond,https://www.facebook.com/RepJosieRaymond,,,,,,,,,,,,,https://en.wikipedia.org/wiki/Josie_Raymond,,,,
,,,,,ocd-division/country:us/state:ky/sldl:66,,,Steve Rawlings,Steve,,Rawlings,,,,,Republican Party,KY,Challenger,,,,,,,KY State Representative District 66,n/a,,,,,,https://secureservercdn.net/198.71.233.213/z7g.0b4.myftpupload.com/wp-content/uploads/2022/02/SR001-4x5-ratio-400px.png?time=1649821635,https://rawlings4ky.com/,n/a,,n/a,n/a,n/a,n/a,n/a,n/a,,,,n/a,n/a,n/a,n/a,n/a,n/a,n/a,,,n/a,,,n/a,,,n/a,https://www.facebook.com/jstevenrawlings,,,,,,,,,,,,,,,,,,
,,,,,ocd-division/country:us/state:ky/cd:3,,,Stuart N. Ray,Stuart,N.,Ray,,,,,Republican Party,KY,Challenger,,,,,,,U.S. Representative District 3,n/a,,stuart@stuartrayforcongress.com,,,,,https://www.stuartrayforcongress.com/,n/a,,n/a,n/a,n/a,n/a,n/a,n/a,,"PO BOX 23023 LOUISVILLE, KY 40223",,n/a,n/a,n/a,n/a,n/a,n/a,n/a,,,n/a,,,n/a,,,n/a,https://www.facebook.com/snray,https://www.facebook.com/StuartRayforCongress/,,,,,,,,,,,,,,,,,
,,,,,ocd-division/country:us/state:ky/cd:3,ocd-person/9983a801-0a07-4d17-bca0-afb9576ebe69,,Morgan McGarvey,Morgan,,McGarvey,,,,,Democratic Party,KY,Challenger,State Senate District 19,,,,,,U.S. Representative District 3,n/a,,info@morganmcgarvey.com,,,,"https://www.gannett-cdn.com/presto/2020/01/29/PLOU/3932f4f4-c7ee-46cf-b988-41ee94a714ba-Senators_7.JPG?crop=3999,2250,x0,y189&width=3200&height=1801&format=pjpg&auto=webp",https://www.morganmcgarvey.com/,n/a,,n/a,n/a,n/a,n/a,n/a,n/a,,"PO Box 5324 Louisville, KY 40255",,n/a,n/a,n/a,n/a,n/a,n/a,n/a,https://www.twitter.com/MorganMcGarvey,https://www.twitter.com/MorganMcGarvey,n/a,,,n/a,,https://www.instagram.com/morgan_mcgarvey/,n/a,https://www.facebook.com/profile.php?id=12928339,https://www.facebook.com/MorganMcGarveyForCongress,,,,,,,,,,,,,https://en.wikipedia.org/wiki/Morgan_McGarvey,,,,
,,,,,ocd-division/country:us/state:ky/sldl:68,,,Mike Clines,Mike,,Clines,,,,,Republican Party,KY,Challenger,,,,,,,KY State Representative District 68,n/a,,,,,,,https://mikeclines.com/,n/a,,n/a,n/a,n/a,n/a,n/a,n/a,,,,n/a,n/a,n/a,n/a,n/a,n/a,n/a,https://www.twitter.com/mike_clines,,n/a,,,n/a,,,n/a,,https://www.facebook.com/Mike-Clines-for-State-Representative-111672234761391,,,,,,,,,,,,,,,,,
,,,,,ocd-division/country:us/state:ky/sldl:41,,,Carrie Sanders McKeehan,Carrie,Sanders,McKeehan,,,,,Republican Party,KY,Challenger,,,,,,,KY State Representative District 41,n/a,,carrieforky@gmail.com,,,,,https://www.carrieforky.com/,n/a,,n/a,n/a,n/a,n/a,n/a,n/a,,,(502) 530-0441,n/a,n/a,n/a,n/a,n/a,n/a,n/a,,,n/a,,,n/a,,,n/a,https://www.facebook.com/carrie.sandersmckeehan,https://www.facebook.com/carrieforky,,,,,,,,,,,,,,,,,
,,,,,ocd-division/country:us/state:ky/sldl:69,,,Steven Doan,Steven,,Doan,,,,,Republican Party,KY,Challenger,,,,,,,KY State Representative District 69,n/a,,doanforky@gmail.com,,,,,https://www.doanforky.com/,n/a,https://www.stevedoanlaw.com/,n/a,n/a,n/a,n/a,n/a,n/a,,,(859) 462-2076,n/a,n/a,n/a,n/a,n/a,n/a,n/a,https://www.twitter.com/stevedoanlaw,,n/a,,,n/a,,,n/a,https://www.facebook.com/stevenddoan,https://www.facebook.com/DoanforKY/,,,,,,,,,,,,,,,,,
,,H2KY04121,,,ocd-division/country:us/state:ky/cd:4,,,Thomas Massie,Thomas,,Massie,,,,Representative,Republican Party,KY,Incumbent,Kentucky District 4,,,Male,,,U.S. Representative District 4,,,,,1971-01-13,,https://upload.wikimedia.org/wikipedia/commons/thumb/5/53/Thomas_Massie_official_portrait.jpg/1200px-Thomas_Massie_official_portrait.jpg,https://www.thomasmassie.com/,https://massie.house.gov,,2453 Rayburn House Office Building,202-225-3465,,,,,,"PO Box 821 Newport, KY 41072",(859) 363-5836,,,,,,,https://www.twitter.com/RepThomasMassie,,https://www.twitter.com/massieforky,https://www.youtube.com/user/repthomasmassie,,,https://www.instagram.com/repthomasmassie/,,,https://www.facebook.com/RepThomasMassie,https://www.facebook.com/thomas.massie.31,https://www.facebook.com/ThomasMassieforCongress,,,,,,,79951,412503,132068,,,31102,https://en.wikipedia.org/wiki/Thomas_Massie,/m/0h_cb6v,,https://api.propublica.org/congress/v1/members/M001184.json,
,,H0KY05015,,,ocd-division/country:us/state:ky/cd:5,,,"Harold ""Hal"" Rogers",Harold,,Rogers,"""Hal""",,,Representative,Republican Party,KY,Incumbent,Kentucky District 5,,,Male,,,U.S. Representative District 5,,,,,1937-12-31,,https://upload.wikimedia.org/wikipedia/commons/4/4a/Hal_Rogers_Official_Photo_2010.JPG,https://congressmanhalrogers.com/,https://halrogers.house.gov,,2406 Rayburn House Office Building,202-225-4601,,,,,,,,,,,,,,https://www.twitter.com/rephalrogers,,https://www.twitter.com/halrogersky5,https://www.youtube.com/c/RepHalRogers,,https://www.youtube.com/channel/UCu5ngIkLx6peh1miAtPqzFA,https://www.instagram.com/rephalrogers,,,https://www.facebook.com/CongressmanHalRogers,,https://www.facebook.com/HalRogersForCongress,,,,,,,6739,400340,26875,,,14854,https://en.wikipedia.org/wiki/Hal_Rogers,/m/025jnx,,https://api.propublica.org/congress/v1/members/R000395.json,
,,,,,ocd-division/country:us/state:ky/sldl:43,ocd-person/897f811e-273d-4fc1-9268-0087e57444cf,,Pamela D. Stevenson,Pamela,D.,Stevenson,,,,,Democratic Party,KY,Incumbent,State House District 43,,,,,,KY State Representative District 43,Pamela.Stevenson@lrc.ky.gov,,,,,,https://legislature.ky.gov/Legislators%20Thumbnail%20Images/house43.jpg,https://www.stevensonforky.com/,,,,,,"702 Capital Ave Annex Room 429A Frankfort, KY 40601",,,,,,,,,,,,,https://www.twitter.com/stevensonspeaks,,,,,,,,https://www.facebook.com/RepresentativePamelaStevenson/,https://www.facebook.com/WHOBags,,,,,,,,,,,,,,https://en.wikipedia.org/wiki/Pamela_Stevenson,,,,
,,,,,ocd-division/country:us/state:ky/sldl:85,,,R. Shane Baker,R.,Shane,Baker,,,,,Republican Party,KY,Incumbent,,,,,,,KY State Representative District 85,,,,,,,https://legislature.ky.gov/Legislators%20Thumbnail%20Images/house85.jpg,,,,,,,,,,,,,,,,,,,,,https://www.twitter.com/shanebakerky85,,,,,,,https://www.facebook.com/bakerkystaterep,https://www.facebook.com/rshanebaker,,,,,,,,,,,,,,https://en.wikipedia.org/wiki/Shane_Baker,,,,
,,,,,ocd-division/country:us/state:ky/sldl:73,,,"Thomas Weston Adams, III.",Thomas,Weston Adams,III.,,,,,Democratic Party,KY,Challenger,,,,,,,KY State Representative District 73,n/a,,,,,,,,n/a,,n/a,n/a,n/a,n/a,n/a,n/a,,,(859) 428-8383,n/a,n/a,n/a,n/a,n/a,n/a,n/a,https://www.twitter.com/tommyadams,,n/a,,https://www.youtube.com/channel/UCw5O6psvSWMvxpsuLF-6KxA,n/a,https://www.instagram.com/Rhetorically,https://www.instagram.com/tommy4kentucky/,n/a,https://www.facebook.com/TommyWestonAdams,https://www.facebook.com/tommyforkentucky,,,,,,,,,,,,,,,,,
,,,,,ocd-division/country:us/state:ky/sldl:75,,,Lindsey Burke,Lindsey,,Burke,,,,,Democratic Party,KY,Challenger,,,,,,,KY State Representative District 75,n/a,,Lindsey@LindseyBurke.com,,,,"https://img1.wsimg.com/isteam/ip/f2e8b99b-d1e8-4100-8482-e90420c7c651/blob-0002.png/:/cr=t:0%25,l:0%25,w:100%25,h:100%25/rs=w:1160,h:1740",https://lindseyburke.com/,n/a,,n/a,n/a,n/a,n/a,n/a,n/a,,,,n/a,n/a,n/a,n/a,n/a,n/a,n/a,,,n/a,,,n/a,,https://www.instagram.com/lbforkentucky/,n/a,https://www.facebook.com/lindseytburke,https://www.facebook.com/LindseyBurkeforKY/,,,,,,,,,,,,,,,,,
,,,,,ocd-division/country:us/state:ky/sldl:48,,,Maria Sorolis,Maria,,Sorolis,,,,,Democratic Party,KY,Challenger,,,,,,,KY State Representative District 48,n/a,,,,,,,,n/a,,n/a,n/a,n/a,n/a,n/a,n/a,,,,n/a,n/a,n/a,n/a,n/a,n/a,n/a,https://www.twitter.com/sorolismn,,n/a,,,n/a,,,n/a,https://www.facebook.com/maria.sorolis,,,,,,,,,,,,,,https://en.wikipedia.org/wiki/Maria_Sorolis,,,,
,,,,,ocd-division/country:us/state:ky/sldl:79,,,Chad Aull,Chad,,Aull,,,,,Democratic Party,KY,Challenger,,,,,,,KY State Representative District 79,n/a,,,,,,https://www.chadaull.com/wp-content/uploads/2022/02/chad-aull-1168x832.jpg,https://www.chadaull.com/,n/a,,n/a,n/a,n/a,n/a,n/a,n/a,,"P.O. Box 23240 Lexington, KY 40523",,n/a,n/a,n/a,n/a,n/a,n/a,n/a,https://www.twitter.com/chadaull,https://www.twitter.com/chadaull4ky,n/a,,,n/a,https://www.instagram.com/chadaull/,https://www.instagram.com/chadaull4ky/,n/a,https://www.facebook.com/chad.aull.1,https://www.facebook.com/ChadAull4KY,,,,,,,,,,,,,,,,,
,,,,,ocd-division/country:us/state:ky/sldl:86,ocd-person/5764151d-bf80-422b-bc46-93ac2be910cc,,Tom Odell Smith,Tom,Odell,Smith,,,,,Republican Party,KY,Incumbent,State House District 86,,,,,,KY State Representative District 86,Tom.Smith@lrc.ky.gov,,,,,,https://legislature.ky.gov/Legislators%20Thumbnail%20Images/house86.jpg,,,,,,,"702 Capital Ave Annex Room 405 Frankfort, KY 40601",,,,,,,,,,,,,,,,,,,,,,https://www.facebook.com/profile.php?id=100004299616010,,,,,,,,,,,,,,,,,,
,,,,,ocd-division/country:us/state:ky/sldl:91,ocd-person/91eec267-436a-49a5-9d41-b6b2632d0a51,,Bill Wesley,Bill,,Wesley,,,,,Republican Party,KY,Incumbent,State House District 91,,,,,,KY State Representative District 91,Bill.Wesley@lrc.ky.gov,,,,,,https://legislature.ky.gov/Legislators%20Thumbnail%20Images/house91.jpg,,,,,,,"702 Capital Ave Annex Room 432 Frankfort, KY 40601",,,,,,,,,,,,,,,,,,,,,https://www.facebook.com/BillWesley91,https://www.facebook.com/profile.php?id=100005721317958,,,,,,,,,,,,,,,,,,
,,,,,ocd-division/country:us/state:ky/sldl:50,,,Candy D. Massaroni,Candy,D.,Massaroni,,,,,Republican Party,KY,Challenger,,,,,,,KY State Representative District 50,n/a,,,,,,,,n/a,,n/a,n/a,n/a,n/a,n/a,n/a,,,,n/a,n/a,n/a,n/a,n/a,n/a,n/a,,,n/a,,,n/a,,,n/a,https://www.facebook.com/candy.massaroni,https://www.facebook.com/CandyforNelsonCountyStateRep,,,,,,,,,,,,,,,,,
,,,,,ocd-division/country:us/state:ky/sldl:52,ocd-person/7aa13bf4-126a-4901-bfeb-2244bd2d3cc3,,Ken Upchurch,Ken,,Upchurch,,,,,Republican Party,KY,Incumbent,State House District 52,,,,,,KY State Representative District 52,Ken.Upchurch@lrc.ky.gov,,kenupchurch@windstream.net,,,,https://legislature.ky.gov/Legislators%20Thumbnail%20Images/house52.jpg,https://kenupchurch.com/,,,,,,"702 Capital Ave Annex Room 311 Frankfort, KY 40601",606-340-8490,,,,,,,,,,,https://www.twitter.com/kenupchurch,,https://www.twitter.com/KenUpchurch,,,,,,,https://www.facebook.com/UpchurchKen,https://www.facebook.com/kenneth.h.upchurch.1,https://www.facebook.com/UpchurchKen,,,,,,,,,,,,,https://en.wikipedia.org/wiki/Ken_Upchurch,,,,
,,S0KY00156,,,ocd-division/country:us/state:ky,,,Rand Paul,Rand,,Paul,,,,"Senator, 3rd Class",Republican Party,KY,Incumbent,Kentucky,,,Male,,,U.S. Senator,,,,,1963-01-07,,https://cdn.britannica.com/96/150396-050-B1CFCD89/Rand-Paul-2011.jpg,https://randpaul.com/,https://www.paul.senate.gov,,167 Russell Senate Office Building,202-224-4343,202-228-1373,,,,https://www.paul.senate.gov/connect/email-rand,"PO Box 72928 Newport, KY 41072",(502) 890-4868,,,,,,,https://www.twitter.com/senrandpaul,https://www.twitter.com/RandPaul,https://www.twitter.com/RandPaul,https://www.youtube.com/c/SenatorRandPaul,https://www.youtube.com/c/randpaul,https://www.youtube.com/c/randpaul,https://www.instagram.com/senatorrandpaul/,,https://www.instagram.com/drrandpaul/,https://www.facebook.com/SenatorRandPaul,https://www.facebook.com/rand.paul.7,https://www.facebook.com/RandPaul,,,,,,S348,9265241,412492,117285,,,41104,https://en.wikipedia.org/wiki/Rand_Paul,/m/05pdb7q,,https://api.propublica.org/congress/v1/members/P000603.json,
,,,,,ocd-division/country:us/state:ky/sldl:95,,,Brandon Spencer,Brandon,,Spencer,,,,,Republican Party,KY,Challenger,,,,,,,KY State Representative District 95,n/a,,,,,,,,n/a,,n/a,n/a,n/a,n/a,n/a,n/a,,,,n/a,n/a,n/a,n/a,n/a,n/a,n/a,,,n/a,,,n/a,,,n/a,,https://www.facebook.com/LetsGoBrandonSR95,,,,,,,,,,,,,,,,,
,,,,,ocd-division/country:us/state:ky,,,Charles Booker,Charles,,Booker,,,,,Democratic Party,KY,Challenger,,,,,,,U.S. Senator,n/a,,info@charlesbooker.org,,,,"https://www.gannett-cdn.com/presto/2020/01/17/PLOU/f3aadfda-c54d-46dd-9358-9114034955eb-Charles_Booker.JPG?crop=6719,3780,x0,y341&width=3200&height=1801&format=pjpg&auto=webp",https://charlesbooker.org/,n/a,,n/a,n/a,n/a,n/a,n/a,n/a,,"PO Box 4369 Louisville, KY 40212",,n/a,n/a,n/a,n/a,n/a,n/a,n/a,,https://www.twitter.com/Booker4KY,n/a,,https://www.youtube.com/channel/UCtw_5pir8O7aY9ZFePWCIgg,n/a,,https://www.instagram.com/Booker4KY/,n/a,https://www.facebook.com/charles.j.booker,https://www.facebook.com/Booker4KY,,,,,,,,,,,,,https://en.wikipedia.org/wiki/Charles_Booker_(American_politician),,,,
,,,,,ocd-division/country:us/state:ky/cd:2,,,S. Brett Guthrie,S.,Brett,Guthrie,,,,,Republican Party,KY,Incumbent,,,,,,,U.S. Representative District 2,,,kaylee@brettguthrie.com,,,,https://upload.wikimedia.org/wikipedia/commons/b/b9/Brett_Guthrie_high_resolution.jpg,https://brettguthrie.com/,,,,,,,,,,,,,,,,,,https://www.twitter.com/RepGuthrie,,https://www.twitter.com/brettguthrie,https://www.youtube.com/user/BrettGuthrie,,,https://www.instagram.com/repguthrie/,,,https://www.facebook.com/CongressmanGuthrie,,https://www.facebook.com/brettguthrieky02,,,,,,,,,,,,,https://en.wikipedia.org/wiki/Brett_Guthrie,,,,
,,,,,ocd-division/country:us/state:ky/cd:6,,,"Geoffrey M. ""Geoff"" Young",Geoffrey,"M. ""Geoff""",Young,,,,,Democratic Party,KY,Challenger,,,,,,,U.S. Representative District 6,n/a,,energetic22@yahoo.com,,,,"https://static.wixstatic.com/media/4f1699_bd77d990b74b4bc6a316fbed047518d7~mv2.jpg/v1/fill/w_280,h_280,al_c,lg_1,q_80,enc_auto/GYpic%2520outside%25202017_edited.jpg",https://www.young4ky.com/,n/a,,n/a,n/a,n/a,n/a,n/a,n/a,,,(859) 278-4966,n/a,n/a,n/a,n/a,n/a,n/a,n/a,,https://www.twitter.com/geoffyoung4ky,n/a,,,n/a,,,n/a,https://www.facebook.com/geoffrey.m.young.9,,,,,,,,,,,,,,,,,,
,,H0KY06104,,,ocd-division/country:us/state:ky/cd:6,,,Andy Barr,Andy,,Barr,,,,Representative,Republican Party,KY,Incumbent,Kentucky District 6,,,Male,,,U.S. Representative District 6,,,info@andybarrforcongress.com,,1973-07-24,,https://barr.house.gov/_cache/files/f/8/f81cce97-7878-482b-a100-eec971c39b19/A0E4AECC6C337061797EEE6FECC25FC0.repbarrofficialphoto-display.jpg,https://www.andybarrforcongress.com/,https://barr.house.gov,,2430 Rayburn House Office Building,202-225-4706,,,,,,"P.O. Box 2059, Lexington, KY 40588",(859) 368-8307,,,,,,,https://www.twitter.com/RepAndyBarr,,https://www.twitter.com/barrforcongress,https://www.youtube.com/user/RepAndyBarr,,,https://www.instagram.com/repandybarr/,,,https://www.facebook.com/RepAndyBarr,,https://www.facebook.com/BarrForCongress,,,,,,,61848,412541,117290,,,21333,https://en.wikipedia.org/wiki/Andy_Barr_(American_politician),/m/0ddc6r6,,https://api.propublica.org/congress/v1/members/B001282.json,
,,,,,ocd-division/country:us/state:ky/sldl:1,ocd-person/f73e54d0-9547-4688-b97d-4818b104d160,,Steven Jack Rudy,Steven,Jack,Rudy,,,,,Republican Party,KY,Incumbent,State House District 1,,,,,,KY State Representative District 1,Steven.Rudy@lrc.ky.gov,,,,,,https://legislature.ky.gov/Legislators%20Thumbnail%20Images/house1.jpg,https://www.rudyforky.com/,,,,,,"702 Capital Ave Annex Room 304 Frankfort, KY 40601",,,,,,,,,,,,,,https://www.twitter.com/kyrudy,,,,,,,,https://www.facebook.com/steven.rudy1,,,,,,,,,,,,,,https://en.wikipedia.org/wiki/Steven_Rudy,,,,
,,,,,ocd-division/country:us/state:ky/sldl:12,ocd-person/f40ed494-ce37-43f4-b323-1bc2b6197831,,"Jim Gooch, Jr.",Jim,,Gooch,,,Jr.,,Republican Party,KY,Incumbent,State House District 12,,,,,,KY State Representative District 12,Jim.Gooch@lrc.ky.gov,,,,,,https://legislature.ky.gov/Legislators%20Thumbnail%20Images/house12.jpg,,,,,,,"702 Capital Ave Annex Room 376 Frankfort, KY 40601",270-667-7327,,,,,,,,,,,,,,,,,,,,https://www.facebook.com/RepresentativeJimGooch,,,,,,,,,,,,,,,https://en.wikipedia.org/wiki/Jim_Gooch_(politician),,,,
,,,,,ocd-division/country:us/state:ky/sldl:15,,,Rebecca Raymer,Rebecca,,Raymer,,,,,Republican Party,KY,Challenger,,,,,,,KY State Representative District 15,n/a,,,,,,,,n/a,,n/a,n/a,n/a,n/a,n/a,n/a,,,,n/a,n/a,n/a,n/a,n/a,n/a,n/a,,,n/a,,,n/a,,,n/a,https://www.facebook.com/rebecca.tinsley,https://www.facebook.com/RaymerforKY/,,,,,,,,,,,,,,,,,
,,,,,ocd-division/country:us/state:ky/sldl:18,ocd-person/d3176059-683c-48be-9c43-a57da08a2f49,,Samara Heavrin,Samara,,Heavrin,,,,,Republican Party,KY,Incumbent,State House District 18,,,,,,KY State Representative District 18,Samara.Heavrin@lrc.ky.gov,,samaraforstaterep@gmail.com,,,,https://legislature.ky.gov/Legislators%20Thumbnail%20Images/house18.jpg,https://www.samaraheavrin.com/,,,,,,"702 Capital Ave Annex Room 351D Frankfort, KY 40601",,,,,,,,,,,,,,,,,,,,,https://www.facebook.com/kyrepsamaraheavrin,https://www.facebook.com/sheavrin,https://www.facebook.com/samaraforstaterep,,,,,,,,,,,,,https://en.wikipedia.org/wiki/Samara_Heavrin,,,,
,,,,,ocd-division/country:us/state:ky/sldl:2,ocd-person/9e788295-a4ea-4572-aa06-d96aa9b0dc95,,Richard Heath,Richard,,Heath,,,,,Republican Party,KY,Incumbent,State House District 2,,,,,,KY State Representative District 2,Richard.Heath@lrc.ky.gov,,,,,,https://legislature.ky.gov/Legislators%20Thumbnail%20Images/house2.jpg,,,,,,,"702 Capital Ave Annex Room 405E Frankfort, KY 40601",,,,,,,,,,,,,,https://www.twitter.com/Richard_HeathKY,,,,,,,,https://www.facebook.com/richard.heath.129142,https://www.facebook.com/profile.php?id=100058177685063,,,,,,,,,,,,,https://en.wikipedia.org/wiki/Richard_Heath,,,,
,,,,,ocd-division/country:us/state:ky/sldl:20,,,Kevin Jackson,Kevin,,Jackson,,,,,Republican Party,KY,Challenger,,,,,,,KY State Representative District 20,n/a,,kevin@jacksonforstaterep.com,,,,https://pbs.twimg.com/profile_images/1465382237126512653/8Xntlqmv_400x400.jpg,https://www.jacksonforstaterep.com/,n/a,,n/a,n/a,n/a,n/a,n/a,n/a,,"36 Talbot Drive Bowling Green, KY 42103",(270) 392-4640,n/a,n/a,n/a,n/a,n/a,n/a,n/a,,https://www.twitter.com/JacksonStateRep,n/a,,,n/a,,https://www.instagram.com/jacksonforstaterep/,n/a,,https://www.facebook.com/jacksonstaterep,,,,,,,,,,,,,,,,,
,,,,,ocd-division/country:us/state:ky/sldl:21,,,Amy Neighbors,Amy,,Neighbors,,,,,Republican Party,KY,Challenger,,,,,,,KY State Representative District 21,n/a,,aneighbors30@gmail.com,,,,,,n/a,,n/a,n/a,n/a,n/a,n/a,n/a,,,,n/a,n/a,n/a,n/a,n/a,n/a,n/a,https://www.twitter.com/aneigh,https://www.twitter.com/aneigh,n/a,,,n/a,,,n/a,https://www.facebook.com/amy.neighbors,https://www.facebook.com/NeighborsforStateRep,,,,,,,,,,,,,,,,,
,,,,,ocd-division/country:us/state:ky/sldl:24,,,Keith Pruitt,Keith,,Pruitt,,,,,Democratic Party,KY,Challenger,,,,,,,KY State Representative District 24,n/a,,PruittKy24@gmail.com,,,,https://images.squarespace-cdn.com/content/v1/61a1328ad6a94c67f418f6c5/48eef096-1366-4f6d-87d6-5f494902a87d/IMG_3685.JPG?format=1500w,https://www.pruittky24.com/,n/a,,n/a,n/a,n/a,n/a,n/a,n/a,,"P.O. Box 56 Buffalo, KY 42716",(270) 774-2001,n/a,n/a,n/a,n/a,n/a,n/a,n/a,,,n/a,,,n/a,,,n/a,https://www.facebook.com/keith.pruitt.9,https://www.facebook.com/PRUITTKY24,,,,,,,,,,,,,,,,,
,,,,,ocd-division/country:us/state:ky/sldl:24,ocd-person/814b090c-4339-41fa-a869-975391d3bc82,,Brandon Reed,Brandon,,Reed,,,,,Republican Party,KY,Incumbent,State House District 24,,,,,,KY State Representative District 24,Brandon.Reed@lrc.ky.gov,,brandonreed88@hotmail.com,,,,https://legislature.ky.gov/Legislators%20Thumbnail%20Images/house24.jpg,,,,,,,"702 Capital Ave Annex Room 392 Frankfort, KY 40601",,,,,(270) 358-0868,,,,,,,https://www.twitter.com/brandonreed4ky,,https://www.twitter.com/brandonreed4ky,,,,,,https://www.instagram.com/brandonreed4ky/,https://www.facebook.com/RepReed4KY,https://www.facebook.com/william.reed.18,https://www.facebook.com/Reed4KY,,,,,,,,,,,,,https://en.wikipedia.org/wiki/Brandon_Reed,,,,
,,,,,ocd-division/country:us/state:ky/sldl:25,,,Steve Bratcher,Steve,,Bratcher,,,,,Republican Party,KY,Challenger,,,,,,,KY State Representative District 25,n/a,,,,,,https://secureservercdn.net/198.71.233.28/g9b.d7d.myftpupload.com/wp-content/uploads/2022/02/Steve-1-22-3-150x150.jpg,,n/a,,n/a,n/a,n/a,n/a,n/a,n/a,,,,n/a,n/a,n/a,n/a,n/a,n/a,n/a,,,n/a,,,n/a,,,n/a,https://www.facebook.com/steve.bratcher.589,,,,,,,,,,,,,,,,,,
,,,,,ocd-division/country:us/state:ky/sldl:26,ocd-person/1df79f72-3008-43c1-ba83-4ca5069f2b4a,,Russell Webber,Russell,,Webber,,,,,Republican Party,KY,Incumbent,State House District 26,,,,,,KY State Representative District 26,Russell.Webber@lrc.ky.gov,,,,,,https://legislature.ky.gov/Legislators%20Thumbnail%20Images/house26.jpg,,,,,,,"702 Capital Ave Annex Room 373B Frankfort, KY 40601",,,,,,,,,,,,,,,,,,,,,,https://www.facebook.com/russell.webber.31,,,,,,,,,,,,,,https://en.wikipedia.org/wiki/Russell_Webber,,,,
,,,,,ocd-division/country:us/state:ky/sldl:28,,,Jared A. Bauman,Jared,A.,Bauman,,,,,Republican Party,KY,Challenger,,,,,,,KY State Representative District 28,n/a,,,,,,,,n/a,,n/a,n/a,n/a,n/a,n/a,n/a,,,,n/a,n/a,n/a,n/a,n/a,n/a,n/a,,,n/a,,,n/a,,,n/a,https://www.facebook.com/profile.php?id=100077207126549,,,,,,,,,,,,,,,,,,
,,,,,ocd-division/country:us/state:ky/sldl:28,ocd-person/45d2e575-8fdd-4b9b-b535-f0cbc5114cdd,,Charles W. Miller,Charles,W.,Miller,,,,,Democratic Party,KY,Incumbent,State House District 28,,,,,,KY State Representative District 28,Charlie.Miller@lrc.ky.gov,,,,,,https://legislature.ky.gov/Legislators%20Thumbnail%20Images/house28.jpg,,,,,,,"702 Capital Ave Annex Room 457D Frankfort, KY 40601",502-937-7788,,,,,,,,,,,,,,,,,,,,https://www.facebook.com/CharlesCharlieMiller28/,,,,,,,,,,,,,,,https://en.wikipedia.org/wiki/Charles_Miller_(Kentucky_politician),,,,
,,,,,ocd-division/country:us/state:ky/sldl:30,,,Daniel Grossberg,Daniel,,Grossberg,,,,,Democratic Party,KY,Challenger,,,,,,,KY State Representative District 30,n/a,,Daniel@Grossberg4KY.com,,,,https://pbs.twimg.com/profile_images/1483864335604670472/rYI8Ed1V_400x400.jpg,https://grossberg4ky.com/,n/a,,n/a,n/a,n/a,n/a,n/a,n/a,,,,n/a,n/a,n/a,n/a,n/a,n/a,n/a,https://www.twitter.com/grossberg4ky,https://www.twitter.com/grossberg4ky,n/a,,,n/a,,https://www.instagram.com/grossberg4ky/,n/a,,https://www.facebook.com/grossberg4ky,,,,,,,,,,,,,,,,,
,,,,,ocd-division/country:us/state:ky/sldl:31,,,Susan Tyler Witten,Susan,Tyler,Witten,,,,,Republican Party,KY,Challenger,,,,,,,KY State Representative District 31,n/a,,,,,,,,n/a,,n/a,n/a,n/a,n/a,n/a,n/a,,,,n/a,n/a,n/a,n/a,n/a,n/a,n/a,https://www.twitter.com/catfaninthevill,,n/a,,,n/a,,,n/a,https://www.facebook.com/susan.t.witten,,,,,,,,,,,,,,,,,,
,,,,,ocd-division/country:us/state:ky/sldl:31,,,Sue Foster,Sue,,Foster,,,,,Democratic Party,KY,Challenger,,,,,,,KY State Representative District 31,n/a,,SueFosterKYHR31@gmail.com,,,,,https://suefoster4ky.com/,n/a,,n/a,n/a,n/a,n/a,n/a,n/a,,,,n/a,n/a,n/a,n/a,n/a,n/a,n/a,,,n/a,,,n/a,,,n/a,https://www.facebook.com/SueBowmanFoster,https://www.facebook.com/SueFosterforKentucky,,,,,,,,,,,,,,,,,
,,,,,ocd-division/country:us/state:ky/sldl:34,,,Sarah Stalker,Sarah,,Stalker,,,,,Democratic Party,KY,Challenger,,,,,,,KY State Representative District 34,n/a,,,,,,,,n/a,,n/a,n/a,n/a,n/a,n/a,n/a,,,,n/a,n/a,n/a,n/a,n/a,n/a,n/a,,,n/a,,,n/a,,,n/a,https://www.facebook.com/sarah.m.stalker,,,,,,,,,,,,,,,,,,
,,,,,ocd-division/country:us/state:ky/sldl:36,,,John F. Hodgson,John,F.,Hodgson,,,,,Republican Party,KY,Challenger,,,,,,,KY State Representative District 36,n/a,,Hodgson4KY@gmail.com,,,,,https://hodgson4ky.com/,n/a,,n/a,n/a,n/a,n/a,n/a,n/a,,"PO Box 74 Fisherville, KY 40023",,n/a,n/a,n/a,n/a,n/a,n/a,n/a,,,n/a,,,n/a,,,n/a,https://www.facebook.com/john.hodgson.330467,https://www.facebook.com/Hodgson4KY,,,,,,,,,,,,,,,,,
,,,,,ocd-division/country:us/state:ky/sldl:37,,,Emily Callaway,Emily,,Callaway,,,,,Republican Party,KY,Challenger,,,,,,,KY State Representative District 37,n/a,,,,,,,,n/a,,n/a,n/a,n/a,n/a,n/a,n/a,,,,n/a,n/a,n/a,n/a,n/a,n/a,n/a,,,n/a,,,n/a,,,n/a,https://www.facebook.com/emily.m.callaway,,,,,,,,,,,,,,,,,,
,,,,,ocd-division/country:us/state:ky/sldl:4,,,D. Wade Williams,D.,Wade,Williams,,,,,Republican Party,KY,Challenger,,,,,,,KY State Representative District 4,n/a,,,,,,,,n/a,,n/a,n/a,n/a,n/a,n/a,n/a,,,,n/a,n/a,n/a,n/a,n/a,n/a,n/a,,,n/a,,,n/a,,,n/a,https://www.facebook.com/wade.williams.73932,https://www.facebook.com/profile.php?id=100078094502719,,,,,,,,,,,,,,,,,
,,,,,ocd-division/country:us/state:ky/sldl:55,ocd-person/cd95ada0-14f0-4b63-aeea-f4a92525eeaf,,Kim King,Kim,,King,,,,,Republican Party,KY,Incumbent,State House District 55,,,,,,KY State Representative District 55,Kim.King@lrc.ky.gov,,,,,,https://legislature.ky.gov/Legislators%20Thumbnail%20Images/house55.jpg,,,,,,,"702 Capital Ave Annex Room 358C Frankfort, KY 40601",,,,,,,,,,,,https://www.twitter.com/KimberlyKingGOP,,https://www.twitter.com/KimberlyKingGOP,,,,,,,https://www.facebook.com/kimberly.p.king.75,https://www.facebook.com/kimberly.p.king.75,,,,,,,,,,,,,,https://en.wikipedia.org/wiki/Kim_King_(politician),,,,
,,,,,ocd-division/country:us/state:ky/sldl:56,,,Grayson Vandegrift,Grayson,,Vandegrift,,,,,Democratic Party,KY,Challenger,,,,,,,KY State Representative District 56,n/a,,graysonforky@gmail.com,,,,https://www.meetmeinmidway.com/Assets/Images/Mayor/VANDEGRIFTGrayson-4-240x300.jpg,https://www.graysonforky.com/,n/a,,n/a,n/a,n/a,n/a,n/a,n/a,,,(859) 361-6320,n/a,n/a,n/a,n/a,n/a,n/a,n/a,https://www.twitter.com/grayson4ky,https://www.twitter.com/grayson4ky,n/a,,,n/a,,,n/a,https://www.facebook.com/grayson.vandegrift,https://www.facebook.com/graysonforky,,,,,,,,,,,,,,,,,
,,,,,ocd-division/country:us/state:ky/sldl:59,ocd-person/bf8bfdc3-66f2-417c-8178-9ed16bf8843f,,David W. Osborne,David,W.,Osborne,,,,,Republican Party,KY,Incumbent,State House District 59,,,,,,KY State Representative District 59,David.Osborne@lrc.ky.gov,,,,,,https://legislature.ky.gov/Legislators%20Thumbnail%20Images/house59.jpg,,,,,,,"702 Capital Ave Annex Room 332 Frankfort, KY 40601",,,,,,,,,,,,https://www.twitter.com/reposborne,,https://www.twitter.com/reposborne,,,,,,,,https://www.facebook.com/david.osborne.1447,https://www.facebook.com/DavidOsborneforKentucky,,,,,,,,,,,,,https://en.wikipedia.org/wiki/David_Osborne,,,,
,,,,,ocd-division/country:us/state:ky/sldl:60,,,Marianne Proctor,Marianne,,Proctor,,,,,Republican Party,KY,Challenger,,,,,,,KY State Representative District 60,n/a,,,,,,,https://proctorky.com/,n/a,,n/a,n/a,n/a,n/a,n/a,n/a,,,,n/a,n/a,n/a,n/a,n/a,n/a,n/a,https://www.twitter.com/marianneproc,,n/a,,,n/a,,,n/a,https://www.facebook.com/marianne.proctor,https://www.facebook.com/proctorky,,,,,,,,,,,,,,,,,
,,,,,ocd-division/country:us/state:ky/sldl:61,ocd-person/a8988de2-d65f-461c-96d1-4f1cddc6a969,,Savannah Maddox,Savannah,,Maddox,,,,,Republican Party,KY,Incumbent,State House District 61,,,,,,KY State Representative District 61,Savannah.Maddox@lrc.ky.gov,,,,,,https://legislature.ky.gov/Legislators%20Thumbnail%20Images/house61.jpg,https://www.maddoxforky.com/,,,,,,"702 Capital Ave Annex Room 316E Frankfort, KY 40601",,,,"3675 Goldsvalley Rd Dry Ridge, KY 41035",(859) 468-1175,,,,,,,https://www.twitter.com/SavannahLMaddox,,https://www.twitter.com/SavannahLMaddox,,,,https://www.instagram.com/maddoxforky/,,,https://www.facebook.com/MaddoxforKy,https://www.facebook.com/profile.php?id=100011864821888,https://www.facebook.com/MaddoxforKy,,,,,,,,,,,,,https://en.wikipedia.org/wiki/Savannah_Maddox,,,,
,,,,,ocd-division/country:us/state:ky/sldl:8,ocd-person/ec846db3-c75b-4460-ba72-3e2b3fd9e04d,,Walker Wood Thomas,Walker,Wood,Thomas,,,,,Republican Party,KY,Incumbent,State House District 8,,,,,,KY State Representative District 8,Walker.Thomas@lrc.ky.gov,,,,,,https://legislature.ky.gov/Legislators%20Thumbnail%20Images/house8.jpg,https://kywinswithwalker.com/,,,,,,"702 Capital Ave Annex Room 329C Frankfort, KY 40601",270-889-8091,270-885-5335,,"2620 Cox Mill Rd. Hopkinsville, KY 42240",(270) 889-8091,,,,,,,https://www.twitter.com/walkerthomas_ky,,https://www.twitter.com/walkerthomas_ky,,,,,,,https://www.facebook.com/walkerthomasforstaterepresentative,https://www.facebook.com/profile.php?id=100010618955684,https://www.facebook.com/walkerthomasforstaterepresentative,,,,,,,,,,,,,https://en.wikipedia.org/wiki/Walker_Thomas,,,,
,,,,,ocd-division/country:us/state:ky/sldl:94,,,Jacob D. Justice,Jacob,D.,Justice,,,,,Republican Party,KY,Challenger,,,,,,,KY State Representative District 94,n/a,,,,,,,,n/a,,n/a,n/a,n/a,n/a,n/a,n/a,,,,n/a,n/a,n/a,n/a,n/a,n/a,n/a,,,n/a,,,n/a,,,n/a,https://www.facebook.com/jacobabby.justice,https://www.facebook.com/profile.php?id=100077743476720,,,,,,,,,,,,,,,,,
,,,,,ocd-division/country:us/state:ky/sldu:22,ocd-person/a7cd8577-c315-4bf0-b95f-3259ab7dfce7,,Donald Douglas,Donald,,Douglas,,,,,Republican Party,KY,Incumbent,State Senate District 22,,,,,,KY State Senator District 22,Donald.Douglas@lrc.ky.gov,,DouglasForKY@gmail.com,,,,https://legislature.ky.gov/Legislators%20Thumbnail%20Images/senate122.jpg,https://douglasforky.com/,,,,,,"702 Capital Ave Annex Room 229 Frankfort, KY 40601",,,,,,,,,,,,,,,,,https://www.youtube.com/channel/UC8g2Rr5BkRZrf4ITk3t1JNg,,,,,https://www.facebook.com/profile.php?id=100071055694454,https://www.facebook.com/DrDonaldDouglas/,,,,,,,,,,,,,,,,,
,,,,,ocd-division/country:us/state:ky/sldu:24,,,"Shelley ""Funke"" Frommeyer",Shelley,,Frommeyer,"""Funke""",,,,Republican Party,KY,Challenger,,,,,,,KY State Senator District 24,n/a,,Shelleyforstatesenate@gmail.com,,,,https://lirp.cdn-website.com/9b467fdf/dms3rep/multi/opt/IMG_3314-349w.JPG,https://www.shelleyforkentucky.com/,n/a,,n/a,n/a,n/a,n/a,n/a,n/a,,"PO Box 511 Alexandria, KY 41001",(859) 816-4899,n/a,n/a,n/a,n/a,n/a,n/a,n/a,,https://www.twitter.com/Shelley4KY,n/a,,,n/a,,,n/a,https://www.facebook.com/shelley.frommeyer,https://www.facebook.com/ShellyFunkeFrommeyerforKYSenate/,,,,,,,,,,,,,,,,,
,,,,,ocd-division/country:us/state:ky/sldu:26,,,James Peden,James,,Peden,,,,,Republican Party,KY,Challenger,,,,,,,KY State Senator District 26,n/a,,,,,,,,n/a,,n/a,n/a,n/a,n/a,n/a,n/a,,,,n/a,n/a,n/a,n/a,n/a,n/a,n/a,,,n/a,,,n/a,,,n/a,,,,,,,,,,,,,,,,,,,
,,,,,ocd-division/country:us/state:ky/sldu:30,,,Sid Allen,Sid,,Allen,,,,,Democratic Party,KY,Challenger,,,,,,,KY State Senator District 30,n/a,,,,,,,,n/a,,n/a,n/a,n/a,n/a,n/a,n/a,,,,n/a,n/a,n/a,n/a,n/a,n/a,n/a,,,n/a,,,n/a,,,n/a,https://www.facebook.com/sidney.allen.56,,,,,,,,,,,,,,,,,,
,,,,,ocd-division/country:us/state:ky/sldu:34,ocd-person/b2299f51-c122-46ac-9937-3a6a7b682bb8,,Jared K. Carpenter,Jared,K.,Carpenter,,,,,Republican Party,KY,Incumbent,State Senate District 34,,,,,,KY State Senator District 34,Jared.Carpenter@lrc.ky.gov,,,,,,https://legislature.ky.gov/Legislators%20Thumbnail%20Images/senate134.jpg,,,,,,,"702 Capital Ave Annex Room 209 Frankfort, KY 40601",,,,"PO Box 100 Berea, KY 40403",,,,,,,,https://www.twitter.com/jcarpenterky,,https://www.twitter.com/JCarpenterKY,,,,,,,https://www.facebook.com/JCarpenterKY,,,,,,,,,,,,,,,https://en.wikipedia.org/wiki/Jared_Carpenter,,,,
,,,,,ocd-division/country:us/state:ky/sldu:36,ocd-person/38ae421f-f4fa-40f6-b025-a75bc6b42f35,,Julie Raque Adams,Julie,Raque,Adams,,,,,Republican Party,KY,Incumbent,State Senate District 36,,,,,,KY State Senator District 36,Julie.Adams@lrc.ky.gov,,julieradams@twc.com,,,,https://legislature.ky.gov/Legislators%20Thumbnail%20Images/senate136.jpg,,,,,,,"702 Capital Ave Annex Room 242 Frankfort, KY 40601",,,,,,,,,,,,https://www.twitter.com/jrajra,https://www.twitter.com/jrajra,https://www.twitter.com/jrajra,,,,,https://www.instagram.com/julieraqueadams/,,,https://www.facebook.com/julie.r.adams.75,https://www.facebook.com/SenatorJulieAdams/,,,,,,,,,,,,,https://en.wikipedia.org/wiki/Julie_Raque_Adams,,,,
,,,,,ocd-division/country:us/state:ky/sldu:38,,,Mike Nemes,Mike,,Nemes,,,,,Republican Party,KY,Incumbent,,,,,,,KY State Senator District 38,,,mike@mikenemes.com,,,,https://legislature.ky.gov/Legislators%20Thumbnail%20Images/senate138.jpg,https://mikenemes.com/,,,,,,,,,,,,,,,,,,https://www.twitter.com/MikeNemes38,,,,,,,,,https://www.facebook.com/MikeNemesKY,https://www.facebook.com/mike.nemes,https://www.facebook.com/MikeNemesKY,,,,,,,,,,,,,https://en.wikipedia.org/wiki/Mike_Nemes,,,,
,,,,,ocd-division/country:us/state:ky/sldu:4,,,"Robert M. ""Robby"" Mills",Robert,"M. ""Robby""",Mills,,,,,Republican Party,KY,Incumbent,,,,,,,KY State Senator District 4,,,,,,,https://legislature.ky.gov/Legislators%20Thumbnail%20Images/senate104.jpg,,,,,,,,,,,,,,,,,,,https://www.twitter.com/robbymillsforky,,,,,,,,,https://www.facebook.com/robbymillsky,https://www.facebook.com/robby.mills.16,https://www.facebook.com/robbymillsky,,,,,,,,,,,,,https://en.wikipedia.org/wiki/Robby_Mills,,,,
,,,,,ocd-division/country:us/state:ky/sldu:6,,,Lindsey Tichenor,Lindsey,,Tichenor,,,,,Republican Party,KY,Challenger,,,,,,,KY State Senator District 6,n/a,,,,,,,,n/a,,n/a,n/a,n/a,n/a,n/a,n/a,,"PO Box 651 LaGrange, KY 40031",,n/a,n/a,n/a,n/a,n/a,n/a,n/a,,,n/a,,,n/a,,,n/a,https://www.facebook.com/lindsey.s.tichenor,,,,,,,,,,,,,,,,,,
,,,,,,ocd-person/e7f7a316-4eb0-4be9-adf9-e7067b20dcfc,,Adam Bowling,Adam,,Bowling,,,,,Republican,,Incumbent,State House District 87,,,,,,State Representative District 87,Adam.Bowling@lrc.ky.gov,,,,,,https://legislature.ky.gov/Legislators%20Thumbnail%20Images/house87.jpg,,,,,,,"702 Capital Ave Annex Room 416B Frankfort, KY 40601",,,,,,,,,,,,,,https://www.twitter.com/ABowlingKY,,,,,,,,,,,,,,,,,,,,,,,,,,
,,,,,,ocd-person/3414197e-5823-4606-8bda-85a7d2b30895,,Adam Koenig,Adam,,Koenig,,,,,Republican,,Incumbent,State House District 69,,,,,,State Representative District 69,Adam.Koenig@lrc.ky.gov,,,,,,https://legislature.ky.gov/Legislators%20Thumbnail%20Images/house69.jpg,,,,,,,"702 Capital Ave Annex Room 367A Frankfort, KY 40601",859-653-5312,,,,,,,,,,,,,https://www.twitter.com/repkoenig,,,,,,,,,,,,,,,,,,,,,,,,,,
,,,,,,ocd-person/dc7699cf-a38a-4669-8d33-915fc706b055,,Adrienne Southworth,Adrienne,,Southworth,,,,,Republican,,Incumbent,State Senate District 7,,,,,,State Senator District 7,Adrienne.Southworth@lrc.ky.gov,,,,,,https://legislature.ky.gov/Legislators%20Thumbnail%20Images/senate107.jpg,,,,,,,"702 Capital Ave Annex Room 253 Frankfort, KY 40601",,,,,,,,,,,,,,https://www.twitter.com/senate7ky,,,,,,,,,,,,,,,,,,,,,,,,,,
,,,,,,ocd-person/dfaa3769-decc-4c1c-9c0b-7195153ab6c8,,Al Gentry,Al,,Gentry,,,,,Democratic,,Incumbent,State House District 46,,,,,,State Representative District 46,Al.Gentry@lrc.ky.gov,,,,,,https://legislature.ky.gov/Legislators%20Thumbnail%20Images/house46.jpg,,,,,,,"702 Capital Ave Annex Room 429G Frankfort, KY 40601",,,,,,,,,,,,,,https://www.twitter.com/kyalgentry,,,,,,,,,,,,,,,,,,,,,,,,,,
,,,,,,ocd-person/ab143215-1511-4d9b-bdd8-dfb298768770,,Alice Forgy Kerr,Alice,Forgy,Kerr,,,,,Republican,,Incumbent,State Senate District 12,,,,,,State Senator District 12,Alice.Kerr@lrc.ky.gov,,,,,,https://legislature.ky.gov/Legislators%20Thumbnail%20Images/senate112.jpg,,,,,,,"702 Capital Ave Annex Room 203 Frankfort, KY 40601",859-223-3274,,,,,,,,,,,,,https://www.twitter.com/aliceforgykerr,,,,,,,,,,,,,,,,,,,,,,,,,,
,,,,,,ocd-person/7fd1a63f-0224-4f73-93da-c13fb4121712,,Angie Hatton,Angie,,Hatton,,,,,Democratic,,Incumbent,State House District 94,,,,,,State Representative District 94,Angie.Hatton@lrc.ky.gov,,,,,,https://legislature.ky.gov/Legislators%20Thumbnail%20Images/house94.jpg,,,,,,,"702 Capital Ave Annex Room 472 Frankfort, KY 40601",,,,,,,,,,,,,,https://www.twitter.com/AngieHatton16,,,,,,,,,,,,,,,,,,,,,,,,,,
,,,,,,ocd-person/6bc2a8c3-3370-4586-b0b7-a5028f336d12,,Ashley Tackett Laferty,Ashley,Tackett,Laferty,,,,,Democratic,,Incumbent,State House District 95,,,,,,State Representative District 95,Ashley.TackettLaferty@lrc.ky.gov,,,,,,https://legislature.ky.gov/Legislators%20Thumbnail%20Images/house95.jpg,,,,,,,"702 Capital Ave Annex Room 429C Frankfort, KY 40601",,,,,,,,,,,,,,,,,,,,,,,,,,,,,,,,,,,,,,,,
,,,,,,ocd-person/81cbf001-e7a3-4b42-a581-e4d8f3c2b524,,Attica Scott,Attica,,Scott,,,,,Democratic,,Incumbent,State House District 41,,,,,,State Representative District 41,Attica.Scott@lrc.ky.gov,,,,,,https://legislature.ky.gov/Legislators%20Thumbnail%20Images/house41.jpg,,,,,,,"702 Capital Ave Annex Room 467 Frankfort, KY 40601",,,,,,,,,,,,,,,,,,,,,,,,,,,,,,,,,,,,,,,,
,,,,,,ocd-person/610ebbad-7dee-4081-948f-775d82ce129b,,Bart Rowland,Bart,,Rowland,,,,,Republican,,Incumbent,State House District 21,,,,,,State Representative District 21,Bart.Rowland@lrc.ky.gov,,,,,,https://legislature.ky.gov/Legislators%20Thumbnail%20Images/house21.jpg,,,,,,,"702 Capital Ave Annex Room 416D Frankfort, KY 40601",,,,,,,,,,,,,,https://www.twitter.com/KYREPROWLAND,,,,,,,,,,,,,,,,,,,,,,,,,,
,,,,,,ocd-person/209d5334-d4a2-45f3-b910-0cd52f96dd4e,,Brandon Smith,Brandon,,Smith,,,,,Republican,,Incumbent,State Senate District 30,,,,,,State Senator District 30,Brandon.Smith@lrc.ky.gov,,,,,,https://legislature.ky.gov/Legislators%20Thumbnail%20Images/senate130.jpg,,,,,,,"702 Capital Ave Annex Room 252 Frankfort, KY 40601",606-436-4526,,,,,,,,,,,,,https://www.twitter.com/Smithkysenate,,,,,,,,,,,,,,,,,,,,,,,,,,
,,,,,,ocd-person/257271f3-68b1-4481-94e5-f98300493413,,Brandon J. Storm,Brandon,J.,Storm,,,,,Republican,,Incumbent,State Senate District 21,,,,,,State Senator District 21,Brandon.Storm@lrc.ky.gov,,,,,,https://legislature.ky.gov/Legislators%20Thumbnail%20Images/senate121.jpg,,,,,,,"702 Capital Ave Annex Room 229 Frankfort, KY 40601",,,,,,,,,,,,,,,,,,,,,,,,,,,,,,,,,,,,,,,,
,,,,,,ocd-person/e89428e8-7f31-45aa-997c-ebcf44937ef2,,Buddy Wheatley,Buddy,,Wheatley,,,,,Democratic,,Incumbent,State House District 65,,,,,,State Representative District 65,Buddy.Wheatley@lrc.ky.gov,,,,,,https://legislature.ky.gov/Legislators%20Thumbnail%20Images/house65.jpg,,,,,,,"702 Capital Ave Annex Room 460 Frankfort, KY 40601",,,,,,,,,,,,,,https://www.twitter.com/buddywheatleyky,,,,,,,,,,,,,,,,,,,,,,,,,,
,,,,,,ocd-person/f34e6e8e-965b-4a71-bf36-115ba55a66e0,,C. Ed Massey,C.,Ed,Massey,,,,,Republican,,Incumbent,State House District 66,,,,,,State Representative District 66,Ed.Massey@lrc.ky.gov,,,,,,https://legislature.ky.gov/Legislators%20Thumbnail%20Images/house66.jpg,,,,,,,"702 Capital Ave Annex Room 313 Frankfort, KY 40601",,,,,,,,,,,,,,https://www.twitter.com/cedmassey,,,,,,,,,,,,,,,,,,,,,,,,,,
,,,,,,ocd-person/3c502d9b-b08c-4a40-97e2-bda82c95e9c0,,C.B. Embry Jr.,C.B.,,Embry,,,Jr.,,Republican,,Incumbent,State Senate District 6,,,,,,State Senator District 6,CB.Embry@lrc.ky.gov,,,,,,https://legislature.ky.gov/Legislators%20Thumbnail%20Images/senate106.jpg,,,,,,,"702 Capital Ave Annex Room 252 Frankfort, KY 40601",270-526-6237,,,,,,,,,,,,,,,,,,,,,,,,,,,,,,,,,,,,,,,
,,,,,,ocd-person/b85d962e-d083-4352-8900-ac4e0ae87c0f,,Chad McCoy,Chad,,McCoy,,,,,Republican,,Incumbent,State House District 50,,,,,,State Representative District 50,Chad.McCoy@lrc.ky.gov,,,,,,https://legislature.ky.gov/Legislators%20Thumbnail%20Images/house50.jpg,,,,,,,"702 Capital Ave Annex Room 370 Frankfort, KY 40601",,,,,,,,,,,,,,https://www.twitter.com/DChadM,,,,,,,,,,,,,,,,,,,,,,,,,,
,,,,,,ocd-person/21df94f4-75d3-45c3-a9bf-224a8278675b,,Cherlynn Stevenson,Cherlynn,,Stevenson,,,,,Democratic,,Incumbent,State House District 88,,,,,,State Representative District 88,Cherlynn.Stevenson@lrc.ky.gov,,,,,,https://legislature.ky.gov/Legislators%20Thumbnail%20Images/house88.jpg,,,,,,,"702 Capital Ave Annex Room 467 Frankfort, KY 40601",,,,,,,,,,,,,,https://www.twitter.com/CherlynnForKy,,,,,,,,,,,,,,,,,,,,,,,,,,
,,,,,,ocd-person/db36edd8-6c2f-4441-aa30-5b4dc48b3357,,Chris Freeland,Chris,,Freeland,,,,,Republican,,Incumbent,State House District 6,,,,,,State Representative District 6,Chris.Freeland@lrc.ky.gov,,,,,,https://legislature.ky.gov/Legislators%20Thumbnail%20Images/house6.jpg,,,,,,,"702 Capital Ave Annex Room 373C Frankfort, KY 40601",,,,,,,,,,,,,,,,,,,,,,,,,,,,,,,,,,,,,,,,
,,,,,,ocd-person/6843e90b-a30a-4dbf-885c-7321ccc8f73f,,Chris Fugate,Chris,,Fugate,,,,,Republican,,Incumbent,State House District 84,,,,,,State Representative District 84,Chris.Fugate@lrc.ky.gov,,,,,,https://legislature.ky.gov/Legislators%20Thumbnail%20Images/house84.jpg,,,,,,,"702 Capital Ave Annex Room 376 Frankfort, KY 40601",606-233-5660,,,,,,,,,,,,,,,,,,,,,,,,,,,,,,,,,,,,,,,
,,,,,,ocd-person/b32a95c9-42ba-449b-8581-97b9cef73c6a,,Christian McDaniel,Christian,,McDaniel,,,,,Republican,,Incumbent,State Senate District 23,,,,,,State Senator District 23,Chris.McDaniel@lrc.ky.gov,,,,,,https://legislature.ky.gov/Legislators%20Thumbnail%20Images/senate123.jpg,,,,,,,"702 Capital Ave Annex Room 204 Frankfort, KY 40601",,,,,,,,,,,,,,https://www.twitter.com/kychrismcdaniel,,,,,,,,,,,,,,,,,,,,,,,,,,
,,,,,,ocd-person/ed9307f1-cd95-4004-9e72-46970ea64adf,,DJ Johnson,DJ,,Johnson,,,,,Republican,,Incumbent,State House District 13,,,,,,State Representative District 13,DJ.Johnson@lrc.ky.gov,,,,,,https://legislature.ky.gov/Legislators%20Thumbnail%20Images/house13.jpg,,,,,,,"702 Capital Ave Annex Room 351C Frankfort, KY 40601",,,,,,,,,,,,,,,,,,,,,,,,,,,,,,,,,,,,,,,,
,,,,,,ocd-person/bb250cb3-f9ac-4d33-bdde-36c4e3bca9d4,,Damon Thayer,Damon,,Thayer,,,,,Republican,,Incumbent,State Senate District 17,,,,,,State Senator District 17,Damon.Thayer@lrc.ky.gov,,,,,,https://legislature.ky.gov/Legislators%20Thumbnail%20Images/senate117.jpg,,,,,,,"702 Capital Ave Annex Room 242 Frankfort, KY 40601",,,,,,,,,,,,,,https://www.twitter.com/damon_thayer,,,,,,,,,,,,,,,,,,,,,,,,,,
,,,,,,ocd-person/d93e2493-49a8-4395-b7e0-5842893344e1,,Daniel Elliott,Daniel,,Elliott,,,,,Republican,,Incumbent,State House District 54,,,,,,State Representative District 54,Daniel.Elliott@lrc.ky.gov,,,,,,https://legislature.ky.gov/Legislators%20Thumbnail%20Images/house54.jpg,,,,,,,"702 Capital Ave Annex Room 357B Frankfort, KY 40601",,,,,,,,,,,,,,,,,,,,,,,,,,,,,,,,,,,,,,,,
,,,,,,ocd-person/c88c6162-de24-4d8b-98a9-f1788390d043,,Daniel Fister,Daniel,,Fister,,,,,Republican,,Incumbent,State House District 56,,,,,,State Representative District 56,Daniel.Fister@lrc.ky.gov,,,,,,https://legislature.ky.gov/Legislators%20Thumbnail%20Images/house56.jpg,,,,,,,"702 Capital Ave Annex Room 424D Frankfort, KY 40601",,,,,,,,,,,,,,,,,,,,,,,,,,,,,,,,,,,,,,,,
,,,,,,ocd-person/0ec7d376-4235-44e7-a6d7-d63962dff167,,Danny Carroll,Danny,,Carroll,,,,,Republican,,Incumbent,State Senate District 2,,,,,,State Senator District 2,Danny.Carroll@lrc.ky.gov,,,,,,https://legislature.ky.gov/Legislators%20Thumbnail%20Images/senate102.jpg,,,,,,,"702 Capital Ave Annex Room 229 Frankfort, KY 40601",,,,,,,,,,,,,,https://www.twitter.com/dannycarrollky,,,,,,,,,,,,,,,,,,,,,,,,,,
,,,,,,ocd-person/ebd5f90d-e3cc-45ef-97ff-d51ff1685bcc,,David Hale,David,,Hale,,,,,Republican,,Incumbent,State House District 74,,,,,,State Representative District 74,David.Hale@lrc.ky.gov,,,,,,https://legislature.ky.gov/Legislators%20Thumbnail%20Images/house74.jpg,,,,,,,"702 Capital Ave Annex Room 405B Frankfort, KY 40601",,,,,,,,,,,,,,,,,,,,,,,,,,,,,,,,,,,,,,,,
,,,,,,ocd-person/3643503c-1da8-4a57-90f1-54f063b1d25e,,David Meade,David,,Meade,,,,,Republican,,Incumbent,State House District 80,,,,,,State Representative District 80,David.Meade@lrc.ky.gov,,,,,,https://legislature.ky.gov/Legislators%20Thumbnail%20Images/house80.jpg,,,,,,,"702 Capital Ave Annex Room 332C Frankfort, KY 40601",,,,,,,,,,,,,,https://www.twitter.com/DavidMeadeKY,,,,,,,,,,,,,,,,,,,,,,,,,,
,,,,,,ocd-person/5594a97f-7358-427e-af84-43150a21c97e,,David P. Givens,David,P.,Givens,,,,,Republican,,Incumbent,State Senate District 9,,,,,,State Senator District 9,David.Givens@lrc.ky.gov,,,,,,https://legislature.ky.gov/Legislators%20Thumbnail%20Images/senate109.jpg,,,,,,,"702 Capital Ave Annex Room 236 Frankfort, KY 40601",,,,,,,,,,,,,,https://www.twitter.com/kydavidgivens,,,,,,,,,,,,,,,,,,,,,,,,,,
,,,,,,ocd-person/77ce8a4c-90d4-4e54-b1da-ef6796aa71b5,,David Yates,David,,Yates,,,,,Democratic,,Incumbent,State Senate District 37,,,,,,State Senator District 37,David.Yates@lrc.ky.gov,,,,,,https://legislature.ky.gov/Legislators%20Thumbnail%20Images/senate137.jpg,,,,,,,"702 Capital Ave Annex Room 255 Frankfort, KY 40601",,,,,,,,,,,,,,https://www.twitter.com/DavidYates37,,,,,,,,,,,,,,,,,,,,,,,,,,
,,,,,,ocd-person/96ab59e2-44c2-4c3d-ac8a-1ee24acc5b55,,Deanna Frazier Gordon,Deanna,Frazier,Gordon,,,,,Republican,,Incumbent,State House District 81,,,,,,State Representative District 81,Deanna.Gordon@lrc.ky.gov,,,,,,https://legislature.ky.gov/Legislators%20Thumbnail%20Images/house81.jpg,,,,,,,"702 Capital Ave Annex Room 405C Frankfort, KY 40601",,,,,,,,,,,,,,https://www.twitter.com/deanna_ky,,,,,,,,,,,,,,,,,,,,,,,,,,
,,,,,,ocd-person/3b8491a7-53b7-4b69-aac5-110a09c930ad,,Denise Harper Angel,Denise,Harper,Angel,,,,,Democratic,,Incumbent,State Senate District 35,,,,,,State Senator District 35,Denise.HarperAngel@lrc.ky.gov,,,,,,https://legislature.ky.gov/Legislators%20Thumbnail%20Images/senate135.jpg,,,,,,,"702 Capital Ave Annex Room 254 Frankfort, KY 40601",502-452-9130,,,,,,,,,,,,,https://www.twitter.com/KYHarperAngel,,,,,,,,,,,,,,,,,,,,,,,,,,
,,,,,,ocd-person/f8c1bb0f-3e7e-4aa6-a2c2-d891d903fc71,,Dennis Parrett,Dennis,,Parrett,,,,,Democratic,,Incumbent,State Senate District 10,,,,,,State Senator District 10,Dennis.Parrett@lrc.ky.gov,,,,,,https://legislature.ky.gov/Legislators%20Thumbnail%20Images/senate110.jpg,,,,,,,"702 Capital Ave Annex Room 254 Frankfort, KY 40601",270-765-4565,,,,,,,,,,,,,https://www.twitter.com/SenatorParrett,,,,,,,,,,,,,,,,,,,,,,,,,,
,,,,,,ocd-person/60ef609e-8aed-4698-a626-664f536a6122,,Derek Lewis,Derek,,Lewis,,,,,Republican,,Incumbent,State House District 90,,,,,,State Representative District 90,Derek.Lewis@lrc.ky.gov,,,,,,https://legislature.ky.gov/Legislators%20Thumbnail%20Images/house90.jpg,,,,,,,"702 Capital Ave Annex Room 413D Frankfort, KY 40601",,,,,,,,,,,,,,,,,,,,,,,,,,,,,,,,,,,,,,,,
,,,,,,ocd-person/27334d5d-f890-4082-bfbb-3d11af8e3756,,Derrick Graham,Derrick,,Graham,,,,,Democratic,,Incumbent,State House District 57,,,,,,State Representative District 57,Derrick.Graham@lrc.ky.gov,,,,,,https://legislature.ky.gov/Legislators%20Thumbnail%20Images/house57.jpg,,,,,,,"702 Capital Ave Annex Room 472 Frankfort, KY 40601",502-223-1769,,,,,,,,,,,,,,,,,,,,,,,,,,,,,,,,,,,,,,,
,,,,,,ocd-person/4342be62-2791-4d48-b601-43949239cd94,,Felicia Rabourn,Felicia,,Rabourn,,,,,Republican,,Incumbent,State House District 47,,,,,,State Representative District 47,Felicia.Rabourn@lrc.ky.gov,,,,,,https://legislature.ky.gov/Legislators%20Thumbnail%20Images/house47.jpg,,,,,,,"702 Capital Ave Annex Room 405F Frankfort, KY 40601",,,,,,,,,,,,,,,,,,,,,,,,,,,,,,,,,,,,,,,,
,,,,,,ocd-person/bb3e5fee-3bda-4a5d-95ee-dc31ff9defed,,George Brown Jr.,George,,Brown,,,Jr.,,Democratic,,Incumbent,State House District 77,,,,,,State Representative District 77,George.Brown@lrc.ky.gov,,,,,,https://legislature.ky.gov/Legislators%20Thumbnail%20Images/house77.jpg,,,,,,,"702 Capital Ave Annex Room 429D Frankfort, KY 40601",859-312-7513,,,,,,,,,,,,,https://www.twitter.com/GeorgeBrownky77,,,,,,,,,,,,,,,,,,,,,,,,,,
,,,,,,ocd-person/0d92a09c-ce23-46cd-9582-b7d1b08d76dd,,Gerald A. Neal,Gerald,A.,Neal,,,,,Democratic,,Incumbent,State Senate District 33,,,,,,State Senator District 33,Gerald.Neal@lrc.ky.gov,,,,,,https://legislature.ky.gov/Legislators%20Thumbnail%20Images/senate133.jpg,,,,,,,"702 Capital Ave Annex Room 255 Frankfort, KY 40601",502-776-1222,,,,,,,,,,,,,https://www.twitter.com/GeraldNeal33,,,,,,,,,,,,,,,,,,,,,,,,,,
,,,,,,ocd-person/d6c9aa9b-3c6b-411a-bff1-fc1c38d4bce0,,James Tipton,James,,Tipton,,,,,Republican,,Incumbent,State House District 53,,,,,,State Representative District 53,James.Tipton@lrc.ky.gov,,,,,,https://legislature.ky.gov/Legislators%20Thumbnail%20Images/house53.jpg,,,,,,,"702 Capital Ave Annex Room 316B Frankfort, KY 40601",,,,,,,,,,,,,,https://www.twitter.com/JamesATipton,,,,,,,,,,,,,,,,,,,,,,,,,,
,,,,,,ocd-person/a796965c-0c0f-43b2-975b-d9726b34acd8,,Jason Howell,Jason,,Howell,,,,,Republican,,Incumbent,State Senate District 1,,,,,,State Senator District 1,Jason.Howell@lrc.ky.gov,,,,,,https://legislature.ky.gov/Legislators%20Thumbnail%20Images/senate101.jpg,,,,,,,"702 Capital Ave Annex Room 229 Frankfort, KY 40601",,,,,,,,,,,,,,https://www.twitter.com/jasonghowell,,,,,,,,,,,,,,,,,,,,,,,,,,
,,,,,,ocd-person/c56fc398-975e-47b9-919a-fbdd0c9f721d,,Jason Nemes,Jason,,Nemes,,,,,Republican,,Incumbent,State House District 33,,,,,,State Representative District 33,Jason.Nemes@lrc.ky.gov,,,,,,https://legislature.ky.gov/Legislators%20Thumbnail%20Images/house33.jpg,,,,,,,"702 Capital Ave Annex Room 416C Frankfort, KY 40601",,,,,,,,,,,,,,https://www.twitter.com/jmnemes,,,,,,,,,,,,,,,,,,,,,,,,,,
,,,,,,ocd-person/3fac3a9c-78ad-4b24-8483-f1786fac9c9e,,Jason Petrie,Jason,,Petrie,,,,,Republican,,Incumbent,State House District 16,,,,,,State Representative District 16,Jason.Petrie@lrc.ky.gov,,,,,,https://legislature.ky.gov/Legislators%20Thumbnail%20Images/house16.jpg,,,,,,,"702 Capital Ave Annex Room 392 Frankfort, KY 40601",,,,,,,,,,,,,,,,,,,,,,,,,,,,,,,,,,,,,,,,
,,,,,,ocd-person/ab7f41e2-e305-48e8-9071-d96962e7df43,,Jeffery Donohue,Jeffery,,Donohue,,,,,Democratic,,Incumbent,State House District 37,,,,,,State Representative District 37,Jeff.Donohue@lrc.ky.gov,,,,,,https://legislature.ky.gov/Legislators%20Thumbnail%20Images/house37.jpg,,,,,,,"702 Capital Ave Annex Room 451C Frankfort, KY 40601",,,,,,,,,,,,,,,,,,,,,,,,,,,,,,,,,,,,,,,,
,,,,,,ocd-person/2c5c20cc-807b-44c8-a1a9-582fe69ca87c,,Jennifer Decker,Jennifer,,Decker,,,,,Republican,,Incumbent,State House District 58,,,,,,State Representative District 58,Jennifer.Decker@lrc.ky.gov,,,,,,https://legislature.ky.gov/Legislators%20Thumbnail%20Images/house58.jpg,,,,,,,"702 Capital Ave Annex Room 329A Frankfort, KY 40601",,,,,,,,,,,,,,,,,,,,,,,,,,,,,,,,,,,,,,,,
,,,,,,ocd-person/ddf30bed-6cd2-43be-88c6-a252410bf4d0,,Jerry T. Miller,Jerry,T.,Miller,,,,,Republican,,Incumbent,State House District 36,,,,,,State Representative District 36,Jerry.Miller@lrc.ky.gov,,,,,,https://legislature.ky.gov/Legislators%20Thumbnail%20Images/house36.jpg,,,,,,,"702 Capital Ave Annex Room 357B Frankfort, KY 40601",,,,,,,,,,,,,,https://www.twitter.com/JerryTMiller,,,,,,,,,,,,,,,,,,,,,,,,,,
,,,,,,ocd-person/31ac29a7-e44e-4c06-9ca8-cc60648af0d0,,Jim DuPlessis,Jim,,DuPlessis,,,,,Republican,,Incumbent,State House District 25,,,,,,State Representative District 25,Jim.DuPlessis@lrc.ky.gov,,,,,,https://legislature.ky.gov/Legislators%20Thumbnail%20Images/house25.jpg,,,,,,,"702 Capital Ave Annex Room 376 Frankfort, KY 40601",,,,,,,,,,,,,,https://www.twitter.com/JimDuPlessisKy,,,,,,,,,,,,,,,,,,,,,,,,,,
,,,,,,ocd-person/4042b29b-c6bb-407e-856d-9197a03d55ff,,Jimmy Higdon,Jimmy,,Higdon,,,,,Republican,,Incumbent,State Senate District 14,,,,,,State Senator District 14,Jimmy.Higdon@lrc.ky.gov,,,,,,https://legislature.ky.gov/Legislators%20Thumbnail%20Images/senate114.jpg,,,,,,,"702 Capital Ave Annex Room 204 Frankfort, KY 40601",270-692-6945,,,,,,,,,,,,,https://www.twitter.com/SenatorJimmy,,,,,,,,,,,,,,,,,,,,,,,,,,
,,,,,,ocd-person/7cda4251-f26b-4bab-bf88-ed61b947018e,,John Blanton,John,,Blanton,,,,,Republican,,Incumbent,State House District 92,,,,,,State Representative District 92,John.Blanton@lrc.ky.gov,,,,,,https://legislature.ky.gov/Legislators%20Thumbnail%20Images/house92.jpg,,,,,,,"702 Capital Ave Annex Room 329H Frankfort, KY 40601",,,,,,,,,,,,,,https://www.twitter.com/repblanton92,,,,,,,,,,,,,,,,,,,,,,,,,,
,,,,,,ocd-person/1bca305e-0f8d-4ce6-849a-322f7dbecb4b,,John Schickel,John,,Schickel,,,,,Republican,,Incumbent,State Senate District 11,,,,,,State Senator District 11,John.Schickel@lrc.ky.gov,,,,,,https://legislature.ky.gov/Legislators%20Thumbnail%20Images/senate111.jpg,,,,,,,"702 Capital Ave Annex Room 209 Frankfort, KY 40601",,,,,,,,,,,,,,https://www.twitter.com/SenatorSchickel,,,,,,,,,,,,,,,,,,,,,,,,,,
,,,,,,ocd-person/70b716e7-d7d4-4a24-93eb-4b06378bb7fb,,Johnnie Turner,Johnnie,,Turner,,,,,Republican,,Incumbent,State Senate District 29,,,,,,State Senator District 29,Johnnie.Turner@lrc.ky.gov,,,,,,https://legislature.ky.gov/Legislators%20Thumbnail%20Images/senate129.jpg,,,,,,,"702 Capital Ave Annex Room 253 Frankfort, KY 40601",,,,,,,,,,,,,,,,,,,,,,,,,,,,,,,,,,,,,,,,
,,,,,,ocd-person/88d36395-f0ac-4da3-837b-39f5a797e83b,,Jonathan Dixon,Jonathan,,Dixon,,,,,Republican,,Incumbent,State House District 11,,,,,,State Representative District 11,Jonathan.Dixon@lrc.ky.gov,,,,,,https://legislature.ky.gov/Legislators%20Thumbnail%20Images/house11.jpg,,,,,,,"702 Capital Ave Annex Room 413 Frankfort, KY 40601",,,,,,,,,,,,,,,,,,,,,,,,,,,,,,,,,,,,,,,,
,,,,,,ocd-person/f5095840-d06a-4faf-a7dd-76a07c2d709f,,Joni L. Jenkins,Joni,L.,Jenkins,,,,,Democratic,,Incumbent,State House District 44,,,,,,State Representative District 44,Joni.Jenkins@lrc.ky.gov,,,,,,https://legislature.ky.gov/Legislators%20Thumbnail%20Images/house44.jpg,,,,,,,"702 Capital Ave Annex Room 472 Frankfort, KY 40601",502-447-4324,,,,,,,,,,,,,https://www.twitter.com/RepJoniJenkins,,,,,,,,,,,,,,,,,,,,,,,,,,
,,,,,,ocd-person/7f62c255-aeee-4282-8219-efc56dba67c2,,Joseph M. Fischer,Joseph,M.,Fischer,,,,,Republican,,Incumbent,State House District 68,,,,,,State Representative District 68,Joe.Fischer@lrc.ky.gov,,,,,,https://legislature.ky.gov/Legislators%20Thumbnail%20Images/house68.jpg,,,,,,,"702 Capital Ave Annex Room 329D Frankfort, KY 40601",859-781-6965,,,,,,,,,,,,,,,,,,,,,,,,,,,,,,,,,,,,,,,
,,,,,,ocd-person/ff91cf3b-77a1-47b0-81b3-1c18f006349a,,Josh Branscum,Josh,,Branscum,,,,,Republican,,Incumbent,State House District 83,,,,,,State Representative District 83,Josh.Branscum@lrc.ky.gov,,,,,,https://legislature.ky.gov/Legislators%20Thumbnail%20Images/house83.jpg,,,,,,,"702 Capital Ave Annex Room 357C Frankfort, KY 40601",,,,,,,,,,,,,,https://www.twitter.com/BranscumforKY,,,,,,,,,,,,,,,,,,,,,,,,,,
,,,,,,ocd-person/a110d6ba-f17f-4847-b0e9-327c82cd7122,,Josh Bray,Josh,,Bray,,,,,Republican,,Incumbent,State House District 71,,,,,,State Representative District 71,Josh.Bray@lrc.ky.gov,,,,,,https://legislature.ky.gov/Legislators%20Thumbnail%20Images/house71.jpg,,,,,,,"702 Capital Ave Annex Room 413 Frankfort, KY 40601",,,,,,,,,,,,,,https://www.twitter.com/BrayforKy,,,,,,,,,,,,,,,,,,,,,,,,,,
,,,,,,ocd-person/f218fb5a-2336-4f82-b192-acc3893dabdf,,Josh Calloway,Josh,,Calloway,,,,,Republican,,Incumbent,State House District 10,,,,,,State Representative District 10,Josh.Calloway@lrc.ky.gov,,,,,,https://legislature.ky.gov/Legislators%20Thumbnail%20Images/house10.jpg,,,,,,,"702 Capital Ave Annex Room 413 Frankfort, KY 40601",,,,,,,,,,,,,,,,,,,,,,,,,,,,,,,,,,,,,,,,
,,,,,,ocd-person/b45a3156-f662-4884-9c13-b33a4c2d9105,,Karen Berg,Karen,,Berg,,,,,Democratic,,Incumbent,State Senate District 26,,,,,,State Senator District 26,Karen.Berg@lrc.ky.gov,,,,,,https://legislature.ky.gov/Legislators%20Thumbnail%20Images/senate126.jpg,,,,,,,"702 Capital Ave Annex Room 255 Frankfort, KY 40601",,,,,,,,,,,,,,,,,,,,,,,,,,,,,,,,,,,,,,,,
,,,,,,ocd-person/4314c1e2-d58c-434f-8de4-0a7a728aa75f,,Kelly Flood,Kelly,,Flood,,,,,Democratic,,Incumbent,State House District 75,,,,,,State Representative District 75,Kelly.Flood@lrc.ky.gov,,,,,,https://legislature.ky.gov/Legislators%20Thumbnail%20Images/house75.jpg,,,,,,,"702 Capital Ave Annex Room 429 Frankfort, KY 40601",859-221-3107,,,,,,,,,,,,,https://www.twitter.com/kellyflood,,,,,,,,,,,,,,,,,,,,,,,,,,
,,,,,,ocd-person/d7b86c25-2f90-4d8b-a92e-4b4ef5dd0512,,Ken Fleming,Ken,,Fleming,,,,,Republican,,Incumbent,State House District 48,,,,,,State Representative District 48,Ken.Fleming@lrc.ky.gov,,,,,,https://legislature.ky.gov/Legislators%20Thumbnail%20Images/house48.jpg,,,,,,,"702 Capital Ave Annex Room 358B Frankfort, KY 40601",,,,,,,,,,,,,,,,,,,,,,,,,,,,,,,,,,,,,,,,
,,,,,,ocd-person/15b970f1-bd55-4876-80d5-13570b8f1a1a,,Keturah Herron,Keturah,,Herron,,,,,Democratic,,Incumbent,State House District 42,,,,,,State Representative District 42,keturah.herron@lrc.ky.gov,,,,,,https://legislature.ky.gov/Legislators%20Thumbnail%20Images/house42.jpg,,,,,,,"702 Capital Ave Annex Room 429 Frankfort, KY 40601",,,,,,,,,,,,,,,,,,,,,,,,,,,,,,,,,,,,,,,,
,,,,,,ocd-person/035b1122-ff5d-4e14-ac67-60871c5e7fea,,Kevin D. Bratcher,Kevin,D.,Bratcher,,,,,Republican,,Incumbent,State House District 29,,,,,,State Representative District 29,Kevin.Bratcher@lrc.ky.gov,,,,,,https://legislature.ky.gov/Legislators%20Thumbnail%20Images/house29.jpg,,,,,,,"702 Capital Ave Annex Room 402 Frankfort, KY 40601",,,,,,,,,,,,,,https://www.twitter.com/RepBratcherKY,,,,,,,,,,,,,,,,,,,,,,,,,,
,,,,,,ocd-person/60d081e8-3608-4946-85ae-b4940fc5dd05,,Killian Timoney,Killian,,Timoney,,,,,Republican,,Incumbent,State House District 45,,,,,,State Representative District 45,Killian.Timoney@lrc.ky.gov,,,,,,https://legislature.ky.gov/Legislators%20Thumbnail%20Images/house45.jpg,,,,,,,"702 Capital Ave Annex Room 405 Frankfort, KY 40601",,,,,,,,,,,,,,https://www.twitter.com/kykillian,,,,,,,,,,,,,,,,,,,,,,,,,,
,,,,,,ocd-person/27b951aa-c951-4160-9373-721ca3b6a9db,,Kim Banta,Kim,,Banta,,,,,Republican,,Incumbent,State House District 63,,,,,,State Representative District 63,kim.banta@lrc.ky.gov,,,,,,https://legislature.ky.gov/Legislators%20Thumbnail%20Images/house63.jpg,,,,,,,"702 Capital Ave Annex Room 329F Frankfort, KY 40601",,,,,,,,,,,,,,,,,,,,,,,,,,,,,,,,,,,,,,,,
,,,,,,ocd-person/6dd815a4-fc3c-4e79-8cd5-a574d8cf0af8,,Lisa Willner,Lisa,,Willner,,,,,Democratic,,Incumbent,State House District 35,,,,,,State Representative District 35,Lisa.Willner@lrc.ky.gov,,,,,,https://legislature.ky.gov/Legislators%20Thumbnail%20Images/house35.jpg,,,,,,,"702 Capital Ave Annex Room 429I Frankfort, KY 40601",,,,,,,,,,,,,,https://www.twitter.com/lgwillner,,,,,,,,,,,,,,,,,,,,,,,,,,
,,,,,,ocd-person/a061c4f7-4c57-471a-839d-1027098badef,,Lynn Bechler,Lynn,,Bechler,,,,,Republican,,Incumbent,State House District 4,,,,,,State Representative District 4,Lynn.Bechler@lrc.ky.gov,,,,,,https://legislature.ky.gov/Legislators%20Thumbnail%20Images/house4.jpg,,,,,,,"702 Capital Ave Annex Room 316C Frankfort, KY 40601",,,,,,,,,,,,,,https://www.twitter.com/LynnBechler,,,,,,,,,,,,,,,,,,,,,,,,,,
,,,,,,ocd-person/b1a31b02-5d89-42be-97d4-7d08d99161d8,,Mark Hart,Mark,,Hart,,,,,Republican,,Incumbent,State House District 78,,,,,,State Representative District 78,Mark.Hart@lrc.ky.gov,,,,,,https://legislature.ky.gov/Legislators%20Thumbnail%20Images/house78.jpg,,,,,,,"702 Capital Ave Annex Room 316D Frankfort, KY 40601",859-654-4278,,,,,,,,,,,,,,,,,,,,,,,,,,,,,,,,,,,,,,,
,,,,,,ocd-person/ad063b4f-a860-48c3-abfb-18e977a21caf,,Mary Beth Imes,Mary,Beth,Imes,,,,,Republican,,Incumbent,State House District 5,,,,,,State Representative District 5,MaryBeth.Imes@lrc.ky.gov,,,,,,https://legislature.ky.gov/Legislators%20Thumbnail%20Images/house5.jpg,,,,,,,"702 Capital Ave Annex Room 329I Frankfort, KY 40601",,,,,,,,,,,,,,,,,,,,,,,,,,,,,,,,,,,,,,,,
,,,,,,ocd-person/86342422-7a28-4631-b3d7-3912eb444ffd,,Mary Lou Marzian,Mary,Lou,Marzian,,,,,Democratic,,Incumbent,State House District 34,,,,,,State Representative District 34,MaryLou.Marzian@lrc.ky.gov,,,,,,https://legislature.ky.gov/Legislators%20Thumbnail%20Images/house34.jpg,,,,,,,"702 Capital Ave Annex Room 451D Frankfort, KY 40601",502-451-5032,,,,,,,,,,,,,,,,,,,,,,,,,,,,,,,,,,,,,,,
,,,,,,ocd-person/49e35e02-51af-40b7-96c0-031bcc2040de,,Matt Castlen,Matt,,Castlen,,,,,Republican,,Incumbent,State Senate District 8,,,,,,State Senator District 8,Matt.Castlen@lrc.ky.gov,,,,,,https://legislature.ky.gov/Legislators%20Thumbnail%20Images/senate108.jpg,,,,,,,"702 Capital Ave Annex Room 229 Frankfort, KY 40601",,,,,,,,,,,,,,,,,,,,,,,,,,,,,,,,,,,,,,,,
,,,,,,ocd-person/9a6d1b5a-6cb4-421e-b7c2-2cb27cfa4cc9,,Matt Lockett,Matt,,Lockett,,,,,Republican,,Incumbent,State House District 39,,,,,,State Representative District 39,Matt.Lockett@lrc.ky.gov,,,,,,https://legislature.ky.gov/Legislators%20Thumbnail%20Images/house39.jpg,,,,,,,"702 Capital Ave Annex Room 329 Frankfort, KY 40601",,,,,,,,,,,,,,,,,,,,,,,,,,,,,,,,,,,,,,,,
,,,,,,ocd-person/1b8bc567-b895-4fae-8b3f-7a7160ca5138,,Matthew Koch,Matthew,,Koch,,,,,Republican,,Incumbent,State House District 72,,,,,,State Representative District 72,Matthew.Koch@lrc.ky.gov,,,,,,https://legislature.ky.gov/Legislators%20Thumbnail%20Images/house72.jpg,,,,,,,"702 Capital Ave Annex Room 329E Frankfort, KY 40601",,,,,,,,,,,,,,,,,,,,,,,,,,,,,,,,,,,,,,,,
,,,,,,ocd-person/32b5035e-6d1a-44b8-9f7a-4173a1cdb940,,Max Wise,Max,,Wise,,,,,Republican,,Incumbent,State Senate District 16,,,,,,State Senator District 16,Max.Wise@lrc.ky.gov,,,,,,https://legislature.ky.gov/Legislators%20Thumbnail%20Images/senate116.jpg,,,,,,,"702 Capital Ave Annex Room 204 Frankfort, KY 40601",,,,,,,,,,,,,,https://www.twitter.com/maxwellwise,,,,,,,,,,,,,,,,,,,,,,,,,,
,,,,,,ocd-person/b3c48c61-39e6-4414-a07f-ceed047d99ec,,McKenzie Cantrell,McKenzie,,Cantrell,,,,,Democratic,,Incumbent,State House District 38,,,,,,State Representative District 38,McKenzie.Cantrell@lrc.ky.gov,,,,,,https://legislature.ky.gov/Legislators%20Thumbnail%20Images/house38.jpg,,,,,,,"702 Capital Ave Annex Room 457C Frankfort, KY 40601",,,,,,,,,,,,,,,,,,,,,,,,,,,,,,,,,,,,,,,,
,,,,,,ocd-person/70c7ec69-7921-48f5-976d-0f5739ee5c14,,Melinda Gibbons Prunty,Melinda,Gibbons,Prunty,,,,,Republican,,Incumbent,State House District 15,,,,,,State Representative District 15,MelindaGibbons.Prunty@lrc.ky.gov,,,,,,https://legislature.ky.gov/Legislators%20Thumbnail%20Images/house15.jpg,,,,,,,"702 Capital Ave Annex Room 373A Frankfort, KY 40601",,,,,,,,,,,,,,https://www.twitter.com/MelindaPrunty,,,,,,,,,,,,,,,,,,,,,,,,,,
,,,,,,ocd-person/230c230d-7313-4a94-8eb3-60f57a86543c,,Michael J. Nemes,Michael,J.,Nemes,,,,,Republican,,Incumbent,State Senate District 38,,,,,,State Senator District 38,Mike.Nemes@lrc.ky.gov,,,,,,https://legislature.ky.gov/Legislators%20Thumbnail%20Images/senate138.jpg,,,,,,,"702 Capital Ave Annex Room 252 Frankfort, KY 40601",,,,,,,,,,,,,,,,,,,,,,,,,,,,,,,,,,,,,,,,
,,,,,,ocd-person/f013115a-6bbc-48ac-aab4-7949dd902701,,Michael Meredith,Michael,,Meredith,,,,,Republican,,Incumbent,State House District 19,,,,,,State Representative District 19,Michael.Meredith@lrc.ky.gov,,,,,,https://legislature.ky.gov/Legislators%20Thumbnail%20Images/house19.jpg,,,,,,,"702 Capital Ave Annex Room 416A Frankfort, KY 40601",,,,,,,,,,,,,,,,,,,,,,,,,,,,,,,,,,,,,,,,
,,,,,,ocd-person/3e417407-423f-45d3-b18a-c2845cd1ec57,,Michael Sarge Pollock,Michael,Sarge,Pollock,,,,,Republican,,Incumbent,State House District 51,,,,,,State Representative District 51,Michael.Pollock@lrc.ky.gov,,,,,,https://legislature.ky.gov/Legislators%20Thumbnail%20Images/house51.jpg,,,,,,,"702 Capital Ave Annex Room 432A Frankfort, KY 40601",,,,,,,,,,,,,,,,,,,,,,,,,,,,,,,,,,,,,,,,
,,,,,,ocd-person/64af8584-1675-47fd-acfb-1cec59dfdda5,,Mike Wilson,Mike,,Wilson,,,,,Republican,,Incumbent,State Senate District 32,,,,,,State Senator District 32,Mike.Wilson@lrc.ky.gov,,,,,,https://legislature.ky.gov/Legislators%20Thumbnail%20Images/senate132.jpg,,,,,,,"702 Capital Ave Annex Room 242 Frankfort, KY 40601",,,,,,,,,,,,,,https://www.twitter.com/mikewilson2018,,,,,,,,,,,,,,,,,,,,,,,,,,
,,,,,,ocd-person/c6904810-37a8-428d-8342-7831d7dc100c,,Myron Dossett,Myron,,Dossett,,,,,Republican,,Incumbent,State House District 9,,,,,,State Representative District 9,Myron.Dossett@lrc.ky.gov,,,,,,https://legislature.ky.gov/Legislators%20Thumbnail%20Images/house9.jpg,,,,,,,"702 Capital Ave Annex Room 405 Frankfort, KY 40601",270-475-9503,,,,,,,,,,,,,,,,,,,,,,,,,,,,,,,,,,,,,,,
,,,,,,ocd-person/911af3e2-7435-4f82-a477-99cb078ea99b,,Nancy Tate,Nancy,,Tate,,,,,Republican,,Incumbent,State House District 27,,,,,,State Representative District 27,Nancy.Tate@lrc.ky.gov,,,,,,https://legislature.ky.gov/Legislators%20Thumbnail%20Images/house27.jpg,,,,,,,"702 Capital Ave Annex Room 351A Frankfort, KY 40601",,,,,,,,,,,,,,,,,,,,,,,,,,,,,,,,,,,,,,,,
,,,,,,ocd-person/bee3f0dd-450a-41a2-b9b9-e056d0a0f14d,,Nima Kulkarni,Nima,,Kulkarni,,,,,Democratic,,Incumbent,State House District 40,,,,,,State Representative District 40,Nima.Kulkarni@lrc.ky.gov,,,,,,https://legislature.ky.gov/Legislators%20Thumbnail%20Images/house40.jpg,,,,,,,"702 Capital Ave Annex Room 429E Frankfort, KY 40601",,,,,,,,,,,,,,,,,,,,,,,,,,,,,,,,,,,,,,,,
,,,,,,ocd-person/badecd25-27b4-4949-9114-42caef97c35c,,Norma Kirk-McCormick,Norma,,Kirk-McCormick,,,,,Republican,,Incumbent,State House District 93,,,,,,State Representative District 93,Norma.KirkMcCormick@lrc.ky.gov,,,,,,https://legislature.ky.gov/Legislators%20Thumbnail%20Images/house93.jpg,,,,,,,"702 Capital Ave Annex Room 424 Frankfort, KY 40601",,,,,,,,,,,,,,,,,,,,,,,,,,,,,,,,,,,,,,,,
,,,,,,ocd-person/8ae56ea2-3f37-490b-a3dc-0dec9fe85c7c,,Patrick Flannery,Patrick,,Flannery,,,,,Republican,,Incumbent,State House District 96,,,,,,State Representative District 96,Patrick.Flannery@lrc.ky.gov,,,,,,https://legislature.ky.gov/Legislators%20Thumbnail%20Images/house96.jpg,,,,,,,"702 Capital Ave Annex Room 424F Frankfort, KY 40601",,,,,,,,,,,,,,,,,,,,,,,,,,,,,,,,,,,,,,,,
,,,,,,ocd-person/86c48d8d-a98a-4580-8307-7e9b233d04f3,,Patti Minter,Patti,,Minter,,,,,Democratic,,Incumbent,State House District 20,,,,,,State Representative District 20,Patti.Minter@lrc.ky.gov,,,,,,https://legislature.ky.gov/Legislators%20Thumbnail%20Images/house20.jpg,,,,,,,"702 Capital Ave Annex Room 429H Frankfort, KY 40601",,,,,,,,,,,,,,https://www.twitter.com/pattiminter4ky,,,,,,,,,,,,,,,,,,,,,,,,,,
,,,,,,ocd-person/811a7e14-a322-4a51-90a5-8abf21e21e19,,Paul Hornback,Paul,,Hornback,,,,,Republican,,Incumbent,State Senate District 20,,,,,,State Senator District 20,Paul.Hornback@lrc.ky.gov,,,,,,https://legislature.ky.gov/Legislators%20Thumbnail%20Images/senate120.jpg,,,,,,,"702 Capital Ave Annex Room 203 Frankfort, KY 40601",,,,,,,,,,,,,,https://www.twitter.com/HornbackKY,,,,,,,,,,,,,,,,,,,,,,,,,,
,,,,,,ocd-person/18063ded-67cb-46a9-b558-14d5da92b860,,Phillip Wheeler,Phillip,,Wheeler,,,,,Republican,,Incumbent,State Senate District 31,,,,,,State Senator District 31,Phillip.Wheeler@lrc.ky.gov,,,,,,https://legislature.ky.gov/Legislators%20Thumbnail%20Images/senate131.jpg,,,,,,,"702 Capital Ave Annex Room 253 Frankfort, KY 40601",,,,,,,,,,,,,,,,,,,,,,,,,,,,,,,,,,,,,,,,
,,,,,,ocd-person/412e31e1-fc10-4abd-90de-3af87a5b7f4d,,Rachel Roberts,Rachel,,Roberts,,,,,Democratic,,Incumbent,State House District 67,,,,,,State Representative District 67,Rachel.Roberts@lrc.ky.gov,,,,,,https://legislature.ky.gov/Legislators%20Thumbnail%20Images/house67.jpg,,,,,,,"702 Capital Ave Annex Room 460 Frankfort, KY 40601",,,,,,,,,,,,,,https://www.twitter.com/Rachel4KY,,,,,,,,,,,,,,,,,,,,,,,,,,
,,,,,,ocd-person/c2d18e4a-15c9-440c-9bec-f533a03b4235,,Ralph Alvarado,Ralph,,Alvarado,,,,,Republican,,Incumbent,State Senate District 28,,,,,,State Senator District 28,Ralph.Alvarado@lrc.ky.gov,,,,,,https://legislature.ky.gov/Legislators%20Thumbnail%20Images/senate128.jpg,,,,,,,"702 Capital Ave Annex Room 228 Frankfort, KY 40601",,,,,,,,,,,,,,https://www.twitter.com/Alvarado4Senate,,,,,,,,,,,,,,,,,,,,,,,,,,
,,,,,,ocd-person/c033dd77-f8d7-4558-8582-9e0088ae5406,,Randy Bridges,Randy,,Bridges,,,,,Republican,,Incumbent,State House District 3,,,,,,State Representative District 3,Randy.Bridges@lrc.ky.gov,,,,,,https://legislature.ky.gov/Legislators%20Thumbnail%20Images/house3.jpg,,,,,,,"702 Capital Ave Annex Room 329G Frankfort, KY 40601",,,,,,,,,,,,,,,,,,,,,,,,,,,,,,,,,,,,,,,,
,,,,,,ocd-person/570cb11a-56be-4d07-92b7-6a76aaf79279,,Regina Huff,Regina,,Huff,,,,,Republican,,Incumbent,State House District 82,,,,,,State Representative District 82,Regina.Huff@lrc.ky.gov,,,,,,https://legislature.ky.gov/Legislators%20Thumbnail%20Images/house82.jpg,,,,,,,"702 Capital Ave Annex Room 309 Frankfort, KY 40601",606-549-3439,,,,,,,,,,,,,https://www.twitter.com/ReginaHuff82_,,,,,,,,,,,,,,,,,,,,,,,,,,
,,,,,,ocd-person/42b259db-9ddb-4588-a463-b1a38c944c66,,Reginald Thomas,Reginald,,Thomas,,,,,Democratic,,Incumbent,State Senate District 13,,,,,,State Senator District 13,Reginald.Thomas@lrc.ky.gov,,,,,,https://legislature.ky.gov/Legislators%20Thumbnail%20Images/senate113.jpg,,,,,,,"702 Capital Ave Annex Room 254 Frankfort, KY 40601",,,,,,,,,,,,,,https://www.twitter.com/ReggieThomasKY,,,,,,,,,,,,,,,,,,,,,,,,,,
,,,,,,ocd-person/29b248e1-4033-41f6-ba30-136f2aa55045,,Richard White,Richard,,White,,,,,Republican,,Incumbent,State House District 99,,,,,,State Representative District 99,Richard.White@lrc.ky.gov,,,,,,https://legislature.ky.gov/Legislators%20Thumbnail%20Images/house99.jpg,,,,,,,"702 Capital Ave Annex Room 432 Frankfort, KY 40601",,,,,,,,,,,,,,https://www.twitter.com/richard_rep,,,,,,,,,,,,,,,,,,,,,,,,,,
,,,,,,ocd-person/34ed9881-46b8-41ba-b625-3d350140d2b9,,Rick Girdler,Rick,,Girdler,,,,,Republican,,Incumbent,State Senate District 15,,,,,,State Senator District 15,Rick.Girdler@lrc.ky.gov,,,,,,https://legislature.ky.gov/Legislators%20Thumbnail%20Images/senate115.jpg,,,,,,,"702 Capital Ave Annex Room 209 Frankfort, KY 40601",,,,,,,,,,,,,,,,,,,,,,,,,,,,,,,,,,,,,,,,
,,,,,,ocd-person/366daab1-a877-49b9-86b8-e3c497143bf0,,Robby Mills,Robby,,Mills,,,,,Republican,,Incumbent,State Senate District 4,,,,,,State Senator District 4,Robby.Mills@lrc.ky.gov,,,,,,https://legislature.ky.gov/Legislators%20Thumbnail%20Images/senate104.jpg,,,,,,,"702 Capital Ave Annex Room 209 Frankfort, KY 40601",,,,,,,,,,,,,,https://www.twitter.com/robbymillsforky,,,,,,,,,,,,,,,,,,,,,,,,,,
,,,,,,ocd-person/8659c7e3-ec01-4c40-b7ee-d21f37facff5,,Robert Stivers,Robert,,Stivers,,,,,Republican,,Incumbent,State Senate District 25,,,,,,State Senator District 25,Robert.Stivers@lrc.ky.gov,,,,,,https://legislature.ky.gov/Legislators%20Thumbnail%20Images/senate125.jpg,,,,,,,"702 Capital Ave Annex Room 236 Frankfort, KY 40601",606-598-8575,,,,,,,,,,,,,https://www.twitter.com/kysenatepres,,,,,,,,,,,,,,,,,,,,,,,,,,
,,,,,,ocd-person/42990da5-7020-4327-bbd8-496955b00040,,Robin L. Webb,Robin,L.,Webb,,,,,Democratic,,Incumbent,State Senate District 18,,,,,,State Senator District 18,Robin.Webb@lrc.ky.gov,,,,,,https://legislature.ky.gov/Legislators%20Thumbnail%20Images/senate118.jpg,,,,,,,"702 Capital Ave Annex Room 255 Frankfort, KY 40601",606-474-5380,,,,,,,,,,,,,,,,,,,,,,,,,,,,,,,,,,,,,,,
,,,,,,ocd-person/d9335cfd-1606-4b1a-acd8-422f6d7c9e27,,Ruth Ann Palumbo,Ruth,Ann,Palumbo,,,,,Democratic,,Incumbent,State House District 76,,,,,,State Representative District 76,RuthAnn.Palumbo@lrc.ky.gov,,,,,,https://legislature.ky.gov/Legislators%20Thumbnail%20Images/house76.jpg,,,,,,,"702 Capital Ave Annex Room 457B Frankfort, KY 40601",859-299-2597,,,,,,,,,,,,,https://www.twitter.com/ruthannpalumbo,,,,,,,,,,,,,,,,,,,,,,,,,,
,,,,,,ocd-person/718ec3d2-325d-4ddf-b72b-728cea857222,,Ryan Dotson,Ryan,,Dotson,,,,,Republican,,Incumbent,State House District 73,,,,,,State Representative District 73,Ryan.Dotson@lrc.ky.gov,,,,,,https://legislature.ky.gov/Legislators%20Thumbnail%20Images/house73.jpg,,,,,,,"702 Capital Ave Annex Room 432 Frankfort, KY 40601",859-771-3014,,,,,,,,,,,,,,,,,,,,,,,,,,,,,,,,,,,,,,,
,,,,,,ocd-person/5aee67b6-7a3e-4364-9809-013752e6e31e,,Sal Santoro,Sal,,Santoro,,,,,Republican,,Incumbent,State House District 60,,,,,,State Representative District 60,Sal.Santoro@lrc.ky.gov,,,,,,https://legislature.ky.gov/Legislators%20Thumbnail%20Images/house60.jpg,,,,,,,"702 Capital Ave Annex Room 311 Frankfort, KY 40601",,,,,,,,,,,,,,https://www.twitter.com/santoro_sal,,,,,,,,,,,,,,,,,,,,,,,,,,
,,,,,,ocd-person/07773b3f-387f-4e4e-ba79-571940c186f0,,Scott Lewis,Scott,,Lewis,,,,,Republican,,Incumbent,State House District 14,,,,,,State Representative District 14,Scott.Lewis@lrc.ky.gov,,,,,,https://legislature.ky.gov/Legislators%20Thumbnail%20Images/house14.jpg,,,,,,,"702 Capital Ave Annex Room 316A Frankfort, KY 40601",,,,,,,,,,,,,,,,,,,,,,,,,,,,,,,,,,,,,,,,
,,,,,,ocd-person/65469c71-edc2-4c9f-87da-bcf4d3277591,,Scott Sharp,Scott,,Sharp,,,,,Republican,,Incumbent,State House District 100,,,,,,State Representative District 100,Scott.Sharp@lrc.ky.gov,,,,,,https://legislature.ky.gov/Legislators%20Thumbnail%20Images/house100.jpg,,,,,,,"702 Capital Ave Annex Room 424 Frankfort, KY 40601",,,,,,,,,,,,,,,,,,,,,,,,,,,,,,,,,,,,,,,,
,,,,,,ocd-person/2eab3a78-154d-43cd-8278-73ad2e166b08,,Shane Baker,Shane,,Baker,,,,,Republican,,Incumbent,State House District 85,,,,,,State Representative District 85,Shane.Baker@lrc.ky.gov,,,,,,https://legislature.ky.gov/Legislators%20Thumbnail%20Images/house85.jpg,,,,,,,"702 Capital Ave Annex Room 432B Frankfort, KY 40601",,,,,,,,,,,,,,,,,,,,,,,,,,,,,,,,,,,,,,,,
,,,,,,ocd-person/5a327e3b-ae91-4279-ae17-9214aad32fa9,,Shawn McPherson,Shawn,,McPherson,,,,,Republican,,Incumbent,State House District 22,,,,,,State Representative District 22,Shawn.McPherson@lrc.ky.gov,,,,,,https://legislature.ky.gov/Legislators%20Thumbnail%20Images/house22.jpg,,,,,,,"702 Capital Ave Annex Room 405 Frankfort, KY 40601",,,,,,,,,,,,,,,,,,,,,,,,,,,,,,,,,,,,,,,,
,,,,,,ocd-person/8915acb8-6089-451f-be08-c79b0be59c40,,Stephen Meredith,Stephen,,Meredith,,,,,Republican,,Incumbent,State Senate District 5,,,,,,State Senator District 5,Stephen.Meredith@lrc.ky.gov,,,,,,https://legislature.ky.gov/Legislators%20Thumbnail%20Images/senate105.jpg,,,,,,,"702 Capital Ave Annex Room 229 Frankfort, KY 40601",,,,,,,,,,,,,,,,,,,,,,,,,,,,,,,,,,,,,,,,
,,,,,,ocd-person/1f3bbab4-2be0-496c-9c3b-b8f340f6b404,,Stephen West,Stephen,,West,,,,,Republican,,Incumbent,State Senate District 27,,,,,,State Senator District 27,Steve.West@lrc.ky.gov,,,,,,https://legislature.ky.gov/Legislators%20Thumbnail%20Images/senate127.jpg,,,,,,,"702 Capital Ave Annex Room 228 Frankfort, KY 40601",,,,,,,,,,,,,,https://www.twitter.com/SteveWestKY,,,,,,,,,,,,,,,,,,,,,,,,,,
,,,,,,ocd-person/817df40b-8e76-460d-81cf-63277866268a,,Steve Riley,Steve,,Riley,,,,,Republican,,Incumbent,State House District 23,,,,,,State Representative District 23,Steve.Riley@lrc.ky.gov,,,,,,https://legislature.ky.gov/Legislators%20Thumbnail%20Images/house23.jpg,,,,,,,"702 Capital Ave Annex Room 358 Frankfort, KY 40601",,,,,,,,,,,,,,,,,,,,,,,,,,,,,,,,,,,,,,,,
,,,,,,ocd-person/183ef142-5b20-42cb-a128-99f7d1f738db,,Steve Sheldon,Steve,,Sheldon,,,,,Republican,,Incumbent,State House District 17,,,,,,State Representative District 17,Steve.Sheldon@lrc.ky.gov,,,,,,https://legislature.ky.gov/Legislators%20Thumbnail%20Images/house17.jpg,,,,,,,"702 Capital Ave Annex Room 351B Frankfort, KY 40601",,,,,,,,,,,,,,https://www.twitter.com/stevesheldonky,,,,,,,,,,,,,,,,,,,,,,,,,,
,,,,,,ocd-person/6a2d83cc-b459-431b-8103-a28bbcede9b8,,Susan Westrom,Susan,,Westrom,,,,,Democratic,,Incumbent,State House District 79,,,,,,State Representative District 79,Susan.Westrom@lrc.ky.gov,,,,,,https://legislature.ky.gov/Legislators%20Thumbnail%20Images/house79.jpg,,,,,,,"702 Capital Ave Annex Room 451A Frankfort, KY 40601",,,,,,,,,,,,,,https://www.twitter.com/repwestrom,,,,,,,,,,,,,,,,,,,,,,,,,,
,,,,,,ocd-person/92576283-508e-4613-b1a0-3d227edf4068,,Suzanne Miles,Suzanne,,Miles,,,,,Republican,,Incumbent,State House District 7,,,,,,State Representative District 7,Suzanne.Miles@lrc.ky.gov,,,,,,https://legislature.ky.gov/Legislators%20Thumbnail%20Images/house7.jpg,,,,,,,"702 Capital Ave Annex Room 370 Frankfort, KY 40601",,,,,,,,,,,,,,https://www.twitter.com/MilesForKY,,,,,,,,,,,,,,,,,,,,,,,,,,
,,,,,,ocd-person/7d2b01df-9356-4eaa-923f-144e3f229860,,Thomas Huff,Thomas,,Huff,,,,,Republican,,Incumbent,State House District 49,,,,,,State Representative District 49,Thomas.Huff@lrc.ky.gov,,,,,,https://legislature.ky.gov/Legislators%20Thumbnail%20Images/house49.jpg,,,,,,,"702 Capital Ave Annex Room 358A Frankfort, KY 40601",,,,,,,,,,,,,,,,,,,,,,,,,,,,,,,,,,,,,,,,
,,,,,,ocd-person/b2834b48-3186-4fbd-aa3e-daa1d38fa308,,Timmy Truett,Timmy,,Truett,,,,,Republican,,Incumbent,State House District 89,,,,,,State Representative District 89,Timmy.Truett@lrc.ky.gov,,,,,,https://legislature.ky.gov/Legislators%20Thumbnail%20Images/house89.jpg,,,,,,,"702 Capital Ave Annex Room 424C Frankfort, KY 40601",,,,,,,,,,,,,,,,,,,,,,,,,,,,,,,,,,,,,,,,
,,,,,,ocd-person/77db7bcf-dfa8-4365-bb3a-4ca0351a8368,,Tina Bojanowski,Tina,,Bojanowski,,,,,Democratic,,Incumbent,State House District 32,,,,,,State Representative District 32,Tina.Bojanowski@lrc.ky.gov,,,,,,https://legislature.ky.gov/Legislators%20Thumbnail%20Images/house32.jpg,,,,,,,"702 Capital Ave Annex Room 451E Frankfort, KY 40601",,,,,,,,,,,,,,https://www.twitter.com/tinaforkentucky,,,,,,,,,,,,,,,,,,,,,,,,,,
,,,,,,ocd-person/15e09c06-c5fa-4bfe-820f-f53fbabd1565,,Tom Burch,Tom,,Burch,,,,,Democratic,,Incumbent,State House District 30,,,,,,State Representative District 30,Tom.Burch@lrc.ky.gov,,,,,,https://legislature.ky.gov/Legislators%20Thumbnail%20Images/house30.jpg,,,,,,,"702 Capital Ave Annex Room 457C Frankfort, KY 40601",502-454-4002,,,,,,,,,,,,,https://www.twitter.com/RepBurch,,,,,,,,,,,,,,,,,,,,,,,,,,
,,,,,,ocd-person/f81a2d15-a4d9-4a66-97bb-31304fcb7eab,,Whitney Westerfield,Whitney,,Westerfield,,,,,Republican,,Incumbent,State Senate District 3,,,,,,State Senator District 3,Whitney.Westerfield@lrc.ky.gov,,,,,,https://legislature.ky.gov/Legislators%20Thumbnail%20Images/senate103.jpg,,,,,,,"702 Capital Ave Annex Room 228 Frankfort, KY 40601",,,,,,,,,,,,,,https://www.twitter.com/KyWhitney,,,,,,,,,,,,,,,,,,,,,,,,,,
,,,,,,ocd-person/40b94262-4365-4d5a-8add-d18dc6f96624,,Wil Schroder,Wil,,Schroder,,,,,Republican,,Incumbent,State Senate District 24,,,,,,State Senator District 24,Wil.Schroder@lrc.ky.gov,,,,,,https://legislature.ky.gov/Legislators%20Thumbnail%20Images/senate124.jpg,,,,,,,"702 Capital Ave Annex Room 209 Frankfort, KY 40601",,,,,,,,,,,,,,https://www.twitter.com/WilSchroder,,,,,,,,,,,,,,,,,,,,,,,,,,
,,,,,,ocd-person/3d3b33bc-8852-48fe-90cf-42ce9551424c,,William Lawrence,William,,Lawrence,,,,,Republican,,Incumbent,State House District 70,,,,,,State Representative District 70,William.Lawrence@lrc.ky.gov,,,,,,https://legislature.ky.gov/Legislators%20Thumbnail%20Images/house70.jpg,,,,,,,"702 Capital Ave Annex Room 424 Frankfort, KY 40601",,,,,,,,,,,,,,,,,,,,,,,,,,,,,,,,,,,,,,,,
,,H6KY01110,,,ocd-division/country:us/state:ky/cd:1,,,James Comer,James,,Comer,,,,Representative,Republican Party,KY,Incumbent,Kentucky District 1,,,Male,,,U.S. House Kentucky District 1,,,,,1972-08-19,,,,https://comer.house.gov,,2410 Rayburn House Office Building,202-225-3115,,,,,,,,,,,,,,https://www.twitter.com/RepJamesComer,,,,,,,,,https://www.facebook.com/congressmancomer,,,,,,,,,76619,412676,35169,,,21565,,/m/0j65cf0,,https://api.propublica.org/congress/v1/members/C001108.json,
,,H8KY02031,,,ocd-division/country:us/state:ky/cd:2,,,Brett Guthrie,Brett,,Guthrie,,,,Representative,Republican Party,KY,Incumbent,Kentucky District 2,,,Male,,,U.S. House Kentucky District 2,,,,,1964-02-18,,,,https://guthrie.house.gov,,2434 Rayburn House Office Building,202-225-3501,,,,,,,,,,,,,,https://www.twitter.com/RepGuthrie,,,https://www.youtube.com/c/BrettGuthrie,,,,,,https://www.facebook.com/CongressmanGuthrie,,,,,,,,,1031343,412278,18829,,,20916,,/m/0411qqt,,https://api.propublica.org/congress/v1/members/G000558.json,
,,H6KY03124,,,ocd-division/country:us/state:ky/cd:3,,,John Yarmuth,John,,Yarmuth,,,,Representative,Democratic Party,KY,Incumbent,Kentucky District 3,,,Male,,,U.S. House Kentucky District 3,,,,,1947-11-04,,,,https://yarmuth.house.gov,,402 Cannon House Office Building,202-225-5401,,,,,,,,,,,,,,https://www.twitter.com/RepJohnYarmuth,,,https://www.youtube.com/c/RepJohnYarmuth,,,,,,https://www.facebook.com/214258646163,,,,,,https://yarmuth.house.gov/rss.xml,,,1021662,412211,58579,,,20723,,/m/0bb00g,,https://api.propublica.org/congress/v1/members/Y000062.json,
,,S2KY00012,,,ocd-division/country:us/state:ky,,,Mitch McConnell,Mitch,,McConnell,,,,"Senator, 2nd Class",Republican Party,KY,Incumbent,Kentucky,,,Male,,,U.S. House Kentucky,,,,,1942-02-20,,,,https://www.mcconnell.senate.gov,,317 Russell Senate Office Building,202-224-2541,,,,,http://www.mcconnell.senate.gov/public/index.cfm?p=contact,,,,,,,,,https://www.twitter.com/McConnellPress,,,,,,,,,https://www.facebook.com/mitchmcconnell,,,,,,https://www.mcconnell.senate.gov/public/?a=RSS.Feed,,S174,2351,300072,53298,,,14921,,/m/01z6ls,,https://api.propublica.org/congress/v1/members/M000355.json,
